2025-11-28 16:42:26 [background-preinit] INFO  o.h.validator.internal.util.Version - HV000001: Hibernate Validator 8.0.2.Final
2025-11-28 16:42:26 [restartedMain] TRACE o.s.b.f.s.DefaultListableBeanFactory - Registering scope 'restart' with implementation [org.springframework.boot.devtools.restart.RestartScopeInitializer$RestartScope@4f0bfba8]
2025-11-28 16:42:27 [restartedMain] INFO  m.s.MovieRecommendationSystemApplication - Starting MovieRecommendationSystemApplication using Java 17.0.16 with PID 352944 (/home/pratham/Documents/workspace-spring-tool-suite-4-4.27.0.RELEASE/Movie_Recommendation_System/target/classes started by pratham in /home/pratham/Documents/workspace-spring-tool-suite-4-4.27.0.RELEASE/Movie_Recommendation_System)
2025-11-28 16:42:27 [restartedMain] INFO  m.s.MovieRecommendationSystemApplication - No active profile set, falling back to 1 default profile: "default"
2025-11-28 16:42:27 [restartedMain] INFO  o.s.b.d.e.DevToolsPropertyDefaultsPostProcessor - Devtools property defaults active! Set 'spring.devtools.add-properties' to 'false' to disable
2025-11-28 16:42:27 [restartedMain] INFO  o.s.b.d.e.DevToolsPropertyDefaultsPostProcessor - For additional web related logging consider setting the 'logging.level.web' property to 'DEBUG'
2025-11-28 16:42:27 [restartedMain] TRACE o.s.b.f.s.DefaultListableBeanFactory - Registering scope 'request' with implementation [org.springframework.web.context.request.RequestScope@2a775712]
2025-11-28 16:42:27 [restartedMain] TRACE o.s.b.f.s.DefaultListableBeanFactory - Registering scope 'session' with implementation [org.springframework.web.context.request.SessionScope@3017b612]
2025-11-28 16:42:27 [restartedMain] DEBUG o.s.b.f.s.DefaultListableBeanFactory - Creating shared instance of singleton bean 'org.springframework.context.annotation.internalConfigurationAnnotationProcessor'
2025-11-28 16:42:27 [restartedMain] TRACE o.s.b.f.s.DefaultListableBeanFactory - Creating instance of bean 'org.springframework.context.annotation.internalConfigurationAnnotationProcessor'
2025-11-28 16:42:27 [restartedMain] DEBUG o.s.b.f.s.DefaultListableBeanFactory - Creating shared instance of singleton bean 'org.springframework.boot.autoconfigure.internalCachingMetadataReaderFactory'
2025-11-28 16:42:27 [restartedMain] TRACE o.s.b.f.s.DefaultListableBeanFactory - Creating instance of bean 'org.springframework.boot.autoconfigure.internalCachingMetadataReaderFactory'
2025-11-28 16:42:27 [restartedMain] TRACE o.s.b.f.s.DefaultListableBeanFactory - Finished creating instance of bean 'org.springframework.boot.autoconfigure.internalCachingMetadataReaderFactory'
2025-11-28 16:42:27 [restartedMain] TRACE o.s.b.f.s.DefaultListableBeanFactory - Finished creating instance of bean 'org.springframework.context.annotation.internalConfigurationAnnotationProcessor'
2025-11-28 16:42:27 [restartedMain] TRACE o.s.b.f.s.DefaultListableBeanFactory - Returning cached instance of singleton bean 'autoConfigurationReport'
2025-11-28 16:42:27 [restartedMain] TRACE o.s.b.f.s.DefaultListableBeanFactory - Returning cached instance of singleton bean 'autoConfigurationReport'
2025-11-28 16:42:27 [restartedMain] TRACE o.s.b.f.s.DefaultListableBeanFactory - Returning cached instance of singleton bean 'autoConfigurationReport'
2025-11-28 16:42:27 [restartedMain] TRACE o.s.b.f.s.DefaultListableBeanFactory - Returning cached instance of singleton bean 'autoConfigurationReport'
2025-11-28 16:42:27 [restartedMain] TRACE o.s.b.f.s.DefaultListableBeanFactory - Returning cached instance of singleton bean 'org.springframework.boot.autoconfigure.internalCachingMetadataReaderFactory'
2025-11-28 16:42:27 [restartedMain] TRACE o.s.b.f.s.DefaultListableBeanFactory - Returning cached instance of singleton bean 'autoConfigurationReport'
2025-11-28 16:42:27 [restartedMain] TRACE o.s.b.f.s.DefaultListableBeanFactory - Returning cached instance of singleton bean 'autoConfigurationReport'
2025-11-28 16:42:27 [restartedMain] TRACE o.s.b.f.s.DefaultListableBeanFactory - Returning cached instance of singleton bean 'autoConfigurationReport'
2025-11-28 16:42:27 [restartedMain] TRACE o.s.b.f.s.DefaultListableBeanFactory - Returning cached instance of singleton bean 'autoConfigurationReport'
2025-11-28 16:42:27 [restartedMain] TRACE o.s.b.f.s.DefaultListableBeanFactory - Returning cached instance of singleton bean 'autoConfigurationReport'
2025-11-28 16:42:27 [restartedMain] TRACE o.s.b.f.s.DefaultListableBeanFactory - Returning cached instance of singleton bean 'autoConfigurationReport'
2025-11-28 16:42:27 [restartedMain] TRACE o.s.b.f.s.DefaultListableBeanFactory - Returning cached instance of singleton bean 'autoConfigurationReport'
2025-11-28 16:42:27 [restartedMain] TRACE o.s.b.f.s.DefaultListableBeanFactory - Returning cached instance of singleton bean 'autoConfigurationReport'
2025-11-28 16:42:27 [restartedMain] TRACE o.s.b.f.s.DefaultListableBeanFactory - Returning cached instance of singleton bean 'autoConfigurationReport'
2025-11-28 16:42:27 [restartedMain] TRACE o.s.b.f.s.DefaultListableBeanFactory - Returning cached instance of singleton bean 'autoConfigurationReport'
2025-11-28 16:42:27 [restartedMain] TRACE o.s.b.f.s.DefaultListableBeanFactory - Returning cached instance of singleton bean 'autoConfigurationReport'
2025-11-28 16:42:27 [restartedMain] TRACE o.s.b.f.s.DefaultListableBeanFactory - Returning cached instance of singleton bean 'autoConfigurationReport'
2025-11-28 16:42:27 [restartedMain] TRACE o.s.b.f.s.DefaultListableBeanFactory - Returning cached instance of singleton bean 'autoConfigurationReport'
2025-11-28 16:42:27 [restartedMain] TRACE o.s.b.f.s.DefaultListableBeanFactory - Returning cached instance of singleton bean 'autoConfigurationReport'
2025-11-28 16:42:27 [restartedMain] TRACE o.s.b.f.s.DefaultListableBeanFactory - Returning cached instance of singleton bean 'autoConfigurationReport'
2025-11-28 16:42:27 [restartedMain] TRACE o.s.b.f.s.DefaultListableBeanFactory - Returning cached instance of singleton bean 'autoConfigurationReport'
2025-11-28 16:42:27 [restartedMain] TRACE o.s.b.f.s.DefaultListableBeanFactory - Returning cached instance of singleton bean 'autoConfigurationReport'
2025-11-28 16:42:27 [restartedMain] TRACE o.s.b.f.s.DefaultListableBeanFactory - Returning cached instance of singleton bean 'autoConfigurationReport'
2025-11-28 16:42:27 [restartedMain] TRACE o.s.b.f.s.DefaultListableBeanFactory - Returning cached instance of singleton bean 'autoConfigurationReport'
2025-11-28 16:42:27 [restartedMain] TRACE o.s.b.f.s.DefaultListableBeanFactory - Returning cached instance of singleton bean 'autoConfigurationReport'
2025-11-28 16:42:27 [restartedMain] TRACE o.s.b.f.s.DefaultListableBeanFactory - Returning cached instance of singleton bean 'autoConfigurationReport'
2025-11-28 16:42:27 [restartedMain] TRACE o.s.b.f.s.DefaultListableBeanFactory - Returning cached instance of singleton bean 'autoConfigurationReport'
2025-11-28 16:42:27 [restartedMain] TRACE o.s.b.f.s.DefaultListableBeanFactory - Returning cached instance of singleton bean 'autoConfigurationReport'
2025-11-28 16:42:27 [restartedMain] TRACE o.s.b.f.s.DefaultListableBeanFactory - Returning cached instance of singleton bean 'autoConfigurationReport'
2025-11-28 16:42:27 [restartedMain] TRACE o.s.b.f.s.DefaultListableBeanFactory - Returning cached instance of singleton bean 'autoConfigurationReport'
2025-11-28 16:42:27 [restartedMain] TRACE o.s.b.f.s.DefaultListableBeanFactory - Returning cached instance of singleton bean 'autoConfigurationReport'
2025-11-28 16:42:27 [restartedMain] TRACE o.s.b.f.s.DefaultListableBeanFactory - Returning cached instance of singleton bean 'autoConfigurationReport'
2025-11-28 16:42:27 [restartedMain] TRACE o.s.b.f.s.DefaultListableBeanFactory - Returning cached instance of singleton bean 'autoConfigurationReport'
2025-11-28 16:42:27 [restartedMain] TRACE o.s.b.f.s.DefaultListableBeanFactory - Returning cached instance of singleton bean 'autoConfigurationReport'
2025-11-28 16:42:27 [restartedMain] TRACE o.s.b.f.s.DefaultListableBeanFactory - Returning cached instance of singleton bean 'autoConfigurationReport'
2025-11-28 16:42:27 [restartedMain] TRACE o.s.b.f.s.DefaultListableBeanFactory - Returning cached instance of singleton bean 'autoConfigurationReport'
2025-11-28 16:42:27 [restartedMain] TRACE o.s.b.f.s.DefaultListableBeanFactory - Returning cached instance of singleton bean 'autoConfigurationReport'
2025-11-28 16:42:27 [restartedMain] TRACE o.s.b.f.s.DefaultListableBeanFactory - Returning cached instance of singleton bean 'autoConfigurationReport'
2025-11-28 16:42:27 [restartedMain] TRACE o.s.b.f.s.DefaultListableBeanFactory - Returning cached instance of singleton bean 'autoConfigurationReport'
2025-11-28 16:42:27 [restartedMain] TRACE o.s.b.f.s.DefaultListableBeanFactory - Returning cached instance of singleton bean 'autoConfigurationReport'
2025-11-28 16:42:27 [restartedMain] TRACE o.s.b.f.s.DefaultListableBeanFactory - Returning cached instance of singleton bean 'autoConfigurationReport'
2025-11-28 16:42:27 [restartedMain] TRACE o.s.b.f.s.DefaultListableBeanFactory - Returning cached instance of singleton bean 'autoConfigurationReport'
2025-11-28 16:42:27 [restartedMain] TRACE o.s.b.f.s.DefaultListableBeanFactory - Returning cached instance of singleton bean 'autoConfigurationReport'
2025-11-28 16:42:27 [restartedMain] TRACE o.s.b.f.s.DefaultListableBeanFactory - Returning cached instance of singleton bean 'autoConfigurationReport'
2025-11-28 16:42:27 [restartedMain] TRACE o.s.b.f.s.DefaultListableBeanFactory - Returning cached instance of singleton bean 'autoConfigurationReport'
2025-11-28 16:42:27 [restartedMain] TRACE o.s.b.f.s.DefaultListableBeanFactory - Returning cached instance of singleton bean 'autoConfigurationReport'
2025-11-28 16:42:27 [restartedMain] TRACE o.s.b.f.s.DefaultListableBeanFactory - Returning cached instance of singleton bean 'autoConfigurationReport'
2025-11-28 16:42:27 [restartedMain] TRACE o.s.b.f.s.DefaultListableBeanFactory - Returning cached instance of singleton bean 'autoConfigurationReport'
2025-11-28 16:42:27 [restartedMain] TRACE o.s.b.f.s.DefaultListableBeanFactory - Returning cached instance of singleton bean 'autoConfigurationReport'
2025-11-28 16:42:27 [restartedMain] TRACE o.s.b.f.s.DefaultListableBeanFactory - Returning cached instance of singleton bean 'autoConfigurationReport'
2025-11-28 16:42:27 [restartedMain] TRACE o.s.b.f.s.DefaultListableBeanFactory - Returning cached instance of singleton bean 'autoConfigurationReport'
2025-11-28 16:42:27 [restartedMain] TRACE o.s.b.f.s.DefaultListableBeanFactory - Returning cached instance of singleton bean 'autoConfigurationReport'
2025-11-28 16:42:27 [restartedMain] TRACE o.s.b.f.s.DefaultListableBeanFactory - Returning cached instance of singleton bean 'autoConfigurationReport'
2025-11-28 16:42:27 [restartedMain] TRACE o.s.b.f.s.DefaultListableBeanFactory - Returning cached instance of singleton bean 'autoConfigurationReport'
2025-11-28 16:42:27 [restartedMain] TRACE o.s.b.f.s.DefaultListableBeanFactory - Returning cached instance of singleton bean 'autoConfigurationReport'
2025-11-28 16:42:27 [restartedMain] TRACE o.s.b.f.s.DefaultListableBeanFactory - Returning cached instance of singleton bean 'autoConfigurationReport'
2025-11-28 16:42:27 [restartedMain] TRACE o.s.b.f.s.DefaultListableBeanFactory - Returning cached instance of singleton bean 'autoConfigurationReport'
2025-11-28 16:42:27 [restartedMain] TRACE o.s.b.f.s.DefaultListableBeanFactory - Returning cached instance of singleton bean 'autoConfigurationReport'
2025-11-28 16:42:27 [restartedMain] TRACE o.s.b.f.s.DefaultListableBeanFactory - Returning cached instance of singleton bean 'autoConfigurationReport'
2025-11-28 16:42:27 [restartedMain] TRACE o.s.b.f.s.DefaultListableBeanFactory - Returning cached instance of singleton bean 'autoConfigurationReport'
2025-11-28 16:42:27 [restartedMain] TRACE o.s.b.f.s.DefaultListableBeanFactory - Returning cached instance of singleton bean 'autoConfigurationReport'
2025-11-28 16:42:27 [restartedMain] TRACE o.s.b.f.s.DefaultListableBeanFactory - Returning cached instance of singleton bean 'autoConfigurationReport'
2025-11-28 16:42:27 [restartedMain] TRACE o.s.b.f.s.DefaultListableBeanFactory - Returning cached instance of singleton bean 'autoConfigurationReport'
2025-11-28 16:42:27 [restartedMain] TRACE o.s.b.f.s.DefaultListableBeanFactory - Returning cached instance of singleton bean 'autoConfigurationReport'
2025-11-28 16:42:27 [restartedMain] TRACE o.s.b.f.s.DefaultListableBeanFactory - Returning cached instance of singleton bean 'autoConfigurationReport'
2025-11-28 16:42:27 [restartedMain] TRACE o.s.b.f.s.DefaultListableBeanFactory - Returning cached instance of singleton bean 'autoConfigurationReport'
2025-11-28 16:42:27 [restartedMain] TRACE o.s.b.f.s.DefaultListableBeanFactory - Returning cached instance of singleton bean 'autoConfigurationReport'
2025-11-28 16:42:27 [restartedMain] TRACE o.s.b.f.s.DefaultListableBeanFactory - Returning cached instance of singleton bean 'autoConfigurationReport'
2025-11-28 16:42:27 [restartedMain] TRACE o.s.b.f.s.DefaultListableBeanFactory - Returning cached instance of singleton bean 'autoConfigurationReport'
2025-11-28 16:42:27 [restartedMain] TRACE o.s.b.f.s.DefaultListableBeanFactory - Returning cached instance of singleton bean 'autoConfigurationReport'
2025-11-28 16:42:27 [restartedMain] TRACE o.s.b.f.s.DefaultListableBeanFactory - Returning cached instance of singleton bean 'autoConfigurationReport'
2025-11-28 16:42:27 [restartedMain] TRACE o.s.b.f.s.DefaultListableBeanFactory - Returning cached instance of singleton bean 'autoConfigurationReport'
2025-11-28 16:42:27 [restartedMain] TRACE o.s.b.f.s.DefaultListableBeanFactory - Returning cached instance of singleton bean 'autoConfigurationReport'
2025-11-28 16:42:27 [restartedMain] TRACE o.s.b.f.s.DefaultListableBeanFactory - Returning cached instance of singleton bean 'autoConfigurationReport'
2025-11-28 16:42:27 [restartedMain] TRACE o.s.b.f.s.DefaultListableBeanFactory - Returning cached instance of singleton bean 'autoConfigurationReport'
2025-11-28 16:42:27 [restartedMain] TRACE o.s.b.f.s.DefaultListableBeanFactory - Returning cached instance of singleton bean 'autoConfigurationReport'
2025-11-28 16:42:27 [restartedMain] TRACE o.s.b.f.s.DefaultListableBeanFactory - Returning cached instance of singleton bean 'autoConfigurationReport'
2025-11-28 16:42:27 [restartedMain] TRACE o.s.b.f.s.DefaultListableBeanFactory - Returning cached instance of singleton bean 'autoConfigurationReport'
2025-11-28 16:42:27 [restartedMain] TRACE o.s.b.f.s.DefaultListableBeanFactory - Returning cached instance of singleton bean 'autoConfigurationReport'
2025-11-28 16:42:27 [restartedMain] TRACE o.s.b.f.s.DefaultListableBeanFactory - Returning cached instance of singleton bean 'autoConfigurationReport'
2025-11-28 16:42:27 [restartedMain] TRACE o.s.b.f.s.DefaultListableBeanFactory - Returning cached instance of singleton bean 'autoConfigurationReport'
2025-11-28 16:42:27 [restartedMain] TRACE o.s.b.f.s.DefaultListableBeanFactory - Returning cached instance of singleton bean 'autoConfigurationReport'
2025-11-28 16:42:27 [restartedMain] TRACE o.s.b.f.s.DefaultListableBeanFactory - Returning cached instance of singleton bean 'autoConfigurationReport'
2025-11-28 16:42:27 [restartedMain] TRACE o.s.b.f.s.DefaultListableBeanFactory - Returning cached instance of singleton bean 'autoConfigurationReport'
2025-11-28 16:42:27 [restartedMain] TRACE o.s.b.f.s.DefaultListableBeanFactory - Returning cached instance of singleton bean 'autoConfigurationReport'
2025-11-28 16:42:27 [restartedMain] TRACE o.s.b.f.s.DefaultListableBeanFactory - Returning cached instance of singleton bean 'autoConfigurationReport'
2025-11-28 16:42:27 [restartedMain] TRACE o.s.b.f.s.DefaultListableBeanFactory - Returning cached instance of singleton bean 'autoConfigurationReport'
2025-11-28 16:42:27 [restartedMain] TRACE o.s.b.f.s.DefaultListableBeanFactory - Returning cached instance of singleton bean 'autoConfigurationReport'
2025-11-28 16:42:27 [restartedMain] TRACE o.s.b.f.s.DefaultListableBeanFactory - Returning cached instance of singleton bean 'autoConfigurationReport'
2025-11-28 16:42:27 [restartedMain] TRACE o.s.b.f.s.DefaultListableBeanFactory - Returning cached instance of singleton bean 'autoConfigurationReport'
2025-11-28 16:42:27 [restartedMain] TRACE o.s.b.f.s.DefaultListableBeanFactory - Returning cached instance of singleton bean 'autoConfigurationReport'
2025-11-28 16:42:27 [restartedMain] TRACE o.s.b.f.s.DefaultListableBeanFactory - Returning cached instance of singleton bean 'autoConfigurationReport'
2025-11-28 16:42:27 [restartedMain] TRACE o.s.b.f.s.DefaultListableBeanFactory - Returning cached instance of singleton bean 'autoConfigurationReport'
2025-11-28 16:42:27 [restartedMain] TRACE o.s.b.f.s.DefaultListableBeanFactory - Returning cached instance of singleton bean 'autoConfigurationReport'
2025-11-28 16:42:27 [restartedMain] TRACE o.s.b.f.s.DefaultListableBeanFactory - Returning cached instance of singleton bean 'autoConfigurationReport'
2025-11-28 16:42:27 [restartedMain] TRACE o.s.b.f.s.DefaultListableBeanFactory - Returning cached instance of singleton bean 'autoConfigurationReport'
2025-11-28 16:42:27 [restartedMain] TRACE o.s.b.f.s.DefaultListableBeanFactory - Returning cached instance of singleton bean 'autoConfigurationReport'
2025-11-28 16:42:27 [restartedMain] TRACE o.s.b.f.s.DefaultListableBeanFactory - Returning cached instance of singleton bean 'autoConfigurationReport'
2025-11-28 16:42:27 [restartedMain] TRACE o.s.b.f.s.DefaultListableBeanFactory - Returning cached instance of singleton bean 'autoConfigurationReport'
2025-11-28 16:42:27 [restartedMain] TRACE o.s.b.f.s.DefaultListableBeanFactory - Returning cached instance of singleton bean 'autoConfigurationReport'
2025-11-28 16:42:27 [restartedMain] TRACE o.s.b.f.s.DefaultListableBeanFactory - Returning cached instance of singleton bean 'autoConfigurationReport'
2025-11-28 16:42:27 [restartedMain] TRACE o.s.b.f.s.DefaultListableBeanFactory - Returning cached instance of singleton bean 'autoConfigurationReport'
2025-11-28 16:42:27 [restartedMain] TRACE o.s.b.f.s.DefaultListableBeanFactory - Returning cached instance of singleton bean 'autoConfigurationReport'
2025-11-28 16:42:27 [restartedMain] TRACE o.s.b.f.s.DefaultListableBeanFactory - Returning cached instance of singleton bean 'autoConfigurationReport'
2025-11-28 16:42:27 [restartedMain] TRACE o.s.b.f.s.DefaultListableBeanFactory - Returning cached instance of singleton bean 'autoConfigurationReport'
2025-11-28 16:42:27 [restartedMain] TRACE o.s.b.f.s.DefaultListableBeanFactory - Returning cached instance of singleton bean 'autoConfigurationReport'
2025-11-28 16:42:27 [restartedMain] TRACE o.s.b.f.s.DefaultListableBeanFactory - Returning cached instance of singleton bean 'autoConfigurationReport'
2025-11-28 16:42:27 [restartedMain] TRACE o.s.b.f.s.DefaultListableBeanFactory - Returning cached instance of singleton bean 'autoConfigurationReport'
2025-11-28 16:42:27 [restartedMain] TRACE o.s.b.f.s.DefaultListableBeanFactory - Returning cached instance of singleton bean 'autoConfigurationReport'
2025-11-28 16:42:27 [restartedMain] TRACE o.s.b.f.s.DefaultListableBeanFactory - Returning cached instance of singleton bean 'autoConfigurationReport'
2025-11-28 16:42:27 [restartedMain] TRACE o.s.b.f.s.DefaultListableBeanFactory - Returning cached instance of singleton bean 'autoConfigurationReport'
2025-11-28 16:42:27 [restartedMain] TRACE o.s.b.f.s.DefaultListableBeanFactory - Returning cached instance of singleton bean 'autoConfigurationReport'
2025-11-28 16:42:27 [restartedMain] TRACE o.s.b.f.s.DefaultListableBeanFactory - Returning cached instance of singleton bean 'autoConfigurationReport'
2025-11-28 16:42:27 [restartedMain] TRACE o.s.b.f.s.DefaultListableBeanFactory - Returning cached instance of singleton bean 'autoConfigurationReport'
2025-11-28 16:42:27 [restartedMain] TRACE o.s.b.f.s.DefaultListableBeanFactory - Returning cached instance of singleton bean 'autoConfigurationReport'
2025-11-28 16:42:27 [restartedMain] TRACE o.s.b.f.s.DefaultListableBeanFactory - Returning cached instance of singleton bean 'autoConfigurationReport'
2025-11-28 16:42:27 [restartedMain] TRACE o.s.b.f.s.DefaultListableBeanFactory - Returning cached instance of singleton bean 'autoConfigurationReport'
2025-11-28 16:42:27 [restartedMain] TRACE o.s.b.f.s.DefaultListableBeanFactory - Returning cached instance of singleton bean 'autoConfigurationReport'
2025-11-28 16:42:27 [restartedMain] TRACE o.s.b.f.s.DefaultListableBeanFactory - Returning cached instance of singleton bean 'autoConfigurationReport'
2025-11-28 16:42:27 [restartedMain] TRACE o.s.b.f.s.DefaultListableBeanFactory - Returning cached instance of singleton bean 'autoConfigurationReport'
2025-11-28 16:42:27 [restartedMain] TRACE o.s.b.f.s.DefaultListableBeanFactory - Returning cached instance of singleton bean 'autoConfigurationReport'
2025-11-28 16:42:27 [restartedMain] TRACE o.s.b.f.s.DefaultListableBeanFactory - Returning cached instance of singleton bean 'autoConfigurationReport'
2025-11-28 16:42:27 [restartedMain] TRACE o.s.b.f.s.DefaultListableBeanFactory - Returning cached instance of singleton bean 'autoConfigurationReport'
2025-11-28 16:42:27 [restartedMain] TRACE o.s.b.f.s.DefaultListableBeanFactory - Returning cached instance of singleton bean 'autoConfigurationReport'
2025-11-28 16:42:27 [restartedMain] TRACE o.s.b.f.s.DefaultListableBeanFactory - Returning cached instance of singleton bean 'autoConfigurationReport'
2025-11-28 16:42:27 [restartedMain] TRACE o.s.b.f.s.DefaultListableBeanFactory - Returning cached instance of singleton bean 'autoConfigurationReport'
2025-11-28 16:42:27 [restartedMain] TRACE o.s.b.f.s.DefaultListableBeanFactory - Returning cached instance of singleton bean 'autoConfigurationReport'
2025-11-28 16:42:27 [restartedMain] TRACE o.s.b.f.s.DefaultListableBeanFactory - Returning cached instance of singleton bean 'autoConfigurationReport'
2025-11-28 16:42:27 [restartedMain] TRACE o.s.b.f.s.DefaultListableBeanFactory - Returning cached instance of singleton bean 'autoConfigurationReport'
2025-11-28 16:42:27 [restartedMain] TRACE o.s.b.f.s.DefaultListableBeanFactory - Returning cached instance of singleton bean 'autoConfigurationReport'
2025-11-28 16:42:27 [restartedMain] TRACE o.s.b.f.s.DefaultListableBeanFactory - Returning cached instance of singleton bean 'autoConfigurationReport'
2025-11-28 16:42:27 [restartedMain] TRACE o.s.b.f.s.DefaultListableBeanFactory - Returning cached instance of singleton bean 'autoConfigurationReport'
2025-11-28 16:42:27 [restartedMain] TRACE o.s.b.f.s.DefaultListableBeanFactory - Returning cached instance of singleton bean 'autoConfigurationReport'
2025-11-28 16:42:27 [restartedMain] TRACE o.s.b.f.s.DefaultListableBeanFactory - Returning cached instance of singleton bean 'autoConfigurationReport'
2025-11-28 16:42:27 [restartedMain] TRACE o.s.b.f.s.DefaultListableBeanFactory - Returning cached instance of singleton bean 'autoConfigurationReport'
2025-11-28 16:42:27 [restartedMain] TRACE o.s.b.f.s.DefaultListableBeanFactory - Returning cached instance of singleton bean 'autoConfigurationReport'
2025-11-28 16:42:27 [restartedMain] TRACE o.s.b.f.s.DefaultListableBeanFactory - Returning cached instance of singleton bean 'autoConfigurationReport'
2025-11-28 16:42:27 [restartedMain] TRACE o.s.b.f.s.DefaultListableBeanFactory - Returning cached instance of singleton bean 'autoConfigurationReport'
2025-11-28 16:42:27 [restartedMain] TRACE o.s.b.f.s.DefaultListableBeanFactory - Returning cached instance of singleton bean 'autoConfigurationReport'
2025-11-28 16:42:27 [restartedMain] TRACE o.s.b.f.s.DefaultListableBeanFactory - Returning cached instance of singleton bean 'autoConfigurationReport'
2025-11-28 16:42:27 [restartedMain] TRACE o.s.b.f.s.DefaultListableBeanFactory - Returning cached instance of singleton bean 'autoConfigurationReport'
2025-11-28 16:42:27 [restartedMain] TRACE o.s.b.f.s.DefaultListableBeanFactory - Returning cached instance of singleton bean 'autoConfigurationReport'
2025-11-28 16:42:27 [restartedMain] TRACE o.s.b.f.s.DefaultListableBeanFactory - Returning cached instance of singleton bean 'autoConfigurationReport'
2025-11-28 16:42:27 [restartedMain] TRACE o.s.b.f.s.DefaultListableBeanFactory - Returning cached instance of singleton bean 'autoConfigurationReport'
2025-11-28 16:42:27 [restartedMain] TRACE o.s.b.f.s.DefaultListableBeanFactory - Returning cached instance of singleton bean 'autoConfigurationReport'
2025-11-28 16:42:27 [restartedMain] TRACE o.s.b.f.s.DefaultListableBeanFactory - Returning cached instance of singleton bean 'autoConfigurationReport'
2025-11-28 16:42:27 [restartedMain] TRACE o.s.b.f.s.DefaultListableBeanFactory - Returning cached instance of singleton bean 'autoConfigurationReport'
2025-11-28 16:42:27 [restartedMain] TRACE o.s.b.f.s.DefaultListableBeanFactory - Returning cached instance of singleton bean 'autoConfigurationReport'
2025-11-28 16:42:27 [restartedMain] TRACE o.s.b.f.s.DefaultListableBeanFactory - Returning cached instance of singleton bean 'autoConfigurationReport'
2025-11-28 16:42:27 [restartedMain] TRACE o.s.b.f.s.DefaultListableBeanFactory - Returning cached instance of singleton bean 'autoConfigurationReport'
2025-11-28 16:42:27 [restartedMain] TRACE o.s.b.f.s.DefaultListableBeanFactory - Returning cached instance of singleton bean 'autoConfigurationReport'
2025-11-28 16:42:27 [restartedMain] TRACE o.s.b.f.s.DefaultListableBeanFactory - Returning cached instance of singleton bean 'autoConfigurationReport'
2025-11-28 16:42:27 [restartedMain] TRACE o.s.b.f.s.DefaultListableBeanFactory - Returning cached instance of singleton bean 'autoConfigurationReport'
2025-11-28 16:42:27 [restartedMain] TRACE o.s.b.f.s.DefaultListableBeanFactory - Returning cached instance of singleton bean 'autoConfigurationReport'
2025-11-28 16:42:27 [restartedMain] TRACE o.s.b.f.s.DefaultListableBeanFactory - Returning cached instance of singleton bean 'autoConfigurationReport'
2025-11-28 16:42:27 [restartedMain] TRACE o.s.b.f.s.DefaultListableBeanFactory - Returning cached instance of singleton bean 'autoConfigurationReport'
2025-11-28 16:42:27 [restartedMain] TRACE o.s.b.f.s.DefaultListableBeanFactory - Returning cached instance of singleton bean 'autoConfigurationReport'
2025-11-28 16:42:27 [restartedMain] TRACE o.s.b.f.s.DefaultListableBeanFactory - Returning cached instance of singleton bean 'autoConfigurationReport'
2025-11-28 16:42:27 [restartedMain] TRACE o.s.b.f.s.DefaultListableBeanFactory - Returning cached instance of singleton bean 'autoConfigurationReport'
2025-11-28 16:42:27 [restartedMain] TRACE o.s.b.f.s.DefaultListableBeanFactory - Returning cached instance of singleton bean 'autoConfigurationReport'
2025-11-28 16:42:27 [restartedMain] TRACE o.s.b.f.s.DefaultListableBeanFactory - Returning cached instance of singleton bean 'autoConfigurationReport'
2025-11-28 16:42:27 [restartedMain] TRACE o.s.b.f.s.DefaultListableBeanFactory - Returning cached instance of singleton bean 'autoConfigurationReport'
2025-11-28 16:42:27 [restartedMain] TRACE o.s.b.f.s.DefaultListableBeanFactory - Returning cached instance of singleton bean 'autoConfigurationReport'
2025-11-28 16:42:27 [restartedMain] TRACE o.s.b.f.s.DefaultListableBeanFactory - Returning cached instance of singleton bean 'autoConfigurationReport'
2025-11-28 16:42:27 [restartedMain] TRACE o.s.b.f.s.DefaultListableBeanFactory - Returning cached instance of singleton bean 'autoConfigurationReport'
2025-11-28 16:42:27 [restartedMain] TRACE o.s.b.f.s.DefaultListableBeanFactory - Returning cached instance of singleton bean 'autoConfigurationReport'
2025-11-28 16:42:27 [restartedMain] TRACE o.s.b.f.s.DefaultListableBeanFactory - Returning cached instance of singleton bean 'autoConfigurationReport'
2025-11-28 16:42:27 [restartedMain] TRACE o.s.b.f.s.DefaultListableBeanFactory - Returning cached instance of singleton bean 'autoConfigurationReport'
2025-11-28 16:42:27 [restartedMain] TRACE o.s.b.f.s.DefaultListableBeanFactory - Returning cached instance of singleton bean 'autoConfigurationReport'
2025-11-28 16:42:27 [restartedMain] TRACE o.s.b.f.s.DefaultListableBeanFactory - Returning cached instance of singleton bean 'autoConfigurationReport'
2025-11-28 16:42:27 [restartedMain] TRACE o.s.b.f.s.DefaultListableBeanFactory - Returning cached instance of singleton bean 'autoConfigurationReport'
2025-11-28 16:42:27 [restartedMain] TRACE o.s.b.f.s.DefaultListableBeanFactory - Returning cached instance of singleton bean 'autoConfigurationReport'
2025-11-28 16:42:27 [restartedMain] TRACE o.s.b.f.s.DefaultListableBeanFactory - Returning cached instance of singleton bean 'autoConfigurationReport'
2025-11-28 16:42:27 [restartedMain] TRACE o.s.b.f.s.DefaultListableBeanFactory - Returning cached instance of singleton bean 'autoConfigurationReport'
2025-11-28 16:42:27 [restartedMain] TRACE o.s.b.f.s.DefaultListableBeanFactory - Returning cached instance of singleton bean 'autoConfigurationReport'
2025-11-28 16:42:27 [restartedMain] TRACE o.s.b.f.s.DefaultListableBeanFactory - Returning cached instance of singleton bean 'autoConfigurationReport'
2025-11-28 16:42:27 [restartedMain] TRACE o.s.b.f.s.DefaultListableBeanFactory - Returning cached instance of singleton bean 'autoConfigurationReport'
2025-11-28 16:42:27 [restartedMain] TRACE o.s.b.f.s.DefaultListableBeanFactory - Returning cached instance of singleton bean 'autoConfigurationReport'
2025-11-28 16:42:27 [restartedMain] TRACE o.s.b.f.s.DefaultListableBeanFactory - Returning cached instance of singleton bean 'autoConfigurationReport'
2025-11-28 16:42:27 [restartedMain] TRACE o.s.b.f.s.DefaultListableBeanFactory - Returning cached instance of singleton bean 'autoConfigurationReport'
2025-11-28 16:42:27 [restartedMain] TRACE o.s.b.f.s.DefaultListableBeanFactory - Returning cached instance of singleton bean 'autoConfigurationReport'
2025-11-28 16:42:27 [restartedMain] TRACE o.s.b.f.s.DefaultListableBeanFactory - Returning cached instance of singleton bean 'autoConfigurationReport'
2025-11-28 16:42:27 [restartedMain] TRACE o.s.b.f.s.DefaultListableBeanFactory - Returning cached instance of singleton bean 'autoConfigurationReport'
2025-11-28 16:42:27 [restartedMain] TRACE o.s.b.f.s.DefaultListableBeanFactory - Returning cached instance of singleton bean 'autoConfigurationReport'
2025-11-28 16:42:27 [restartedMain] TRACE o.s.b.f.s.DefaultListableBeanFactory - Returning cached instance of singleton bean 'autoConfigurationReport'
2025-11-28 16:42:27 [restartedMain] TRACE o.s.b.f.s.DefaultListableBeanFactory - Returning cached instance of singleton bean 'autoConfigurationReport'
2025-11-28 16:42:27 [restartedMain] TRACE o.s.b.f.s.DefaultListableBeanFactory - Returning cached instance of singleton bean 'autoConfigurationReport'
2025-11-28 16:42:27 [restartedMain] TRACE o.s.b.f.s.DefaultListableBeanFactory - Returning cached instance of singleton bean 'autoConfigurationReport'
2025-11-28 16:42:27 [restartedMain] TRACE o.s.b.f.s.DefaultListableBeanFactory - Returning cached instance of singleton bean 'autoConfigurationReport'
2025-11-28 16:42:27 [restartedMain] TRACE o.s.b.f.s.DefaultListableBeanFactory - Returning cached instance of singleton bean 'autoConfigurationReport'
2025-11-28 16:42:27 [restartedMain] TRACE o.s.b.f.s.DefaultListableBeanFactory - Returning cached instance of singleton bean 'autoConfigurationReport'
2025-11-28 16:42:27 [restartedMain] TRACE o.s.b.f.s.DefaultListableBeanFactory - Returning cached instance of singleton bean 'autoConfigurationReport'
2025-11-28 16:42:27 [restartedMain] TRACE o.s.b.f.s.DefaultListableBeanFactory - Returning cached instance of singleton bean 'autoConfigurationReport'
2025-11-28 16:42:27 [restartedMain] TRACE o.s.b.f.s.DefaultListableBeanFactory - Returning cached instance of singleton bean 'autoConfigurationReport'
2025-11-28 16:42:27 [restartedMain] TRACE o.s.b.f.s.DefaultListableBeanFactory - Returning cached instance of singleton bean 'autoConfigurationReport'
2025-11-28 16:42:27 [restartedMain] TRACE o.s.b.f.s.DefaultListableBeanFactory - Returning cached instance of singleton bean 'autoConfigurationReport'
2025-11-28 16:42:27 [restartedMain] TRACE o.s.b.f.s.DefaultListableBeanFactory - Returning cached instance of singleton bean 'autoConfigurationReport'
2025-11-28 16:42:27 [restartedMain] TRACE o.s.b.f.s.DefaultListableBeanFactory - Returning cached instance of singleton bean 'autoConfigurationReport'
2025-11-28 16:42:27 [restartedMain] TRACE o.s.b.f.s.DefaultListableBeanFactory - Returning cached instance of singleton bean 'autoConfigurationReport'
2025-11-28 16:42:27 [restartedMain] TRACE o.s.b.f.s.DefaultListableBeanFactory - Returning cached instance of singleton bean 'autoConfigurationReport'
2025-11-28 16:42:27 [restartedMain] TRACE o.s.b.f.s.DefaultListableBeanFactory - Returning cached instance of singleton bean 'autoConfigurationReport'
2025-11-28 16:42:27 [restartedMain] TRACE o.s.b.f.s.DefaultListableBeanFactory - Returning cached instance of singleton bean 'autoConfigurationReport'
2025-11-28 16:42:27 [restartedMain] TRACE o.s.b.f.s.DefaultListableBeanFactory - Returning cached instance of singleton bean 'autoConfigurationReport'
2025-11-28 16:42:27 [restartedMain] TRACE o.s.b.f.s.DefaultListableBeanFactory - Returning cached instance of singleton bean 'autoConfigurationReport'
2025-11-28 16:42:27 [restartedMain] TRACE o.s.b.f.s.DefaultListableBeanFactory - Returning cached instance of singleton bean 'autoConfigurationReport'
2025-11-28 16:42:27 [restartedMain] TRACE o.s.b.f.s.DefaultListableBeanFactory - Returning cached instance of singleton bean 'autoConfigurationReport'
2025-11-28 16:42:27 [restartedMain] TRACE o.s.b.f.s.DefaultListableBeanFactory - Returning cached instance of singleton bean 'autoConfigurationReport'
2025-11-28 16:42:27 [restartedMain] TRACE o.s.b.f.s.DefaultListableBeanFactory - Returning cached instance of singleton bean 'autoConfigurationReport'
2025-11-28 16:42:27 [restartedMain] TRACE o.s.b.f.s.DefaultListableBeanFactory - Returning cached instance of singleton bean 'autoConfigurationReport'
2025-11-28 16:42:27 [restartedMain] TRACE o.s.b.f.s.DefaultListableBeanFactory - Returning cached instance of singleton bean 'autoConfigurationReport'
2025-11-28 16:42:27 [restartedMain] TRACE o.s.b.f.s.DefaultListableBeanFactory - Returning cached instance of singleton bean 'autoConfigurationReport'
2025-11-28 16:42:27 [restartedMain] TRACE o.s.b.f.s.DefaultListableBeanFactory - Returning cached instance of singleton bean 'autoConfigurationReport'
2025-11-28 16:42:27 [restartedMain] TRACE o.s.b.f.s.DefaultListableBeanFactory - Returning cached instance of singleton bean 'autoConfigurationReport'
2025-11-28 16:42:27 [restartedMain] TRACE o.s.b.f.s.DefaultListableBeanFactory - Returning cached instance of singleton bean 'autoConfigurationReport'
2025-11-28 16:42:27 [restartedMain] TRACE o.s.b.f.s.DefaultListableBeanFactory - Returning cached instance of singleton bean 'autoConfigurationReport'
2025-11-28 16:42:27 [restartedMain] TRACE o.s.b.f.s.DefaultListableBeanFactory - Returning cached instance of singleton bean 'autoConfigurationReport'
2025-11-28 16:42:27 [restartedMain] TRACE o.s.b.f.s.DefaultListableBeanFactory - Returning cached instance of singleton bean 'autoConfigurationReport'
2025-11-28 16:42:27 [restartedMain] TRACE o.s.b.f.s.DefaultListableBeanFactory - Returning cached instance of singleton bean 'autoConfigurationReport'
2025-11-28 16:42:27 [restartedMain] TRACE o.s.b.f.s.DefaultListableBeanFactory - Returning cached instance of singleton bean 'autoConfigurationReport'
2025-11-28 16:42:27 [restartedMain] TRACE o.s.b.f.s.DefaultListableBeanFactory - Returning cached instance of singleton bean 'autoConfigurationReport'
2025-11-28 16:42:27 [restartedMain] TRACE o.s.b.f.s.DefaultListableBeanFactory - Returning cached instance of singleton bean 'autoConfigurationReport'
2025-11-28 16:42:27 [restartedMain] TRACE o.s.b.f.s.DefaultListableBeanFactory - Returning cached instance of singleton bean 'autoConfigurationReport'
2025-11-28 16:42:27 [restartedMain] TRACE o.s.b.f.s.DefaultListableBeanFactory - Returning cached instance of singleton bean 'autoConfigurationReport'
2025-11-28 16:42:27 [restartedMain] TRACE o.s.b.f.s.DefaultListableBeanFactory - Returning cached instance of singleton bean 'autoConfigurationReport'
2025-11-28 16:42:27 [restartedMain] TRACE o.s.b.f.s.DefaultListableBeanFactory - Returning cached instance of singleton bean 'autoConfigurationReport'
2025-11-28 16:42:27 [restartedMain] TRACE o.s.b.f.s.DefaultListableBeanFactory - Returning cached instance of singleton bean 'autoConfigurationReport'
2025-11-28 16:42:27 [restartedMain] TRACE o.s.b.f.s.DefaultListableBeanFactory - Returning cached instance of singleton bean 'autoConfigurationReport'
2025-11-28 16:42:27 [restartedMain] TRACE o.s.b.f.s.DefaultListableBeanFactory - Returning cached instance of singleton bean 'autoConfigurationReport'
2025-11-28 16:42:27 [restartedMain] TRACE o.s.b.f.s.DefaultListableBeanFactory - Returning cached instance of singleton bean 'autoConfigurationReport'
2025-11-28 16:42:27 [restartedMain] TRACE o.s.b.f.s.DefaultListableBeanFactory - Returning cached instance of singleton bean 'autoConfigurationReport'
2025-11-28 16:42:27 [restartedMain] TRACE o.s.b.f.s.DefaultListableBeanFactory - Returning cached instance of singleton bean 'autoConfigurationReport'
2025-11-28 16:42:27 [restartedMain] TRACE o.s.b.f.s.DefaultListableBeanFactory - Returning cached instance of singleton bean 'autoConfigurationReport'
2025-11-28 16:42:27 [restartedMain] TRACE o.s.b.f.s.DefaultListableBeanFactory - Returning cached instance of singleton bean 'autoConfigurationReport'
2025-11-28 16:42:27 [restartedMain] TRACE o.s.b.f.s.DefaultListableBeanFactory - Returning cached instance of singleton bean 'autoConfigurationReport'
2025-11-28 16:42:27 [restartedMain] TRACE o.s.b.f.s.DefaultListableBeanFactory - Returning cached instance of singleton bean 'autoConfigurationReport'
2025-11-28 16:42:27 [restartedMain] TRACE o.s.b.f.s.DefaultListableBeanFactory - Returning cached instance of singleton bean 'autoConfigurationReport'
2025-11-28 16:42:27 [restartedMain] TRACE o.s.b.f.s.DefaultListableBeanFactory - Returning cached instance of singleton bean 'autoConfigurationReport'
2025-11-28 16:42:27 [restartedMain] TRACE o.s.b.f.s.DefaultListableBeanFactory - Returning cached instance of singleton bean 'autoConfigurationReport'
2025-11-28 16:42:27 [restartedMain] TRACE o.s.b.f.s.DefaultListableBeanFactory - Returning cached instance of singleton bean 'autoConfigurationReport'
2025-11-28 16:42:27 [restartedMain] TRACE o.s.b.f.s.DefaultListableBeanFactory - Returning cached instance of singleton bean 'autoConfigurationReport'
2025-11-28 16:42:27 [restartedMain] TRACE o.s.b.f.s.DefaultListableBeanFactory - Returning cached instance of singleton bean 'autoConfigurationReport'
2025-11-28 16:42:27 [restartedMain] TRACE o.s.b.f.s.DefaultListableBeanFactory - Returning cached instance of singleton bean 'autoConfigurationReport'
2025-11-28 16:42:27 [restartedMain] TRACE o.s.b.f.s.DefaultListableBeanFactory - Returning cached instance of singleton bean 'autoConfigurationReport'
2025-11-28 16:42:27 [restartedMain] TRACE o.s.b.f.s.DefaultListableBeanFactory - Returning cached instance of singleton bean 'autoConfigurationReport'
2025-11-28 16:42:27 [restartedMain] TRACE o.s.b.f.s.DefaultListableBeanFactory - Returning cached instance of singleton bean 'autoConfigurationReport'
2025-11-28 16:42:27 [restartedMain] TRACE o.s.b.f.s.DefaultListableBeanFactory - Returning cached instance of singleton bean 'autoConfigurationReport'
2025-11-28 16:42:27 [restartedMain] TRACE o.s.b.f.s.DefaultListableBeanFactory - Returning cached instance of singleton bean 'autoConfigurationReport'
2025-11-28 16:42:27 [restartedMain] TRACE o.s.b.f.s.DefaultListableBeanFactory - Returning cached instance of singleton bean 'autoConfigurationReport'
2025-11-28 16:42:27 [restartedMain] TRACE o.s.b.f.s.DefaultListableBeanFactory - Returning cached instance of singleton bean 'autoConfigurationReport'
2025-11-28 16:42:27 [restartedMain] TRACE o.s.b.f.s.DefaultListableBeanFactory - Returning cached instance of singleton bean 'autoConfigurationReport'
2025-11-28 16:42:27 [restartedMain] TRACE o.s.b.f.s.DefaultListableBeanFactory - Returning cached instance of singleton bean 'autoConfigurationReport'
2025-11-28 16:42:27 [restartedMain] TRACE o.s.b.f.s.DefaultListableBeanFactory - Returning cached instance of singleton bean 'autoConfigurationReport'
2025-11-28 16:42:27 [restartedMain] TRACE o.s.b.f.s.DefaultListableBeanFactory - Returning cached instance of singleton bean 'autoConfigurationReport'
2025-11-28 16:42:27 [restartedMain] TRACE o.s.b.f.s.DefaultListableBeanFactory - Returning cached instance of singleton bean 'autoConfigurationReport'
2025-11-28 16:42:27 [restartedMain] TRACE o.s.b.f.s.DefaultListableBeanFactory - Returning cached instance of singleton bean 'autoConfigurationReport'
2025-11-28 16:42:27 [restartedMain] TRACE o.s.b.f.s.DefaultListableBeanFactory - Returning cached instance of singleton bean 'autoConfigurationReport'
2025-11-28 16:42:27 [restartedMain] TRACE o.s.b.f.s.DefaultListableBeanFactory - Returning cached instance of singleton bean 'autoConfigurationReport'
2025-11-28 16:42:27 [restartedMain] TRACE o.s.b.f.s.DefaultListableBeanFactory - Returning cached instance of singleton bean 'autoConfigurationReport'
2025-11-28 16:42:27 [restartedMain] TRACE o.s.b.f.s.DefaultListableBeanFactory - Returning cached instance of singleton bean 'autoConfigurationReport'
2025-11-28 16:42:27 [restartedMain] TRACE o.s.b.f.s.DefaultListableBeanFactory - Returning cached instance of singleton bean 'autoConfigurationReport'
2025-11-28 16:42:27 [restartedMain] TRACE o.s.b.f.s.DefaultListableBeanFactory - Returning cached instance of singleton bean 'autoConfigurationReport'
2025-11-28 16:42:27 [restartedMain] TRACE o.s.b.f.s.DefaultListableBeanFactory - Returning cached instance of singleton bean 'autoConfigurationReport'
2025-11-28 16:42:27 [restartedMain] TRACE o.s.b.f.s.DefaultListableBeanFactory - Returning cached instance of singleton bean 'autoConfigurationReport'
2025-11-28 16:42:27 [restartedMain] TRACE o.s.b.f.s.DefaultListableBeanFactory - Returning cached instance of singleton bean 'autoConfigurationReport'
2025-11-28 16:42:27 [restartedMain] TRACE o.s.b.f.s.DefaultListableBeanFactory - Returning cached instance of singleton bean 'autoConfigurationReport'
2025-11-28 16:42:27 [restartedMain] TRACE o.s.b.f.s.DefaultListableBeanFactory - Returning cached instance of singleton bean 'autoConfigurationReport'
2025-11-28 16:42:27 [restartedMain] TRACE o.s.b.f.s.DefaultListableBeanFactory - Returning cached instance of singleton bean 'autoConfigurationReport'
2025-11-28 16:42:27 [restartedMain] TRACE o.s.b.f.s.DefaultListableBeanFactory - Returning cached instance of singleton bean 'autoConfigurationReport'
2025-11-28 16:42:27 [restartedMain] TRACE o.s.b.f.s.DefaultListableBeanFactory - Returning cached instance of singleton bean 'autoConfigurationReport'
2025-11-28 16:42:27 [restartedMain] TRACE o.s.b.f.s.DefaultListableBeanFactory - Returning cached instance of singleton bean 'autoConfigurationReport'
2025-11-28 16:42:27 [restartedMain] TRACE o.s.b.f.s.DefaultListableBeanFactory - Returning cached instance of singleton bean 'autoConfigurationReport'
2025-11-28 16:42:27 [restartedMain] TRACE o.s.b.f.s.DefaultListableBeanFactory - Returning cached instance of singleton bean 'autoConfigurationReport'
2025-11-28 16:42:27 [restartedMain] TRACE o.s.b.f.s.DefaultListableBeanFactory - Returning cached instance of singleton bean 'autoConfigurationReport'
2025-11-28 16:42:27 [restartedMain] TRACE o.s.b.f.s.DefaultListableBeanFactory - Returning cached instance of singleton bean 'autoConfigurationReport'
2025-11-28 16:42:27 [restartedMain] TRACE o.s.b.f.s.DefaultListableBeanFactory - Returning cached instance of singleton bean 'autoConfigurationReport'
2025-11-28 16:42:27 [restartedMain] TRACE o.s.b.f.s.DefaultListableBeanFactory - Returning cached instance of singleton bean 'autoConfigurationReport'
2025-11-28 16:42:27 [restartedMain] TRACE o.s.b.f.s.DefaultListableBeanFactory - Returning cached instance of singleton bean 'autoConfigurationReport'
2025-11-28 16:42:27 [restartedMain] TRACE o.s.b.f.s.DefaultListableBeanFactory - Returning cached instance of singleton bean 'autoConfigurationReport'
2025-11-28 16:42:27 [restartedMain] TRACE o.s.b.f.s.DefaultListableBeanFactory - Returning cached instance of singleton bean 'autoConfigurationReport'
2025-11-28 16:42:27 [restartedMain] TRACE o.s.b.f.s.DefaultListableBeanFactory - Returning cached instance of singleton bean 'autoConfigurationReport'
2025-11-28 16:42:27 [restartedMain] TRACE o.s.b.f.s.DefaultListableBeanFactory - Returning cached instance of singleton bean 'autoConfigurationReport'
2025-11-28 16:42:27 [restartedMain] TRACE o.s.b.f.s.DefaultListableBeanFactory - Returning cached instance of singleton bean 'autoConfigurationReport'
2025-11-28 16:42:27 [restartedMain] TRACE o.s.b.f.s.DefaultListableBeanFactory - Returning cached instance of singleton bean 'autoConfigurationReport'
2025-11-28 16:42:27 [restartedMain] TRACE o.s.b.f.s.DefaultListableBeanFactory - Returning cached instance of singleton bean 'autoConfigurationReport'
2025-11-28 16:42:27 [restartedMain] TRACE o.s.b.f.s.DefaultListableBeanFactory - Returning cached instance of singleton bean 'autoConfigurationReport'
2025-11-28 16:42:27 [restartedMain] TRACE o.s.b.f.s.DefaultListableBeanFactory - Returning cached instance of singleton bean 'autoConfigurationReport'
2025-11-28 16:42:27 [restartedMain] TRACE o.s.b.f.s.DefaultListableBeanFactory - Returning cached instance of singleton bean 'autoConfigurationReport'
2025-11-28 16:42:27 [restartedMain] TRACE o.s.b.f.s.DefaultListableBeanFactory - Returning cached instance of singleton bean 'autoConfigurationReport'
2025-11-28 16:42:27 [restartedMain] TRACE o.s.b.f.s.DefaultListableBeanFactory - Returning cached instance of singleton bean 'autoConfigurationReport'
2025-11-28 16:42:27 [restartedMain] TRACE o.s.b.f.s.DefaultListableBeanFactory - Returning cached instance of singleton bean 'autoConfigurationReport'
2025-11-28 16:42:27 [restartedMain] TRACE o.s.b.f.s.DefaultListableBeanFactory - Returning cached instance of singleton bean 'autoConfigurationReport'
2025-11-28 16:42:27 [restartedMain] TRACE o.s.b.f.s.DefaultListableBeanFactory - Returning cached instance of singleton bean 'autoConfigurationReport'
2025-11-28 16:42:28 [restartedMain] TRACE o.s.b.f.s.DefaultListableBeanFactory - Returning cached instance of singleton bean 'autoConfigurationReport'
2025-11-28 16:42:28 [restartedMain] TRACE o.s.b.f.s.DefaultListableBeanFactory - Returning cached instance of singleton bean 'autoConfigurationReport'
2025-11-28 16:42:28 [restartedMain] TRACE o.s.b.f.s.DefaultListableBeanFactory - Returning cached instance of singleton bean 'autoConfigurationReport'
2025-11-28 16:42:28 [restartedMain] TRACE o.s.b.f.s.DefaultListableBeanFactory - Returning cached instance of singleton bean 'autoConfigurationReport'
2025-11-28 16:42:28 [restartedMain] TRACE o.s.b.f.s.DefaultListableBeanFactory - Returning cached instance of singleton bean 'autoConfigurationReport'
2025-11-28 16:42:28 [restartedMain] TRACE o.s.b.f.s.DefaultListableBeanFactory - Returning cached instance of singleton bean 'autoConfigurationReport'
2025-11-28 16:42:28 [restartedMain] TRACE o.s.b.f.s.DefaultListableBeanFactory - Returning cached instance of singleton bean 'autoConfigurationReport'
2025-11-28 16:42:28 [restartedMain] TRACE o.s.b.f.s.DefaultListableBeanFactory - Returning cached instance of singleton bean 'autoConfigurationReport'
2025-11-28 16:42:28 [restartedMain] TRACE o.s.b.f.s.DefaultListableBeanFactory - Returning cached instance of singleton bean 'autoConfigurationReport'
2025-11-28 16:42:28 [restartedMain] TRACE o.s.b.f.s.DefaultListableBeanFactory - Returning cached instance of singleton bean 'autoConfigurationReport'
2025-11-28 16:42:28 [restartedMain] TRACE o.s.b.f.s.DefaultListableBeanFactory - Returning cached instance of singleton bean 'autoConfigurationReport'
2025-11-28 16:42:28 [restartedMain] TRACE o.s.b.f.s.DefaultListableBeanFactory - Returning cached instance of singleton bean 'autoConfigurationReport'
2025-11-28 16:42:28 [restartedMain] TRACE o.s.b.f.s.DefaultListableBeanFactory - Returning cached instance of singleton bean 'autoConfigurationReport'
2025-11-28 16:42:28 [restartedMain] TRACE o.s.b.f.s.DefaultListableBeanFactory - Returning cached instance of singleton bean 'autoConfigurationReport'
2025-11-28 16:42:28 [restartedMain] TRACE o.s.b.f.s.DefaultListableBeanFactory - Returning cached instance of singleton bean 'autoConfigurationReport'
2025-11-28 16:42:28 [restartedMain] TRACE o.s.b.f.s.DefaultListableBeanFactory - Returning cached instance of singleton bean 'autoConfigurationReport'
2025-11-28 16:42:28 [restartedMain] TRACE o.s.b.f.s.DefaultListableBeanFactory - Returning cached instance of singleton bean 'autoConfigurationReport'
2025-11-28 16:42:28 [restartedMain] TRACE o.s.b.f.s.DefaultListableBeanFactory - Returning cached instance of singleton bean 'autoConfigurationReport'
2025-11-28 16:42:28 [restartedMain] TRACE o.s.b.f.s.DefaultListableBeanFactory - Returning cached instance of singleton bean 'autoConfigurationReport'
2025-11-28 16:42:28 [restartedMain] TRACE o.s.b.f.s.DefaultListableBeanFactory - Returning cached instance of singleton bean 'autoConfigurationReport'
2025-11-28 16:42:28 [restartedMain] TRACE o.s.b.f.s.DefaultListableBeanFactory - Returning cached instance of singleton bean 'autoConfigurationReport'
2025-11-28 16:42:28 [restartedMain] TRACE o.s.b.f.s.DefaultListableBeanFactory - Returning cached instance of singleton bean 'autoConfigurationReport'
2025-11-28 16:42:28 [restartedMain] TRACE o.s.b.f.s.DefaultListableBeanFactory - Returning cached instance of singleton bean 'autoConfigurationReport'
2025-11-28 16:42:28 [restartedMain] TRACE o.s.b.f.s.DefaultListableBeanFactory - Returning cached instance of singleton bean 'autoConfigurationReport'
2025-11-28 16:42:28 [restartedMain] TRACE o.s.b.f.s.DefaultListableBeanFactory - Returning cached instance of singleton bean 'autoConfigurationReport'
2025-11-28 16:42:28 [restartedMain] TRACE o.s.b.f.s.DefaultListableBeanFactory - Returning cached instance of singleton bean 'autoConfigurationReport'
2025-11-28 16:42:28 [restartedMain] TRACE o.s.b.f.s.DefaultListableBeanFactory - Returning cached instance of singleton bean 'autoConfigurationReport'
2025-11-28 16:42:28 [restartedMain] TRACE o.s.b.f.s.DefaultListableBeanFactory - Returning cached instance of singleton bean 'autoConfigurationReport'
2025-11-28 16:42:28 [restartedMain] TRACE o.s.b.f.s.DefaultListableBeanFactory - Returning cached instance of singleton bean 'autoConfigurationReport'
2025-11-28 16:42:28 [restartedMain] TRACE o.s.b.f.s.DefaultListableBeanFactory - Returning cached instance of singleton bean 'autoConfigurationReport'
2025-11-28 16:42:28 [restartedMain] TRACE o.s.b.f.s.DefaultListableBeanFactory - Returning cached instance of singleton bean 'autoConfigurationReport'
2025-11-28 16:42:28 [restartedMain] TRACE o.s.b.f.s.DefaultListableBeanFactory - Returning cached instance of singleton bean 'autoConfigurationReport'
2025-11-28 16:42:28 [restartedMain] TRACE o.s.b.f.s.DefaultListableBeanFactory - Returning cached instance of singleton bean 'autoConfigurationReport'
2025-11-28 16:42:28 [restartedMain] TRACE o.s.b.f.s.DefaultListableBeanFactory - Returning cached instance of singleton bean 'autoConfigurationReport'
2025-11-28 16:42:28 [restartedMain] TRACE o.s.b.f.s.DefaultListableBeanFactory - Returning cached instance of singleton bean 'autoConfigurationReport'
2025-11-28 16:42:28 [restartedMain] TRACE o.s.b.f.s.DefaultListableBeanFactory - Returning cached instance of singleton bean 'autoConfigurationReport'
2025-11-28 16:42:28 [restartedMain] TRACE o.s.b.f.s.DefaultListableBeanFactory - Returning cached instance of singleton bean 'autoConfigurationReport'
2025-11-28 16:42:28 [restartedMain] TRACE o.s.b.f.s.DefaultListableBeanFactory - Returning cached instance of singleton bean 'autoConfigurationReport'
2025-11-28 16:42:28 [restartedMain] TRACE o.s.b.f.s.DefaultListableBeanFactory - Returning cached instance of singleton bean 'autoConfigurationReport'
2025-11-28 16:42:28 [restartedMain] TRACE o.s.b.f.s.DefaultListableBeanFactory - Returning cached instance of singleton bean 'autoConfigurationReport'
2025-11-28 16:42:28 [restartedMain] TRACE o.s.b.f.s.DefaultListableBeanFactory - Returning cached instance of singleton bean 'autoConfigurationReport'
2025-11-28 16:42:28 [restartedMain] TRACE o.s.b.f.s.DefaultListableBeanFactory - Returning cached instance of singleton bean 'autoConfigurationReport'
2025-11-28 16:42:28 [restartedMain] TRACE o.s.b.f.s.DefaultListableBeanFactory - Returning cached instance of singleton bean 'autoConfigurationReport'
2025-11-28 16:42:28 [restartedMain] TRACE o.s.b.f.s.DefaultListableBeanFactory - Returning cached instance of singleton bean 'autoConfigurationReport'
2025-11-28 16:42:28 [restartedMain] TRACE o.s.b.f.s.DefaultListableBeanFactory - Returning cached instance of singleton bean 'autoConfigurationReport'
2025-11-28 16:42:28 [restartedMain] TRACE o.s.b.f.s.DefaultListableBeanFactory - Returning cached instance of singleton bean 'autoConfigurationReport'
2025-11-28 16:42:28 [restartedMain] TRACE o.s.b.f.s.DefaultListableBeanFactory - Returning cached instance of singleton bean 'autoConfigurationReport'
2025-11-28 16:42:28 [restartedMain] TRACE o.s.b.f.s.DefaultListableBeanFactory - Returning cached instance of singleton bean 'autoConfigurationReport'
2025-11-28 16:42:28 [restartedMain] TRACE o.s.b.f.s.DefaultListableBeanFactory - Returning cached instance of singleton bean 'autoConfigurationReport'
2025-11-28 16:42:28 [restartedMain] TRACE o.s.b.f.s.DefaultListableBeanFactory - Returning cached instance of singleton bean 'autoConfigurationReport'
2025-11-28 16:42:28 [restartedMain] TRACE o.s.b.f.s.DefaultListableBeanFactory - Returning cached instance of singleton bean 'autoConfigurationReport'
2025-11-28 16:42:28 [restartedMain] TRACE o.s.b.f.s.DefaultListableBeanFactory - Returning cached instance of singleton bean 'autoConfigurationReport'
2025-11-28 16:42:28 [restartedMain] TRACE o.s.b.f.s.DefaultListableBeanFactory - Returning cached instance of singleton bean 'autoConfigurationReport'
2025-11-28 16:42:28 [restartedMain] TRACE o.s.b.f.s.DefaultListableBeanFactory - Returning cached instance of singleton bean 'autoConfigurationReport'
2025-11-28 16:42:28 [restartedMain] TRACE o.s.b.f.s.DefaultListableBeanFactory - Returning cached instance of singleton bean 'autoConfigurationReport'
2025-11-28 16:42:28 [restartedMain] TRACE o.s.b.f.s.DefaultListableBeanFactory - Returning cached instance of singleton bean 'autoConfigurationReport'
2025-11-28 16:42:28 [restartedMain] TRACE o.s.b.f.s.DefaultListableBeanFactory - Returning cached instance of singleton bean 'autoConfigurationReport'
2025-11-28 16:42:28 [restartedMain] TRACE o.s.b.f.s.DefaultListableBeanFactory - Returning cached instance of singleton bean 'autoConfigurationReport'
2025-11-28 16:42:28 [restartedMain] TRACE o.s.b.f.s.DefaultListableBeanFactory - Returning cached instance of singleton bean 'autoConfigurationReport'
2025-11-28 16:42:28 [restartedMain] TRACE o.s.b.f.s.DefaultListableBeanFactory - Returning cached instance of singleton bean 'autoConfigurationReport'
2025-11-28 16:42:28 [restartedMain] TRACE o.s.b.f.s.DefaultListableBeanFactory - Returning cached instance of singleton bean 'autoConfigurationReport'
2025-11-28 16:42:28 [restartedMain] TRACE o.s.b.f.s.DefaultListableBeanFactory - Returning cached instance of singleton bean 'autoConfigurationReport'
2025-11-28 16:42:28 [restartedMain] TRACE o.s.b.f.s.DefaultListableBeanFactory - Returning cached instance of singleton bean 'autoConfigurationReport'
2025-11-28 16:42:28 [restartedMain] TRACE o.s.b.f.s.DefaultListableBeanFactory - Returning cached instance of singleton bean 'autoConfigurationReport'
2025-11-28 16:42:28 [restartedMain] TRACE o.s.b.f.s.DefaultListableBeanFactory - Returning cached instance of singleton bean 'autoConfigurationReport'
2025-11-28 16:42:28 [restartedMain] TRACE o.s.b.f.s.DefaultListableBeanFactory - Returning cached instance of singleton bean 'autoConfigurationReport'
2025-11-28 16:42:28 [restartedMain] TRACE o.s.b.f.s.DefaultListableBeanFactory - Returning cached instance of singleton bean 'autoConfigurationReport'
2025-11-28 16:42:28 [restartedMain] TRACE o.s.b.f.s.DefaultListableBeanFactory - Returning cached instance of singleton bean 'autoConfigurationReport'
2025-11-28 16:42:28 [restartedMain] TRACE o.s.b.f.s.DefaultListableBeanFactory - Returning cached instance of singleton bean 'autoConfigurationReport'
2025-11-28 16:42:28 [restartedMain] TRACE o.s.b.f.s.DefaultListableBeanFactory - Returning cached instance of singleton bean 'autoConfigurationReport'
2025-11-28 16:42:28 [restartedMain] TRACE o.s.b.f.s.DefaultListableBeanFactory - Returning cached instance of singleton bean 'autoConfigurationReport'
2025-11-28 16:42:28 [restartedMain] TRACE o.s.b.f.s.DefaultListableBeanFactory - Returning cached instance of singleton bean 'autoConfigurationReport'
2025-11-28 16:42:28 [restartedMain] TRACE o.s.b.f.s.DefaultListableBeanFactory - Returning cached instance of singleton bean 'autoConfigurationReport'
2025-11-28 16:42:28 [restartedMain] TRACE o.s.b.f.s.DefaultListableBeanFactory - Returning cached instance of singleton bean 'autoConfigurationReport'
2025-11-28 16:42:28 [restartedMain] TRACE o.s.b.f.s.DefaultListableBeanFactory - Returning cached instance of singleton bean 'autoConfigurationReport'
2025-11-28 16:42:28 [restartedMain] TRACE o.s.b.f.s.DefaultListableBeanFactory - Returning cached instance of singleton bean 'autoConfigurationReport'
2025-11-28 16:42:28 [restartedMain] TRACE o.s.b.f.s.DefaultListableBeanFactory - Returning cached instance of singleton bean 'autoConfigurationReport'
2025-11-28 16:42:28 [restartedMain] TRACE o.s.b.f.s.DefaultListableBeanFactory - Returning cached instance of singleton bean 'autoConfigurationReport'
2025-11-28 16:42:28 [restartedMain] TRACE o.s.b.f.s.DefaultListableBeanFactory - Returning cached instance of singleton bean 'autoConfigurationReport'
2025-11-28 16:42:28 [restartedMain] TRACE o.s.b.f.s.DefaultListableBeanFactory - Returning cached instance of singleton bean 'autoConfigurationReport'
2025-11-28 16:42:28 [restartedMain] TRACE o.s.b.f.s.DefaultListableBeanFactory - Returning cached instance of singleton bean 'autoConfigurationReport'
2025-11-28 16:42:28 [restartedMain] TRACE o.s.b.f.s.DefaultListableBeanFactory - Returning cached instance of singleton bean 'autoConfigurationReport'
2025-11-28 16:42:28 [restartedMain] TRACE o.s.b.f.s.DefaultListableBeanFactory - Returning cached instance of singleton bean 'autoConfigurationReport'
2025-11-28 16:42:28 [restartedMain] TRACE o.s.b.f.s.DefaultListableBeanFactory - Returning cached instance of singleton bean 'autoConfigurationReport'
2025-11-28 16:42:28 [restartedMain] TRACE o.s.b.f.s.DefaultListableBeanFactory - Returning cached instance of singleton bean 'autoConfigurationReport'
2025-11-28 16:42:28 [restartedMain] TRACE o.s.b.f.s.DefaultListableBeanFactory - Returning cached instance of singleton bean 'autoConfigurationReport'
2025-11-28 16:42:28 [restartedMain] TRACE o.s.b.f.s.DefaultListableBeanFactory - Returning cached instance of singleton bean 'autoConfigurationReport'
2025-11-28 16:42:28 [restartedMain] TRACE o.s.b.f.s.DefaultListableBeanFactory - Returning cached instance of singleton bean 'autoConfigurationReport'
2025-11-28 16:42:28 [restartedMain] TRACE o.s.b.f.s.DefaultListableBeanFactory - Returning cached instance of singleton bean 'autoConfigurationReport'
2025-11-28 16:42:28 [restartedMain] TRACE o.s.b.f.s.DefaultListableBeanFactory - Returning cached instance of singleton bean 'autoConfigurationReport'
2025-11-28 16:42:28 [restartedMain] TRACE o.s.b.f.s.DefaultListableBeanFactory - Returning cached instance of singleton bean 'autoConfigurationReport'
2025-11-28 16:42:28 [restartedMain] TRACE o.s.b.f.s.DefaultListableBeanFactory - Returning cached instance of singleton bean 'autoConfigurationReport'
2025-11-28 16:42:28 [restartedMain] TRACE o.s.b.f.s.DefaultListableBeanFactory - Returning cached instance of singleton bean 'autoConfigurationReport'
2025-11-28 16:42:28 [restartedMain] TRACE o.s.b.f.s.DefaultListableBeanFactory - Returning cached instance of singleton bean 'autoConfigurationReport'
2025-11-28 16:42:28 [restartedMain] TRACE o.s.b.f.s.DefaultListableBeanFactory - Returning cached instance of singleton bean 'autoConfigurationReport'
2025-11-28 16:42:28 [restartedMain] TRACE o.s.b.f.s.DefaultListableBeanFactory - Returning cached instance of singleton bean 'autoConfigurationReport'
2025-11-28 16:42:28 [restartedMain] TRACE o.s.b.f.s.DefaultListableBeanFactory - Returning cached instance of singleton bean 'autoConfigurationReport'
2025-11-28 16:42:28 [restartedMain] TRACE o.s.b.f.s.DefaultListableBeanFactory - Returning cached instance of singleton bean 'autoConfigurationReport'
2025-11-28 16:42:28 [restartedMain] TRACE o.s.b.f.s.DefaultListableBeanFactory - Returning cached instance of singleton bean 'autoConfigurationReport'
2025-11-28 16:42:28 [restartedMain] TRACE o.s.b.f.s.DefaultListableBeanFactory - Returning cached instance of singleton bean 'autoConfigurationReport'
2025-11-28 16:42:28 [restartedMain] TRACE o.s.b.f.s.DefaultListableBeanFactory - Returning cached instance of singleton bean 'autoConfigurationReport'
2025-11-28 16:42:28 [restartedMain] TRACE o.s.b.f.s.DefaultListableBeanFactory - Returning cached instance of singleton bean 'autoConfigurationReport'
2025-11-28 16:42:28 [restartedMain] TRACE o.s.b.f.s.DefaultListableBeanFactory - Returning cached instance of singleton bean 'autoConfigurationReport'
2025-11-28 16:42:28 [restartedMain] TRACE o.s.b.f.s.DefaultListableBeanFactory - Returning cached instance of singleton bean 'autoConfigurationReport'
2025-11-28 16:42:28 [restartedMain] TRACE o.s.b.f.s.DefaultListableBeanFactory - Returning cached instance of singleton bean 'autoConfigurationReport'
2025-11-28 16:42:28 [restartedMain] TRACE o.s.b.f.s.DefaultListableBeanFactory - Returning cached instance of singleton bean 'autoConfigurationReport'
2025-11-28 16:42:28 [restartedMain] TRACE o.s.b.f.s.DefaultListableBeanFactory - Returning cached instance of singleton bean 'autoConfigurationReport'
2025-11-28 16:42:28 [restartedMain] TRACE o.s.b.f.s.DefaultListableBeanFactory - Returning cached instance of singleton bean 'autoConfigurationReport'
2025-11-28 16:42:28 [restartedMain] TRACE o.s.b.f.s.DefaultListableBeanFactory - Returning cached instance of singleton bean 'autoConfigurationReport'
2025-11-28 16:42:28 [restartedMain] TRACE o.s.b.f.s.DefaultListableBeanFactory - Returning cached instance of singleton bean 'autoConfigurationReport'
2025-11-28 16:42:28 [restartedMain] TRACE o.s.b.f.s.DefaultListableBeanFactory - Returning cached instance of singleton bean 'autoConfigurationReport'
2025-11-28 16:42:28 [restartedMain] TRACE o.s.b.f.s.DefaultListableBeanFactory - Returning cached instance of singleton bean 'autoConfigurationReport'
2025-11-28 16:42:28 [restartedMain] TRACE o.s.b.f.s.DefaultListableBeanFactory - Returning cached instance of singleton bean 'autoConfigurationReport'
2025-11-28 16:42:28 [restartedMain] TRACE o.s.b.f.s.DefaultListableBeanFactory - Returning cached instance of singleton bean 'autoConfigurationReport'
2025-11-28 16:42:28 [restartedMain] TRACE o.s.b.f.s.DefaultListableBeanFactory - Returning cached instance of singleton bean 'autoConfigurationReport'
2025-11-28 16:42:28 [restartedMain] TRACE o.s.b.f.s.DefaultListableBeanFactory - Returning cached instance of singleton bean 'autoConfigurationReport'
2025-11-28 16:42:28 [restartedMain] TRACE o.s.b.f.s.DefaultListableBeanFactory - Returning cached instance of singleton bean 'autoConfigurationReport'
2025-11-28 16:42:28 [restartedMain] TRACE o.s.b.f.s.DefaultListableBeanFactory - Returning cached instance of singleton bean 'autoConfigurationReport'
2025-11-28 16:42:28 [restartedMain] TRACE o.s.b.f.s.DefaultListableBeanFactory - Returning cached instance of singleton bean 'autoConfigurationReport'
2025-11-28 16:42:28 [restartedMain] TRACE o.s.b.f.s.DefaultListableBeanFactory - Returning cached instance of singleton bean 'autoConfigurationReport'
2025-11-28 16:42:28 [restartedMain] TRACE o.s.b.f.s.DefaultListableBeanFactory - Returning cached instance of singleton bean 'autoConfigurationReport'
2025-11-28 16:42:28 [restartedMain] TRACE o.s.b.f.s.DefaultListableBeanFactory - Returning cached instance of singleton bean 'autoConfigurationReport'
2025-11-28 16:42:28 [restartedMain] TRACE o.s.b.f.s.DefaultListableBeanFactory - Returning cached instance of singleton bean 'autoConfigurationReport'
2025-11-28 16:42:28 [restartedMain] TRACE o.s.b.f.s.DefaultListableBeanFactory - Returning cached instance of singleton bean 'autoConfigurationReport'
2025-11-28 16:42:28 [restartedMain] TRACE o.s.b.f.s.DefaultListableBeanFactory - Returning cached instance of singleton bean 'autoConfigurationReport'
2025-11-28 16:42:28 [restartedMain] TRACE o.s.b.f.s.DefaultListableBeanFactory - Returning cached instance of singleton bean 'autoConfigurationReport'
2025-11-28 16:42:28 [restartedMain] TRACE o.s.b.f.s.DefaultListableBeanFactory - Returning cached instance of singleton bean 'autoConfigurationReport'
2025-11-28 16:42:28 [restartedMain] TRACE o.s.b.f.s.DefaultListableBeanFactory - Returning cached instance of singleton bean 'autoConfigurationReport'
2025-11-28 16:42:28 [restartedMain] TRACE o.s.b.f.s.DefaultListableBeanFactory - Returning cached instance of singleton bean 'autoConfigurationReport'
2025-11-28 16:42:28 [restartedMain] TRACE o.s.b.f.s.DefaultListableBeanFactory - Returning cached instance of singleton bean 'autoConfigurationReport'
2025-11-28 16:42:28 [restartedMain] TRACE o.s.b.f.s.DefaultListableBeanFactory - Returning cached instance of singleton bean 'autoConfigurationReport'
2025-11-28 16:42:28 [restartedMain] TRACE o.s.b.f.s.DefaultListableBeanFactory - Returning cached instance of singleton bean 'autoConfigurationReport'
2025-11-28 16:42:28 [restartedMain] TRACE o.s.b.f.s.DefaultListableBeanFactory - Returning cached instance of singleton bean 'autoConfigurationReport'
2025-11-28 16:42:28 [restartedMain] TRACE o.s.b.f.s.DefaultListableBeanFactory - Returning cached instance of singleton bean 'autoConfigurationReport'
2025-11-28 16:42:28 [restartedMain] TRACE o.s.b.f.s.DefaultListableBeanFactory - Returning cached instance of singleton bean 'autoConfigurationReport'
2025-11-28 16:42:28 [restartedMain] TRACE o.s.b.f.s.DefaultListableBeanFactory - Returning cached instance of singleton bean 'autoConfigurationReport'
2025-11-28 16:42:28 [restartedMain] TRACE o.s.b.f.s.DefaultListableBeanFactory - Returning cached instance of singleton bean 'autoConfigurationReport'
2025-11-28 16:42:28 [restartedMain] TRACE o.s.b.f.s.DefaultListableBeanFactory - Returning cached instance of singleton bean 'autoConfigurationReport'
2025-11-28 16:42:28 [restartedMain] TRACE o.s.b.f.s.DefaultListableBeanFactory - Returning cached instance of singleton bean 'autoConfigurationReport'
2025-11-28 16:42:28 [restartedMain] TRACE o.s.b.f.s.DefaultListableBeanFactory - Returning cached instance of singleton bean 'autoConfigurationReport'
2025-11-28 16:42:28 [restartedMain] TRACE o.s.b.f.s.DefaultListableBeanFactory - Returning cached instance of singleton bean 'autoConfigurationReport'
2025-11-28 16:42:28 [restartedMain] TRACE o.s.b.f.s.DefaultListableBeanFactory - Returning cached instance of singleton bean 'autoConfigurationReport'
2025-11-28 16:42:28 [restartedMain] TRACE o.s.b.f.s.DefaultListableBeanFactory - Returning cached instance of singleton bean 'autoConfigurationReport'
2025-11-28 16:42:28 [restartedMain] TRACE o.s.b.f.s.DefaultListableBeanFactory - Returning cached instance of singleton bean 'autoConfigurationReport'
2025-11-28 16:42:28 [restartedMain] TRACE o.s.b.f.s.DefaultListableBeanFactory - Returning cached instance of singleton bean 'autoConfigurationReport'
2025-11-28 16:42:28 [restartedMain] TRACE o.s.b.f.s.DefaultListableBeanFactory - Returning cached instance of singleton bean 'autoConfigurationReport'
2025-11-28 16:42:28 [restartedMain] TRACE o.s.b.f.s.DefaultListableBeanFactory - Returning cached instance of singleton bean 'autoConfigurationReport'
2025-11-28 16:42:28 [restartedMain] TRACE o.s.b.f.s.DefaultListableBeanFactory - Returning cached instance of singleton bean 'autoConfigurationReport'
2025-11-28 16:42:28 [restartedMain] TRACE o.s.b.f.s.DefaultListableBeanFactory - Returning cached instance of singleton bean 'autoConfigurationReport'
2025-11-28 16:42:28 [restartedMain] TRACE o.s.b.f.s.DefaultListableBeanFactory - Returning cached instance of singleton bean 'autoConfigurationReport'
2025-11-28 16:42:28 [restartedMain] TRACE o.s.b.f.s.DefaultListableBeanFactory - Returning cached instance of singleton bean 'autoConfigurationReport'
2025-11-28 16:42:28 [restartedMain] TRACE o.s.b.f.s.DefaultListableBeanFactory - Returning cached instance of singleton bean 'autoConfigurationReport'
2025-11-28 16:42:28 [restartedMain] TRACE o.s.b.f.s.DefaultListableBeanFactory - Returning cached instance of singleton bean 'autoConfigurationReport'
2025-11-28 16:42:28 [restartedMain] TRACE o.s.b.f.s.DefaultListableBeanFactory - Returning cached instance of singleton bean 'autoConfigurationReport'
2025-11-28 16:42:28 [restartedMain] TRACE o.s.b.f.s.DefaultListableBeanFactory - Returning cached instance of singleton bean 'autoConfigurationReport'
2025-11-28 16:42:28 [restartedMain] TRACE o.s.b.f.s.DefaultListableBeanFactory - Returning cached instance of singleton bean 'autoConfigurationReport'
2025-11-28 16:42:28 [restartedMain] TRACE o.s.b.f.s.DefaultListableBeanFactory - Returning cached instance of singleton bean 'autoConfigurationReport'
2025-11-28 16:42:28 [restartedMain] TRACE o.s.b.f.s.DefaultListableBeanFactory - Returning cached instance of singleton bean 'autoConfigurationReport'
2025-11-28 16:42:28 [restartedMain] TRACE o.s.b.f.s.DefaultListableBeanFactory - Returning cached instance of singleton bean 'autoConfigurationReport'
2025-11-28 16:42:28 [restartedMain] TRACE o.s.b.f.s.DefaultListableBeanFactory - Returning cached instance of singleton bean 'autoConfigurationReport'
2025-11-28 16:42:28 [restartedMain] TRACE o.s.b.f.s.DefaultListableBeanFactory - Returning cached instance of singleton bean 'autoConfigurationReport'
2025-11-28 16:42:28 [restartedMain] TRACE o.s.b.f.s.DefaultListableBeanFactory - Returning cached instance of singleton bean 'autoConfigurationReport'
2025-11-28 16:42:28 [restartedMain] TRACE o.s.b.f.s.DefaultListableBeanFactory - Returning cached instance of singleton bean 'autoConfigurationReport'
2025-11-28 16:42:28 [restartedMain] TRACE o.s.b.f.s.DefaultListableBeanFactory - Returning cached instance of singleton bean 'autoConfigurationReport'
2025-11-28 16:42:28 [restartedMain] TRACE o.s.b.f.s.DefaultListableBeanFactory - Returning cached instance of singleton bean 'autoConfigurationReport'
2025-11-28 16:42:28 [restartedMain] TRACE o.s.b.f.s.DefaultListableBeanFactory - Returning cached instance of singleton bean 'autoConfigurationReport'
2025-11-28 16:42:28 [restartedMain] TRACE o.s.b.f.s.DefaultListableBeanFactory - Returning cached instance of singleton bean 'autoConfigurationReport'
2025-11-28 16:42:28 [restartedMain] TRACE o.s.b.f.s.DefaultListableBeanFactory - Returning cached instance of singleton bean 'autoConfigurationReport'
2025-11-28 16:42:28 [restartedMain] TRACE o.s.b.f.s.DefaultListableBeanFactory - Returning cached instance of singleton bean 'autoConfigurationReport'
2025-11-28 16:42:28 [restartedMain] TRACE o.s.b.f.s.DefaultListableBeanFactory - Returning cached instance of singleton bean 'autoConfigurationReport'
2025-11-28 16:42:28 [restartedMain] TRACE o.s.b.f.s.DefaultListableBeanFactory - Returning cached instance of singleton bean 'autoConfigurationReport'
2025-11-28 16:42:28 [restartedMain] TRACE o.s.b.f.s.DefaultListableBeanFactory - Returning cached instance of singleton bean 'autoConfigurationReport'
2025-11-28 16:42:28 [restartedMain] TRACE o.s.b.f.s.DefaultListableBeanFactory - Returning cached instance of singleton bean 'autoConfigurationReport'
2025-11-28 16:42:28 [restartedMain] TRACE o.s.b.f.s.DefaultListableBeanFactory - Returning cached instance of singleton bean 'autoConfigurationReport'
2025-11-28 16:42:28 [restartedMain] TRACE o.s.b.f.s.DefaultListableBeanFactory - Returning cached instance of singleton bean 'autoConfigurationReport'
2025-11-28 16:42:28 [restartedMain] TRACE o.s.b.f.s.DefaultListableBeanFactory - Returning cached instance of singleton bean 'autoConfigurationReport'
2025-11-28 16:42:28 [restartedMain] TRACE o.s.b.f.s.DefaultListableBeanFactory - Returning cached instance of singleton bean 'autoConfigurationReport'
2025-11-28 16:42:28 [restartedMain] TRACE o.s.b.f.s.DefaultListableBeanFactory - Returning cached instance of singleton bean 'autoConfigurationReport'
2025-11-28 16:42:28 [restartedMain] TRACE o.s.b.f.s.DefaultListableBeanFactory - Returning cached instance of singleton bean 'autoConfigurationReport'
2025-11-28 16:42:28 [restartedMain] TRACE o.s.b.f.s.DefaultListableBeanFactory - Returning cached instance of singleton bean 'autoConfigurationReport'
2025-11-28 16:42:28 [restartedMain] TRACE o.s.b.f.s.DefaultListableBeanFactory - Returning cached instance of singleton bean 'autoConfigurationReport'
2025-11-28 16:42:28 [restartedMain] TRACE o.s.b.f.s.DefaultListableBeanFactory - Returning cached instance of singleton bean 'autoConfigurationReport'
2025-11-28 16:42:28 [restartedMain] TRACE o.s.b.f.s.DefaultListableBeanFactory - Returning cached instance of singleton bean 'autoConfigurationReport'
2025-11-28 16:42:28 [restartedMain] TRACE o.s.b.f.s.DefaultListableBeanFactory - Returning cached instance of singleton bean 'autoConfigurationReport'
2025-11-28 16:42:28 [restartedMain] TRACE o.s.b.f.s.DefaultListableBeanFactory - Returning cached instance of singleton bean 'autoConfigurationReport'
2025-11-28 16:42:28 [restartedMain] TRACE o.s.b.f.s.DefaultListableBeanFactory - Returning cached instance of singleton bean 'autoConfigurationReport'
2025-11-28 16:42:28 [restartedMain] TRACE o.s.b.f.s.DefaultListableBeanFactory - Returning cached instance of singleton bean 'autoConfigurationReport'
2025-11-28 16:42:28 [restartedMain] TRACE o.s.b.f.s.DefaultListableBeanFactory - Returning cached instance of singleton bean 'autoConfigurationReport'
2025-11-28 16:42:28 [restartedMain] TRACE o.s.b.f.s.DefaultListableBeanFactory - Returning cached instance of singleton bean 'autoConfigurationReport'
2025-11-28 16:42:28 [restartedMain] TRACE o.s.b.f.s.DefaultListableBeanFactory - Returning cached instance of singleton bean 'autoConfigurationReport'
2025-11-28 16:42:28 [restartedMain] TRACE o.s.b.f.s.DefaultListableBeanFactory - Returning cached instance of singleton bean 'autoConfigurationReport'
2025-11-28 16:42:28 [restartedMain] TRACE o.s.b.f.s.DefaultListableBeanFactory - Returning cached instance of singleton bean 'autoConfigurationReport'
2025-11-28 16:42:28 [restartedMain] TRACE o.s.b.f.s.DefaultListableBeanFactory - Returning cached instance of singleton bean 'autoConfigurationReport'
2025-11-28 16:42:28 [restartedMain] TRACE o.s.b.f.s.DefaultListableBeanFactory - Returning cached instance of singleton bean 'autoConfigurationReport'
2025-11-28 16:42:28 [restartedMain] TRACE o.s.b.f.s.DefaultListableBeanFactory - Returning cached instance of singleton bean 'autoConfigurationReport'
2025-11-28 16:42:28 [restartedMain] TRACE o.s.b.f.s.DefaultListableBeanFactory - Returning cached instance of singleton bean 'autoConfigurationReport'
2025-11-28 16:42:28 [restartedMain] TRACE o.s.b.f.s.DefaultListableBeanFactory - Returning cached instance of singleton bean 'autoConfigurationReport'
2025-11-28 16:42:28 [restartedMain] TRACE o.s.b.f.s.DefaultListableBeanFactory - Returning cached instance of singleton bean 'autoConfigurationReport'
2025-11-28 16:42:28 [restartedMain] TRACE o.s.b.f.s.DefaultListableBeanFactory - Returning cached instance of singleton bean 'autoConfigurationReport'
2025-11-28 16:42:28 [restartedMain] TRACE o.s.b.f.s.DefaultListableBeanFactory - Returning cached instance of singleton bean 'autoConfigurationReport'
2025-11-28 16:42:28 [restartedMain] TRACE o.s.b.f.s.DefaultListableBeanFactory - Returning cached instance of singleton bean 'autoConfigurationReport'
2025-11-28 16:42:28 [restartedMain] TRACE o.s.b.f.s.DefaultListableBeanFactory - Returning cached instance of singleton bean 'autoConfigurationReport'
2025-11-28 16:42:28 [restartedMain] TRACE o.s.b.f.s.DefaultListableBeanFactory - Returning cached instance of singleton bean 'autoConfigurationReport'
2025-11-28 16:42:28 [restartedMain] TRACE o.s.b.f.s.DefaultListableBeanFactory - Returning cached instance of singleton bean 'autoConfigurationReport'
2025-11-28 16:42:28 [restartedMain] TRACE o.s.b.f.s.DefaultListableBeanFactory - Returning cached instance of singleton bean 'autoConfigurationReport'
2025-11-28 16:42:28 [restartedMain] TRACE o.s.b.f.s.DefaultListableBeanFactory - Returning cached instance of singleton bean 'autoConfigurationReport'
2025-11-28 16:42:28 [restartedMain] TRACE o.s.b.f.s.DefaultListableBeanFactory - Returning cached instance of singleton bean 'autoConfigurationReport'
2025-11-28 16:42:28 [restartedMain] TRACE o.s.b.f.s.DefaultListableBeanFactory - Returning cached instance of singleton bean 'autoConfigurationReport'
2025-11-28 16:42:28 [restartedMain] TRACE o.s.b.f.s.DefaultListableBeanFactory - Returning cached instance of singleton bean 'autoConfigurationReport'
2025-11-28 16:42:28 [restartedMain] TRACE o.s.b.f.s.DefaultListableBeanFactory - Returning cached instance of singleton bean 'autoConfigurationReport'
2025-11-28 16:42:28 [restartedMain] TRACE o.s.b.f.s.DefaultListableBeanFactory - Returning cached instance of singleton bean 'autoConfigurationReport'
2025-11-28 16:42:28 [restartedMain] TRACE o.s.b.f.s.DefaultListableBeanFactory - Returning cached instance of singleton bean 'autoConfigurationReport'
2025-11-28 16:42:28 [restartedMain] TRACE o.s.b.f.s.DefaultListableBeanFactory - Returning cached instance of singleton bean 'autoConfigurationReport'
2025-11-28 16:42:28 [restartedMain] TRACE o.s.b.f.s.DefaultListableBeanFactory - Returning cached instance of singleton bean 'autoConfigurationReport'
2025-11-28 16:42:28 [restartedMain] TRACE o.s.b.f.s.DefaultListableBeanFactory - Returning cached instance of singleton bean 'autoConfigurationReport'
2025-11-28 16:42:28 [restartedMain] TRACE o.s.b.f.s.DefaultListableBeanFactory - Returning cached instance of singleton bean 'autoConfigurationReport'
2025-11-28 16:42:28 [restartedMain] TRACE o.s.b.f.s.DefaultListableBeanFactory - Returning cached instance of singleton bean 'autoConfigurationReport'
2025-11-28 16:42:28 [restartedMain] TRACE o.s.b.f.s.DefaultListableBeanFactory - Returning cached instance of singleton bean 'autoConfigurationReport'
2025-11-28 16:42:28 [restartedMain] TRACE o.s.b.f.s.DefaultListableBeanFactory - Returning cached instance of singleton bean 'autoConfigurationReport'
2025-11-28 16:42:28 [restartedMain] TRACE o.s.b.f.s.DefaultListableBeanFactory - Returning cached instance of singleton bean 'autoConfigurationReport'
2025-11-28 16:42:28 [restartedMain] TRACE o.s.b.f.s.DefaultListableBeanFactory - Returning cached instance of singleton bean 'autoConfigurationReport'
2025-11-28 16:42:28 [restartedMain] TRACE o.s.b.f.s.DefaultListableBeanFactory - Returning cached instance of singleton bean 'autoConfigurationReport'
2025-11-28 16:42:28 [restartedMain] TRACE o.s.b.f.s.DefaultListableBeanFactory - Returning cached instance of singleton bean 'autoConfigurationReport'
2025-11-28 16:42:28 [restartedMain] TRACE o.s.b.f.s.DefaultListableBeanFactory - Returning cached instance of singleton bean 'autoConfigurationReport'
2025-11-28 16:42:28 [restartedMain] TRACE o.s.b.f.s.DefaultListableBeanFactory - Returning cached instance of singleton bean 'autoConfigurationReport'
2025-11-28 16:42:28 [restartedMain] TRACE o.s.b.f.s.DefaultListableBeanFactory - Returning cached instance of singleton bean 'autoConfigurationReport'
2025-11-28 16:42:28 [restartedMain] TRACE o.s.b.f.s.DefaultListableBeanFactory - Returning cached instance of singleton bean 'autoConfigurationReport'
2025-11-28 16:42:28 [restartedMain] TRACE o.s.b.f.s.DefaultListableBeanFactory - Returning cached instance of singleton bean 'autoConfigurationReport'
2025-11-28 16:42:28 [restartedMain] TRACE o.s.b.f.s.DefaultListableBeanFactory - Returning cached instance of singleton bean 'autoConfigurationReport'
2025-11-28 16:42:28 [restartedMain] TRACE o.s.b.f.s.DefaultListableBeanFactory - Returning cached instance of singleton bean 'autoConfigurationReport'
2025-11-28 16:42:28 [restartedMain] TRACE o.s.b.f.s.DefaultListableBeanFactory - Returning cached instance of singleton bean 'autoConfigurationReport'
2025-11-28 16:42:28 [restartedMain] TRACE o.s.b.f.s.DefaultListableBeanFactory - Returning cached instance of singleton bean 'autoConfigurationReport'
2025-11-28 16:42:28 [restartedMain] TRACE o.s.b.f.s.DefaultListableBeanFactory - Returning cached instance of singleton bean 'autoConfigurationReport'
2025-11-28 16:42:28 [restartedMain] TRACE o.s.b.f.s.DefaultListableBeanFactory - Returning cached instance of singleton bean 'autoConfigurationReport'
2025-11-28 16:42:28 [restartedMain] TRACE o.s.b.f.s.DefaultListableBeanFactory - Returning cached instance of singleton bean 'autoConfigurationReport'
2025-11-28 16:42:28 [restartedMain] TRACE o.s.b.f.s.DefaultListableBeanFactory - Returning cached instance of singleton bean 'autoConfigurationReport'
2025-11-28 16:42:28 [restartedMain] TRACE o.s.b.f.s.DefaultListableBeanFactory - Returning cached instance of singleton bean 'autoConfigurationReport'
2025-11-28 16:42:28 [restartedMain] TRACE o.s.b.f.s.DefaultListableBeanFactory - Returning cached instance of singleton bean 'autoConfigurationReport'
2025-11-28 16:42:28 [restartedMain] TRACE o.s.b.f.s.DefaultListableBeanFactory - Returning cached instance of singleton bean 'autoConfigurationReport'
2025-11-28 16:42:28 [restartedMain] TRACE o.s.b.f.s.DefaultListableBeanFactory - Returning cached instance of singleton bean 'autoConfigurationReport'
2025-11-28 16:42:28 [restartedMain] TRACE o.s.b.f.s.DefaultListableBeanFactory - Returning cached instance of singleton bean 'autoConfigurationReport'
2025-11-28 16:42:28 [restartedMain] TRACE o.s.b.f.s.DefaultListableBeanFactory - Returning cached instance of singleton bean 'autoConfigurationReport'
2025-11-28 16:42:28 [restartedMain] TRACE o.s.b.f.s.DefaultListableBeanFactory - Returning cached instance of singleton bean 'autoConfigurationReport'
2025-11-28 16:42:28 [restartedMain] TRACE o.s.b.f.s.DefaultListableBeanFactory - Returning cached instance of singleton bean 'autoConfigurationReport'
2025-11-28 16:42:28 [restartedMain] TRACE o.s.b.f.s.DefaultListableBeanFactory - Returning cached instance of singleton bean 'autoConfigurationReport'
2025-11-28 16:42:28 [restartedMain] TRACE o.s.b.f.s.DefaultListableBeanFactory - Returning cached instance of singleton bean 'autoConfigurationReport'
2025-11-28 16:42:28 [restartedMain] TRACE o.s.b.f.s.DefaultListableBeanFactory - Returning cached instance of singleton bean 'autoConfigurationReport'
2025-11-28 16:42:28 [restartedMain] TRACE o.s.b.f.s.DefaultListableBeanFactory - Returning cached instance of singleton bean 'autoConfigurationReport'
2025-11-28 16:42:28 [restartedMain] TRACE o.s.b.f.s.DefaultListableBeanFactory - Returning cached instance of singleton bean 'autoConfigurationReport'
2025-11-28 16:42:28 [restartedMain] TRACE o.s.b.f.s.DefaultListableBeanFactory - Returning cached instance of singleton bean 'autoConfigurationReport'
2025-11-28 16:42:28 [restartedMain] TRACE o.s.b.f.s.DefaultListableBeanFactory - Returning cached instance of singleton bean 'autoConfigurationReport'
2025-11-28 16:42:28 [restartedMain] TRACE o.s.b.f.s.DefaultListableBeanFactory - Returning cached instance of singleton bean 'autoConfigurationReport'
2025-11-28 16:42:28 [restartedMain] TRACE o.s.b.f.s.DefaultListableBeanFactory - Returning cached instance of singleton bean 'autoConfigurationReport'
2025-11-28 16:42:28 [restartedMain] TRACE o.s.b.f.s.DefaultListableBeanFactory - Returning cached instance of singleton bean 'autoConfigurationReport'
2025-11-28 16:42:28 [restartedMain] TRACE o.s.b.f.s.DefaultListableBeanFactory - Returning cached instance of singleton bean 'autoConfigurationReport'
2025-11-28 16:42:28 [restartedMain] TRACE o.s.b.f.s.DefaultListableBeanFactory - Returning cached instance of singleton bean 'autoConfigurationReport'
2025-11-28 16:42:28 [restartedMain] TRACE o.s.b.f.s.DefaultListableBeanFactory - Returning cached instance of singleton bean 'autoConfigurationReport'
2025-11-28 16:42:28 [restartedMain] TRACE o.s.b.f.s.DefaultListableBeanFactory - Returning cached instance of singleton bean 'autoConfigurationReport'
2025-11-28 16:42:28 [restartedMain] TRACE o.s.b.f.s.DefaultListableBeanFactory - Returning cached instance of singleton bean 'autoConfigurationReport'
2025-11-28 16:42:28 [restartedMain] TRACE o.s.b.f.s.DefaultListableBeanFactory - Returning cached instance of singleton bean 'autoConfigurationReport'
2025-11-28 16:42:28 [restartedMain] TRACE o.s.b.f.s.DefaultListableBeanFactory - Returning cached instance of singleton bean 'autoConfigurationReport'
2025-11-28 16:42:28 [restartedMain] TRACE o.s.b.f.s.DefaultListableBeanFactory - Returning cached instance of singleton bean 'autoConfigurationReport'
2025-11-28 16:42:28 [restartedMain] TRACE o.s.b.f.s.DefaultListableBeanFactory - Returning cached instance of singleton bean 'autoConfigurationReport'
2025-11-28 16:42:28 [restartedMain] TRACE o.s.b.f.s.DefaultListableBeanFactory - Returning cached instance of singleton bean 'autoConfigurationReport'
2025-11-28 16:42:28 [restartedMain] TRACE o.s.b.f.s.DefaultListableBeanFactory - Returning cached instance of singleton bean 'autoConfigurationReport'
2025-11-28 16:42:28 [restartedMain] TRACE o.s.b.f.s.DefaultListableBeanFactory - Returning cached instance of singleton bean 'autoConfigurationReport'
2025-11-28 16:42:28 [restartedMain] TRACE o.s.b.f.s.DefaultListableBeanFactory - Returning cached instance of singleton bean 'autoConfigurationReport'
2025-11-28 16:42:28 [restartedMain] TRACE o.s.b.f.s.DefaultListableBeanFactory - Returning cached instance of singleton bean 'autoConfigurationReport'
2025-11-28 16:42:28 [restartedMain] TRACE o.s.b.f.s.DefaultListableBeanFactory - Returning cached instance of singleton bean 'autoConfigurationReport'
2025-11-28 16:42:28 [restartedMain] TRACE o.s.b.f.s.DefaultListableBeanFactory - Returning cached instance of singleton bean 'autoConfigurationReport'
2025-11-28 16:42:28 [restartedMain] TRACE o.s.b.f.s.DefaultListableBeanFactory - Returning cached instance of singleton bean 'autoConfigurationReport'
2025-11-28 16:42:28 [restartedMain] TRACE o.s.b.f.s.DefaultListableBeanFactory - Returning cached instance of singleton bean 'autoConfigurationReport'
2025-11-28 16:42:28 [restartedMain] TRACE o.s.b.f.s.DefaultListableBeanFactory - Returning cached instance of singleton bean 'autoConfigurationReport'
2025-11-28 16:42:28 [restartedMain] TRACE o.s.b.f.s.DefaultListableBeanFactory - Returning cached instance of singleton bean 'autoConfigurationReport'
2025-11-28 16:42:28 [restartedMain] TRACE o.s.b.f.s.DefaultListableBeanFactory - Returning cached instance of singleton bean 'autoConfigurationReport'
2025-11-28 16:42:28 [restartedMain] TRACE o.s.b.f.s.DefaultListableBeanFactory - Returning cached instance of singleton bean 'autoConfigurationReport'
2025-11-28 16:42:28 [restartedMain] TRACE o.s.b.f.s.DefaultListableBeanFactory - Returning cached instance of singleton bean 'autoConfigurationReport'
2025-11-28 16:42:28 [restartedMain] TRACE o.s.b.f.s.DefaultListableBeanFactory - Returning cached instance of singleton bean 'autoConfigurationReport'
2025-11-28 16:42:28 [restartedMain] TRACE o.s.b.f.s.DefaultListableBeanFactory - Returning cached instance of singleton bean 'autoConfigurationReport'
2025-11-28 16:42:28 [restartedMain] TRACE o.s.b.f.s.DefaultListableBeanFactory - Returning cached instance of singleton bean 'autoConfigurationReport'
2025-11-28 16:42:28 [restartedMain] TRACE o.s.b.f.s.DefaultListableBeanFactory - Returning cached instance of singleton bean 'autoConfigurationReport'
2025-11-28 16:42:28 [restartedMain] TRACE o.s.b.f.s.DefaultListableBeanFactory - Returning cached instance of singleton bean 'autoConfigurationReport'
2025-11-28 16:42:28 [restartedMain] TRACE o.s.b.f.s.DefaultListableBeanFactory - Returning cached instance of singleton bean 'autoConfigurationReport'
2025-11-28 16:42:28 [restartedMain] TRACE o.s.b.f.s.DefaultListableBeanFactory - Returning cached instance of singleton bean 'autoConfigurationReport'
2025-11-28 16:42:28 [restartedMain] TRACE o.s.b.f.s.DefaultListableBeanFactory - Returning cached instance of singleton bean 'autoConfigurationReport'
2025-11-28 16:42:28 [restartedMain] TRACE o.s.b.f.s.DefaultListableBeanFactory - Returning cached instance of singleton bean 'autoConfigurationReport'
2025-11-28 16:42:28 [restartedMain] TRACE o.s.b.f.s.DefaultListableBeanFactory - Returning cached instance of singleton bean 'autoConfigurationReport'
2025-11-28 16:42:28 [restartedMain] TRACE o.s.b.f.s.DefaultListableBeanFactory - Returning cached instance of singleton bean 'autoConfigurationReport'
2025-11-28 16:42:28 [restartedMain] TRACE o.s.b.f.s.DefaultListableBeanFactory - Returning cached instance of singleton bean 'autoConfigurationReport'
2025-11-28 16:42:28 [restartedMain] TRACE o.s.b.f.s.DefaultListableBeanFactory - Returning cached instance of singleton bean 'autoConfigurationReport'
2025-11-28 16:42:28 [restartedMain] TRACE o.s.b.f.s.DefaultListableBeanFactory - Returning cached instance of singleton bean 'autoConfigurationReport'
2025-11-28 16:42:28 [restartedMain] TRACE o.s.b.f.s.DefaultListableBeanFactory - Returning cached instance of singleton bean 'autoConfigurationReport'
2025-11-28 16:42:28 [restartedMain] TRACE o.s.b.f.s.DefaultListableBeanFactory - Returning cached instance of singleton bean 'autoConfigurationReport'
2025-11-28 16:42:28 [restartedMain] TRACE o.s.b.f.s.DefaultListableBeanFactory - Returning cached instance of singleton bean 'autoConfigurationReport'
2025-11-28 16:42:28 [restartedMain] TRACE o.s.b.f.s.DefaultListableBeanFactory - Returning cached instance of singleton bean 'autoConfigurationReport'
2025-11-28 16:42:28 [restartedMain] TRACE o.s.b.f.s.DefaultListableBeanFactory - Returning cached instance of singleton bean 'autoConfigurationReport'
2025-11-28 16:42:28 [restartedMain] TRACE o.s.b.f.s.DefaultListableBeanFactory - Returning cached instance of singleton bean 'autoConfigurationReport'
2025-11-28 16:42:28 [restartedMain] TRACE o.s.b.f.s.DefaultListableBeanFactory - Returning cached instance of singleton bean 'autoConfigurationReport'
2025-11-28 16:42:28 [restartedMain] TRACE o.s.b.f.s.DefaultListableBeanFactory - Returning cached instance of singleton bean 'autoConfigurationReport'
2025-11-28 16:42:28 [restartedMain] TRACE o.s.b.f.s.DefaultListableBeanFactory - Returning cached instance of singleton bean 'autoConfigurationReport'
2025-11-28 16:42:28 [restartedMain] TRACE o.s.b.f.s.DefaultListableBeanFactory - Returning cached instance of singleton bean 'autoConfigurationReport'
2025-11-28 16:42:28 [restartedMain] TRACE o.s.b.f.s.DefaultListableBeanFactory - Returning cached instance of singleton bean 'autoConfigurationReport'
2025-11-28 16:42:28 [restartedMain] TRACE o.s.b.f.s.DefaultListableBeanFactory - Returning cached instance of singleton bean 'autoConfigurationReport'
2025-11-28 16:42:28 [restartedMain] TRACE o.s.b.f.s.DefaultListableBeanFactory - Returning cached instance of singleton bean 'autoConfigurationReport'
2025-11-28 16:42:28 [restartedMain] TRACE o.s.b.f.s.DefaultListableBeanFactory - Returning cached instance of singleton bean 'autoConfigurationReport'
2025-11-28 16:42:28 [restartedMain] TRACE o.s.b.f.s.DefaultListableBeanFactory - Returning cached instance of singleton bean 'autoConfigurationReport'
2025-11-28 16:42:28 [restartedMain] TRACE o.s.b.f.s.DefaultListableBeanFactory - Returning cached instance of singleton bean 'autoConfigurationReport'
2025-11-28 16:42:28 [restartedMain] TRACE o.s.b.f.s.DefaultListableBeanFactory - Returning cached instance of singleton bean 'autoConfigurationReport'
2025-11-28 16:42:28 [restartedMain] TRACE o.s.b.f.s.DefaultListableBeanFactory - Returning cached instance of singleton bean 'autoConfigurationReport'
2025-11-28 16:42:28 [restartedMain] TRACE o.s.b.f.s.DefaultListableBeanFactory - Returning cached instance of singleton bean 'autoConfigurationReport'
2025-11-28 16:42:28 [restartedMain] TRACE o.s.b.f.s.DefaultListableBeanFactory - Returning cached instance of singleton bean 'autoConfigurationReport'
2025-11-28 16:42:28 [restartedMain] TRACE o.s.b.f.s.DefaultListableBeanFactory - Returning cached instance of singleton bean 'autoConfigurationReport'
2025-11-28 16:42:28 [restartedMain] TRACE o.s.b.f.s.DefaultListableBeanFactory - Returning cached instance of singleton bean 'autoConfigurationReport'
2025-11-28 16:42:28 [restartedMain] TRACE o.s.b.f.s.DefaultListableBeanFactory - Returning cached instance of singleton bean 'autoConfigurationReport'
2025-11-28 16:42:28 [restartedMain] TRACE o.s.b.f.s.DefaultListableBeanFactory - Returning cached instance of singleton bean 'autoConfigurationReport'
2025-11-28 16:42:28 [restartedMain] TRACE o.s.b.f.s.DefaultListableBeanFactory - Returning cached instance of singleton bean 'autoConfigurationReport'
2025-11-28 16:42:28 [restartedMain] TRACE o.s.b.f.s.DefaultListableBeanFactory - Returning cached instance of singleton bean 'autoConfigurationReport'
2025-11-28 16:42:28 [restartedMain] TRACE o.s.b.f.s.DefaultListableBeanFactory - Returning cached instance of singleton bean 'autoConfigurationReport'
2025-11-28 16:42:28 [restartedMain] TRACE o.s.b.f.s.DefaultListableBeanFactory - Returning cached instance of singleton bean 'autoConfigurationReport'
2025-11-28 16:42:28 [restartedMain] TRACE o.s.b.f.s.DefaultListableBeanFactory - Returning cached instance of singleton bean 'autoConfigurationReport'
2025-11-28 16:42:28 [restartedMain] TRACE o.s.b.f.s.DefaultListableBeanFactory - Returning cached instance of singleton bean 'autoConfigurationReport'
2025-11-28 16:42:28 [restartedMain] TRACE o.s.b.f.s.DefaultListableBeanFactory - Returning cached instance of singleton bean 'autoConfigurationReport'
2025-11-28 16:42:28 [restartedMain] TRACE o.s.b.f.s.DefaultListableBeanFactory - Returning cached instance of singleton bean 'autoConfigurationReport'
2025-11-28 16:42:28 [restartedMain] TRACE o.s.b.f.s.DefaultListableBeanFactory - Returning cached instance of singleton bean 'autoConfigurationReport'
2025-11-28 16:42:28 [restartedMain] TRACE o.s.b.f.s.DefaultListableBeanFactory - Returning cached instance of singleton bean 'autoConfigurationReport'
2025-11-28 16:42:28 [restartedMain] TRACE o.s.b.f.s.DefaultListableBeanFactory - Returning cached instance of singleton bean 'autoConfigurationReport'
2025-11-28 16:42:28 [restartedMain] TRACE o.s.b.f.s.DefaultListableBeanFactory - Returning cached instance of singleton bean 'autoConfigurationReport'
2025-11-28 16:42:28 [restartedMain] TRACE o.s.b.f.s.DefaultListableBeanFactory - Returning cached instance of singleton bean 'autoConfigurationReport'
2025-11-28 16:42:28 [restartedMain] TRACE o.s.b.f.s.DefaultListableBeanFactory - Returning cached instance of singleton bean 'autoConfigurationReport'
2025-11-28 16:42:28 [restartedMain] TRACE o.s.b.f.s.DefaultListableBeanFactory - Returning cached instance of singleton bean 'autoConfigurationReport'
2025-11-28 16:42:28 [restartedMain] TRACE o.s.b.f.s.DefaultListableBeanFactory - Returning cached instance of singleton bean 'autoConfigurationReport'
2025-11-28 16:42:28 [restartedMain] TRACE o.s.b.f.s.DefaultListableBeanFactory - Returning cached instance of singleton bean 'autoConfigurationReport'
2025-11-28 16:42:28 [restartedMain] TRACE o.s.b.f.s.DefaultListableBeanFactory - Returning cached instance of singleton bean 'autoConfigurationReport'
2025-11-28 16:42:28 [restartedMain] TRACE o.s.b.f.s.DefaultListableBeanFactory - Returning cached instance of singleton bean 'autoConfigurationReport'
2025-11-28 16:42:28 [restartedMain] TRACE o.s.b.f.s.DefaultListableBeanFactory - Returning cached instance of singleton bean 'autoConfigurationReport'
2025-11-28 16:42:28 [restartedMain] TRACE o.s.b.f.s.DefaultListableBeanFactory - Returning cached instance of singleton bean 'autoConfigurationReport'
2025-11-28 16:42:28 [restartedMain] TRACE o.s.b.f.s.DefaultListableBeanFactory - Returning cached instance of singleton bean 'autoConfigurationReport'
2025-11-28 16:42:28 [restartedMain] TRACE o.s.b.f.s.DefaultListableBeanFactory - Returning cached instance of singleton bean 'autoConfigurationReport'
2025-11-28 16:42:28 [restartedMain] TRACE o.s.b.f.s.DefaultListableBeanFactory - Returning cached instance of singleton bean 'autoConfigurationReport'
2025-11-28 16:42:28 [restartedMain] TRACE o.s.b.f.s.DefaultListableBeanFactory - Returning cached instance of singleton bean 'autoConfigurationReport'
2025-11-28 16:42:28 [restartedMain] TRACE o.s.b.f.s.DefaultListableBeanFactory - Returning cached instance of singleton bean 'autoConfigurationReport'
2025-11-28 16:42:28 [restartedMain] TRACE o.s.b.f.s.DefaultListableBeanFactory - Returning cached instance of singleton bean 'autoConfigurationReport'
2025-11-28 16:42:28 [restartedMain] TRACE o.s.b.f.s.DefaultListableBeanFactory - Returning cached instance of singleton bean 'autoConfigurationReport'
2025-11-28 16:42:28 [restartedMain] TRACE o.s.b.f.s.DefaultListableBeanFactory - Returning cached instance of singleton bean 'autoConfigurationReport'
2025-11-28 16:42:28 [restartedMain] TRACE o.s.b.f.s.DefaultListableBeanFactory - Returning cached instance of singleton bean 'autoConfigurationReport'
2025-11-28 16:42:28 [restartedMain] TRACE o.s.b.f.s.DefaultListableBeanFactory - Returning cached instance of singleton bean 'autoConfigurationReport'
2025-11-28 16:42:28 [restartedMain] TRACE o.s.b.f.s.DefaultListableBeanFactory - Returning cached instance of singleton bean 'autoConfigurationReport'
2025-11-28 16:42:28 [restartedMain] TRACE o.s.b.f.s.DefaultListableBeanFactory - Returning cached instance of singleton bean 'autoConfigurationReport'
2025-11-28 16:42:28 [restartedMain] TRACE o.s.b.f.s.DefaultListableBeanFactory - Returning cached instance of singleton bean 'autoConfigurationReport'
2025-11-28 16:42:28 [restartedMain] TRACE o.s.b.f.s.DefaultListableBeanFactory - Returning cached instance of singleton bean 'autoConfigurationReport'
2025-11-28 16:42:28 [restartedMain] TRACE o.s.b.f.s.DefaultListableBeanFactory - Returning cached instance of singleton bean 'autoConfigurationReport'
2025-11-28 16:42:28 [restartedMain] TRACE o.s.b.f.s.DefaultListableBeanFactory - Returning cached instance of singleton bean 'autoConfigurationReport'
2025-11-28 16:42:28 [restartedMain] TRACE o.s.b.f.s.DefaultListableBeanFactory - Returning cached instance of singleton bean 'autoConfigurationReport'
2025-11-28 16:42:28 [restartedMain] TRACE o.s.b.f.s.DefaultListableBeanFactory - Returning cached instance of singleton bean 'autoConfigurationReport'
2025-11-28 16:42:28 [restartedMain] TRACE o.s.b.f.s.DefaultListableBeanFactory - Returning cached instance of singleton bean 'autoConfigurationReport'
2025-11-28 16:42:28 [restartedMain] TRACE o.s.b.f.s.DefaultListableBeanFactory - Returning cached instance of singleton bean 'autoConfigurationReport'
2025-11-28 16:42:28 [restartedMain] TRACE o.s.b.f.s.DefaultListableBeanFactory - Returning cached instance of singleton bean 'autoConfigurationReport'
2025-11-28 16:42:28 [restartedMain] TRACE o.s.b.f.s.DefaultListableBeanFactory - Returning cached instance of singleton bean 'autoConfigurationReport'
2025-11-28 16:42:28 [restartedMain] TRACE o.s.b.f.s.DefaultListableBeanFactory - Returning cached instance of singleton bean 'autoConfigurationReport'
2025-11-28 16:42:28 [restartedMain] TRACE o.s.b.f.s.DefaultListableBeanFactory - Returning cached instance of singleton bean 'autoConfigurationReport'
2025-11-28 16:42:28 [restartedMain] TRACE o.s.b.f.s.DefaultListableBeanFactory - Returning cached instance of singleton bean 'autoConfigurationReport'
2025-11-28 16:42:28 [restartedMain] TRACE o.s.b.f.s.DefaultListableBeanFactory - Returning cached instance of singleton bean 'autoConfigurationReport'
2025-11-28 16:42:28 [restartedMain] TRACE o.s.b.f.s.DefaultListableBeanFactory - Returning cached instance of singleton bean 'autoConfigurationReport'
2025-11-28 16:42:28 [restartedMain] TRACE o.s.b.f.s.DefaultListableBeanFactory - Returning cached instance of singleton bean 'autoConfigurationReport'
2025-11-28 16:42:28 [restartedMain] TRACE o.s.b.f.s.DefaultListableBeanFactory - Returning cached instance of singleton bean 'autoConfigurationReport'
2025-11-28 16:42:28 [restartedMain] TRACE o.s.b.f.s.DefaultListableBeanFactory - Returning cached instance of singleton bean 'autoConfigurationReport'
2025-11-28 16:42:28 [restartedMain] TRACE o.s.b.f.s.DefaultListableBeanFactory - Returning cached instance of singleton bean 'autoConfigurationReport'
2025-11-28 16:42:28 [restartedMain] TRACE o.s.b.f.s.DefaultListableBeanFactory - Returning cached instance of singleton bean 'autoConfigurationReport'
2025-11-28 16:42:28 [restartedMain] TRACE o.s.b.f.s.DefaultListableBeanFactory - Returning cached instance of singleton bean 'autoConfigurationReport'
2025-11-28 16:42:28 [restartedMain] TRACE o.s.b.f.s.DefaultListableBeanFactory - Returning cached instance of singleton bean 'autoConfigurationReport'
2025-11-28 16:42:28 [restartedMain] TRACE o.s.b.f.s.DefaultListableBeanFactory - Returning cached instance of singleton bean 'autoConfigurationReport'
2025-11-28 16:42:28 [restartedMain] TRACE o.s.b.f.s.DefaultListableBeanFactory - Returning cached instance of singleton bean 'autoConfigurationReport'
2025-11-28 16:42:28 [restartedMain] TRACE o.s.b.f.s.DefaultListableBeanFactory - Returning cached instance of singleton bean 'autoConfigurationReport'
2025-11-28 16:42:28 [restartedMain] TRACE o.s.b.f.s.DefaultListableBeanFactory - Returning cached instance of singleton bean 'autoConfigurationReport'
2025-11-28 16:42:28 [restartedMain] TRACE o.s.b.f.s.DefaultListableBeanFactory - Returning cached instance of singleton bean 'autoConfigurationReport'
2025-11-28 16:42:28 [restartedMain] TRACE o.s.b.f.s.DefaultListableBeanFactory - Returning cached instance of singleton bean 'autoConfigurationReport'
2025-11-28 16:42:28 [restartedMain] TRACE o.s.b.f.s.DefaultListableBeanFactory - Returning cached instance of singleton bean 'autoConfigurationReport'
2025-11-28 16:42:28 [restartedMain] TRACE o.s.b.f.s.DefaultListableBeanFactory - Returning cached instance of singleton bean 'autoConfigurationReport'
2025-11-28 16:42:28 [restartedMain] TRACE o.s.b.f.s.DefaultListableBeanFactory - Returning cached instance of singleton bean 'autoConfigurationReport'
2025-11-28 16:42:28 [restartedMain] TRACE o.s.b.f.s.DefaultListableBeanFactory - Returning cached instance of singleton bean 'autoConfigurationReport'
2025-11-28 16:42:28 [restartedMain] TRACE o.s.b.f.s.DefaultListableBeanFactory - Returning cached instance of singleton bean 'autoConfigurationReport'
2025-11-28 16:42:28 [restartedMain] TRACE o.s.b.f.s.DefaultListableBeanFactory - Returning cached instance of singleton bean 'autoConfigurationReport'
2025-11-28 16:42:28 [restartedMain] TRACE o.s.b.f.s.DefaultListableBeanFactory - Returning cached instance of singleton bean 'autoConfigurationReport'
2025-11-28 16:42:28 [restartedMain] TRACE o.s.b.f.s.DefaultListableBeanFactory - Returning cached instance of singleton bean 'autoConfigurationReport'
2025-11-28 16:42:28 [restartedMain] TRACE o.s.b.f.s.DefaultListableBeanFactory - Returning cached instance of singleton bean 'autoConfigurationReport'
2025-11-28 16:42:28 [restartedMain] TRACE o.s.b.f.s.DefaultListableBeanFactory - Returning cached instance of singleton bean 'autoConfigurationReport'
2025-11-28 16:42:28 [restartedMain] TRACE o.s.b.f.s.DefaultListableBeanFactory - Returning cached instance of singleton bean 'autoConfigurationReport'
2025-11-28 16:42:28 [restartedMain] TRACE o.s.b.f.s.DefaultListableBeanFactory - Returning cached instance of singleton bean 'autoConfigurationReport'
2025-11-28 16:42:28 [restartedMain] TRACE o.s.b.f.s.DefaultListableBeanFactory - Returning cached instance of singleton bean 'autoConfigurationReport'
2025-11-28 16:42:28 [restartedMain] TRACE o.s.b.f.s.DefaultListableBeanFactory - Returning cached instance of singleton bean 'autoConfigurationReport'
2025-11-28 16:42:28 [restartedMain] TRACE o.s.b.f.s.DefaultListableBeanFactory - Returning cached instance of singleton bean 'autoConfigurationReport'
2025-11-28 16:42:28 [restartedMain] TRACE o.s.b.f.s.DefaultListableBeanFactory - Returning cached instance of singleton bean 'autoConfigurationReport'
2025-11-28 16:42:28 [restartedMain] TRACE o.s.b.f.s.DefaultListableBeanFactory - Returning cached instance of singleton bean 'autoConfigurationReport'
2025-11-28 16:42:28 [restartedMain] TRACE o.s.b.f.s.DefaultListableBeanFactory - Returning cached instance of singleton bean 'autoConfigurationReport'
2025-11-28 16:42:28 [restartedMain] TRACE o.s.b.f.s.DefaultListableBeanFactory - Returning cached instance of singleton bean 'autoConfigurationReport'
2025-11-28 16:42:28 [restartedMain] TRACE o.s.b.f.s.DefaultListableBeanFactory - Returning cached instance of singleton bean 'autoConfigurationReport'
2025-11-28 16:42:28 [restartedMain] TRACE o.s.b.f.s.DefaultListableBeanFactory - Returning cached instance of singleton bean 'autoConfigurationReport'
2025-11-28 16:42:28 [restartedMain] TRACE o.s.b.f.s.DefaultListableBeanFactory - Returning cached instance of singleton bean 'autoConfigurationReport'
2025-11-28 16:42:28 [restartedMain] TRACE o.s.b.f.s.DefaultListableBeanFactory - Returning cached instance of singleton bean 'autoConfigurationReport'
2025-11-28 16:42:28 [restartedMain] TRACE o.s.b.f.s.DefaultListableBeanFactory - Returning cached instance of singleton bean 'autoConfigurationReport'
2025-11-28 16:42:28 [restartedMain] TRACE o.s.b.f.s.DefaultListableBeanFactory - Returning cached instance of singleton bean 'autoConfigurationReport'
2025-11-28 16:42:28 [restartedMain] TRACE o.s.b.f.s.DefaultListableBeanFactory - Returning cached instance of singleton bean 'autoConfigurationReport'
2025-11-28 16:42:28 [restartedMain] TRACE o.s.b.f.s.DefaultListableBeanFactory - Returning cached instance of singleton bean 'autoConfigurationReport'
2025-11-28 16:42:28 [restartedMain] TRACE o.s.b.f.s.DefaultListableBeanFactory - Returning cached instance of singleton bean 'autoConfigurationReport'
2025-11-28 16:42:28 [restartedMain] TRACE o.s.b.f.s.DefaultListableBeanFactory - Returning cached instance of singleton bean 'autoConfigurationReport'
2025-11-28 16:42:28 [restartedMain] TRACE o.s.b.f.s.DefaultListableBeanFactory - Returning cached instance of singleton bean 'autoConfigurationReport'
2025-11-28 16:42:28 [restartedMain] TRACE o.s.b.f.s.DefaultListableBeanFactory - Returning cached instance of singleton bean 'autoConfigurationReport'
2025-11-28 16:42:28 [restartedMain] TRACE o.s.b.f.s.DefaultListableBeanFactory - Returning cached instance of singleton bean 'autoConfigurationReport'
2025-11-28 16:42:28 [restartedMain] TRACE o.s.b.f.s.DefaultListableBeanFactory - Returning cached instance of singleton bean 'autoConfigurationReport'
2025-11-28 16:42:28 [restartedMain] TRACE o.s.b.f.s.DefaultListableBeanFactory - Returning cached instance of singleton bean 'autoConfigurationReport'
2025-11-28 16:42:28 [restartedMain] TRACE o.s.b.f.s.DefaultListableBeanFactory - Returning cached instance of singleton bean 'autoConfigurationReport'
2025-11-28 16:42:28 [restartedMain] TRACE o.s.b.f.s.DefaultListableBeanFactory - Returning cached instance of singleton bean 'autoConfigurationReport'
2025-11-28 16:42:28 [restartedMain] TRACE o.s.b.f.s.DefaultListableBeanFactory - Returning cached instance of singleton bean 'autoConfigurationReport'
2025-11-28 16:42:28 [restartedMain] TRACE o.s.b.f.s.DefaultListableBeanFactory - Returning cached instance of singleton bean 'autoConfigurationReport'
2025-11-28 16:42:28 [restartedMain] TRACE o.s.b.f.s.DefaultListableBeanFactory - Returning cached instance of singleton bean 'autoConfigurationReport'
2025-11-28 16:42:28 [restartedMain] TRACE o.s.b.f.s.DefaultListableBeanFactory - Returning cached instance of singleton bean 'autoConfigurationReport'
2025-11-28 16:42:28 [restartedMain] TRACE o.s.b.f.s.DefaultListableBeanFactory - Returning cached instance of singleton bean 'autoConfigurationReport'
2025-11-28 16:42:28 [restartedMain] TRACE o.s.b.f.s.DefaultListableBeanFactory - Returning cached instance of singleton bean 'autoConfigurationReport'
2025-11-28 16:42:28 [restartedMain] TRACE o.s.b.f.s.DefaultListableBeanFactory - Returning cached instance of singleton bean 'autoConfigurationReport'
2025-11-28 16:42:28 [restartedMain] TRACE o.s.b.f.s.DefaultListableBeanFactory - Returning cached instance of singleton bean 'autoConfigurationReport'
2025-11-28 16:42:28 [restartedMain] TRACE o.s.b.f.s.DefaultListableBeanFactory - Returning cached instance of singleton bean 'autoConfigurationReport'
2025-11-28 16:42:28 [restartedMain] TRACE o.s.b.f.s.DefaultListableBeanFactory - Returning cached instance of singleton bean 'autoConfigurationReport'
2025-11-28 16:42:28 [restartedMain] TRACE o.s.b.f.s.DefaultListableBeanFactory - Returning cached instance of singleton bean 'autoConfigurationReport'
2025-11-28 16:42:28 [restartedMain] TRACE o.s.b.f.s.DefaultListableBeanFactory - Returning cached instance of singleton bean 'autoConfigurationReport'
2025-11-28 16:42:28 [restartedMain] TRACE o.s.b.f.s.DefaultListableBeanFactory - Returning cached instance of singleton bean 'autoConfigurationReport'
2025-11-28 16:42:28 [restartedMain] TRACE o.s.b.f.s.DefaultListableBeanFactory - Returning cached instance of singleton bean 'autoConfigurationReport'
2025-11-28 16:42:28 [restartedMain] TRACE o.s.b.f.s.DefaultListableBeanFactory - Returning cached instance of singleton bean 'autoConfigurationReport'
2025-11-28 16:42:28 [restartedMain] TRACE o.s.b.f.s.DefaultListableBeanFactory - Returning cached instance of singleton bean 'autoConfigurationReport'
2025-11-28 16:42:28 [restartedMain] TRACE o.s.b.f.s.DefaultListableBeanFactory - Returning cached instance of singleton bean 'autoConfigurationReport'
2025-11-28 16:42:28 [restartedMain] TRACE o.s.b.f.s.DefaultListableBeanFactory - Returning cached instance of singleton bean 'autoConfigurationReport'
2025-11-28 16:42:28 [restartedMain] TRACE o.s.b.f.s.DefaultListableBeanFactory - Returning cached instance of singleton bean 'autoConfigurationReport'
2025-11-28 16:42:28 [restartedMain] TRACE o.s.b.f.s.DefaultListableBeanFactory - Returning cached instance of singleton bean 'autoConfigurationReport'
2025-11-28 16:42:28 [restartedMain] TRACE o.s.b.f.s.DefaultListableBeanFactory - Returning cached instance of singleton bean 'autoConfigurationReport'
2025-11-28 16:42:28 [restartedMain] TRACE o.s.b.f.s.DefaultListableBeanFactory - Returning cached instance of singleton bean 'autoConfigurationReport'
2025-11-28 16:42:28 [restartedMain] TRACE o.s.b.f.s.DefaultListableBeanFactory - Returning cached instance of singleton bean 'autoConfigurationReport'
2025-11-28 16:42:28 [restartedMain] TRACE o.s.b.f.s.DefaultListableBeanFactory - Returning cached instance of singleton bean 'autoConfigurationReport'
2025-11-28 16:42:28 [restartedMain] TRACE o.s.b.f.s.DefaultListableBeanFactory - Returning cached instance of singleton bean 'autoConfigurationReport'
2025-11-28 16:42:28 [restartedMain] TRACE o.s.b.f.s.DefaultListableBeanFactory - Returning cached instance of singleton bean 'autoConfigurationReport'
2025-11-28 16:42:28 [restartedMain] TRACE o.s.b.f.s.DefaultListableBeanFactory - Returning cached instance of singleton bean 'autoConfigurationReport'
2025-11-28 16:42:28 [restartedMain] TRACE o.s.b.f.s.DefaultListableBeanFactory - Returning cached instance of singleton bean 'autoConfigurationReport'
2025-11-28 16:42:28 [restartedMain] TRACE o.s.b.f.s.DefaultListableBeanFactory - Returning cached instance of singleton bean 'autoConfigurationReport'
2025-11-28 16:42:28 [restartedMain] TRACE o.s.b.f.s.DefaultListableBeanFactory - Returning cached instance of singleton bean 'autoConfigurationReport'
2025-11-28 16:42:28 [restartedMain] TRACE o.s.b.f.s.DefaultListableBeanFactory - Returning cached instance of singleton bean 'autoConfigurationReport'
2025-11-28 16:42:28 [restartedMain] TRACE o.s.b.f.s.DefaultListableBeanFactory - Returning cached instance of singleton bean 'autoConfigurationReport'
2025-11-28 16:42:28 [restartedMain] TRACE o.s.b.f.s.DefaultListableBeanFactory - Returning cached instance of singleton bean 'autoConfigurationReport'
2025-11-28 16:42:28 [restartedMain] TRACE o.s.b.f.s.DefaultListableBeanFactory - Returning cached instance of singleton bean 'autoConfigurationReport'
2025-11-28 16:42:28 [restartedMain] TRACE o.s.b.f.s.DefaultListableBeanFactory - Returning cached instance of singleton bean 'autoConfigurationReport'
2025-11-28 16:42:28 [restartedMain] TRACE o.s.b.f.s.DefaultListableBeanFactory - Returning cached instance of singleton bean 'autoConfigurationReport'
2025-11-28 16:42:28 [restartedMain] TRACE o.s.b.f.s.DefaultListableBeanFactory - Returning cached instance of singleton bean 'autoConfigurationReport'
2025-11-28 16:42:28 [restartedMain] TRACE o.s.b.f.s.DefaultListableBeanFactory - Returning cached instance of singleton bean 'autoConfigurationReport'
2025-11-28 16:42:28 [restartedMain] TRACE o.s.b.f.s.DefaultListableBeanFactory - Returning cached instance of singleton bean 'autoConfigurationReport'
2025-11-28 16:42:28 [restartedMain] TRACE o.s.b.f.s.DefaultListableBeanFactory - Returning cached instance of singleton bean 'autoConfigurationReport'
2025-11-28 16:42:28 [restartedMain] TRACE o.s.b.f.s.DefaultListableBeanFactory - Returning cached instance of singleton bean 'autoConfigurationReport'
2025-11-28 16:42:28 [restartedMain] TRACE o.s.b.f.s.DefaultListableBeanFactory - Returning cached instance of singleton bean 'autoConfigurationReport'
2025-11-28 16:42:28 [restartedMain] TRACE o.s.b.f.s.DefaultListableBeanFactory - Returning cached instance of singleton bean 'autoConfigurationReport'
2025-11-28 16:42:28 [restartedMain] TRACE o.s.b.f.s.DefaultListableBeanFactory - Returning cached instance of singleton bean 'autoConfigurationReport'
2025-11-28 16:42:28 [restartedMain] TRACE o.s.b.f.s.DefaultListableBeanFactory - Returning cached instance of singleton bean 'autoConfigurationReport'
2025-11-28 16:42:28 [restartedMain] TRACE o.s.b.f.s.DefaultListableBeanFactory - Returning cached instance of singleton bean 'autoConfigurationReport'
2025-11-28 16:42:28 [restartedMain] TRACE o.s.b.f.s.DefaultListableBeanFactory - Returning cached instance of singleton bean 'autoConfigurationReport'
2025-11-28 16:42:28 [restartedMain] TRACE o.s.b.f.s.DefaultListableBeanFactory - Returning cached instance of singleton bean 'autoConfigurationReport'
2025-11-28 16:42:28 [restartedMain] TRACE o.s.b.f.s.DefaultListableBeanFactory - Returning cached instance of singleton bean 'autoConfigurationReport'
2025-11-28 16:42:28 [restartedMain] TRACE o.s.b.f.s.DefaultListableBeanFactory - Returning cached instance of singleton bean 'autoConfigurationReport'
2025-11-28 16:42:28 [restartedMain] TRACE o.s.b.f.s.DefaultListableBeanFactory - Returning cached instance of singleton bean 'autoConfigurationReport'
2025-11-28 16:42:28 [restartedMain] TRACE o.s.b.f.s.DefaultListableBeanFactory - Returning cached instance of singleton bean 'autoConfigurationReport'
2025-11-28 16:42:28 [restartedMain] TRACE o.s.b.f.s.DefaultListableBeanFactory - Returning cached instance of singleton bean 'autoConfigurationReport'
2025-11-28 16:42:28 [restartedMain] TRACE o.s.b.f.s.DefaultListableBeanFactory - Returning cached instance of singleton bean 'autoConfigurationReport'
2025-11-28 16:42:28 [restartedMain] TRACE o.s.b.f.s.DefaultListableBeanFactory - Returning cached instance of singleton bean 'autoConfigurationReport'
2025-11-28 16:42:28 [restartedMain] TRACE o.s.b.f.s.DefaultListableBeanFactory - Returning cached instance of singleton bean 'autoConfigurationReport'
2025-11-28 16:42:28 [restartedMain] TRACE o.s.b.f.s.DefaultListableBeanFactory - Returning cached instance of singleton bean 'autoConfigurationReport'
2025-11-28 16:42:28 [restartedMain] TRACE o.s.b.f.s.DefaultListableBeanFactory - Returning cached instance of singleton bean 'autoConfigurationReport'
2025-11-28 16:42:28 [restartedMain] TRACE o.s.b.f.s.DefaultListableBeanFactory - Returning cached instance of singleton bean 'autoConfigurationReport'
2025-11-28 16:42:28 [restartedMain] TRACE o.s.b.f.s.DefaultListableBeanFactory - Returning cached instance of singleton bean 'autoConfigurationReport'
2025-11-28 16:42:28 [restartedMain] TRACE o.s.b.f.s.DefaultListableBeanFactory - Returning cached instance of singleton bean 'autoConfigurationReport'
2025-11-28 16:42:28 [restartedMain] TRACE o.s.b.f.s.DefaultListableBeanFactory - Returning cached instance of singleton bean 'autoConfigurationReport'
2025-11-28 16:42:28 [restartedMain] TRACE o.s.b.f.s.DefaultListableBeanFactory - Returning cached instance of singleton bean 'autoConfigurationReport'
2025-11-28 16:42:28 [restartedMain] TRACE o.s.b.f.s.DefaultListableBeanFactory - Returning cached instance of singleton bean 'autoConfigurationReport'
2025-11-28 16:42:28 [restartedMain] TRACE o.s.b.f.s.DefaultListableBeanFactory - Returning cached instance of singleton bean 'autoConfigurationReport'
2025-11-28 16:42:28 [restartedMain] TRACE o.s.b.f.s.DefaultListableBeanFactory - Returning cached instance of singleton bean 'autoConfigurationReport'
2025-11-28 16:42:28 [restartedMain] TRACE o.s.b.f.s.DefaultListableBeanFactory - Returning cached instance of singleton bean 'autoConfigurationReport'
2025-11-28 16:42:28 [restartedMain] TRACE o.s.b.f.s.DefaultListableBeanFactory - Returning cached instance of singleton bean 'autoConfigurationReport'
2025-11-28 16:42:28 [restartedMain] TRACE o.s.b.f.s.DefaultListableBeanFactory - Returning cached instance of singleton bean 'autoConfigurationReport'
2025-11-28 16:42:28 [restartedMain] TRACE o.s.b.f.s.DefaultListableBeanFactory - Returning cached instance of singleton bean 'autoConfigurationReport'
2025-11-28 16:42:28 [restartedMain] TRACE o.s.b.f.s.DefaultListableBeanFactory - Returning cached instance of singleton bean 'autoConfigurationReport'
2025-11-28 16:42:28 [restartedMain] TRACE o.s.b.f.s.DefaultListableBeanFactory - Returning cached instance of singleton bean 'autoConfigurationReport'
2025-11-28 16:42:28 [restartedMain] TRACE o.s.b.f.s.DefaultListableBeanFactory - Returning cached instance of singleton bean 'autoConfigurationReport'
2025-11-28 16:42:28 [restartedMain] TRACE o.s.b.f.s.DefaultListableBeanFactory - Returning cached instance of singleton bean 'autoConfigurationReport'
2025-11-28 16:42:28 [restartedMain] TRACE o.s.b.f.s.DefaultListableBeanFactory - Returning cached instance of singleton bean 'autoConfigurationReport'
2025-11-28 16:42:28 [restartedMain] TRACE o.s.b.f.s.DefaultListableBeanFactory - Returning cached instance of singleton bean 'autoConfigurationReport'
2025-11-28 16:42:28 [restartedMain] TRACE o.s.b.f.s.DefaultListableBeanFactory - Returning cached instance of singleton bean 'autoConfigurationReport'
2025-11-28 16:42:28 [restartedMain] TRACE o.s.b.f.s.DefaultListableBeanFactory - Returning cached instance of singleton bean 'autoConfigurationReport'
2025-11-28 16:42:28 [restartedMain] TRACE o.s.b.f.s.DefaultListableBeanFactory - Returning cached instance of singleton bean 'autoConfigurationReport'
2025-11-28 16:42:28 [restartedMain] TRACE o.s.b.f.s.DefaultListableBeanFactory - Returning cached instance of singleton bean 'autoConfigurationReport'
2025-11-28 16:42:28 [restartedMain] TRACE o.s.b.f.s.DefaultListableBeanFactory - Returning cached instance of singleton bean 'autoConfigurationReport'
2025-11-28 16:42:28 [restartedMain] TRACE o.s.b.f.s.DefaultListableBeanFactory - Returning cached instance of singleton bean 'autoConfigurationReport'
2025-11-28 16:42:28 [restartedMain] TRACE o.s.b.f.s.DefaultListableBeanFactory - Returning cached instance of singleton bean 'autoConfigurationReport'
2025-11-28 16:42:28 [restartedMain] TRACE o.s.b.f.s.DefaultListableBeanFactory - Returning cached instance of singleton bean 'autoConfigurationReport'
2025-11-28 16:42:28 [restartedMain] TRACE o.s.b.f.s.DefaultListableBeanFactory - Returning cached instance of singleton bean 'autoConfigurationReport'
2025-11-28 16:42:28 [restartedMain] TRACE o.s.b.f.s.DefaultListableBeanFactory - Returning cached instance of singleton bean 'autoConfigurationReport'
2025-11-28 16:42:28 [restartedMain] TRACE o.s.b.f.s.DefaultListableBeanFactory - Returning cached instance of singleton bean 'autoConfigurationReport'
2025-11-28 16:42:28 [restartedMain] TRACE o.s.b.f.s.DefaultListableBeanFactory - Returning cached instance of singleton bean 'autoConfigurationReport'
2025-11-28 16:42:28 [restartedMain] TRACE o.s.b.f.s.DefaultListableBeanFactory - Returning cached instance of singleton bean 'autoConfigurationReport'
2025-11-28 16:42:28 [restartedMain] TRACE o.s.b.f.s.DefaultListableBeanFactory - Returning cached instance of singleton bean 'autoConfigurationReport'
2025-11-28 16:42:28 [restartedMain] TRACE o.s.b.f.s.DefaultListableBeanFactory - Returning cached instance of singleton bean 'autoConfigurationReport'
2025-11-28 16:42:28 [restartedMain] TRACE o.s.b.f.s.DefaultListableBeanFactory - Returning cached instance of singleton bean 'autoConfigurationReport'
2025-11-28 16:42:28 [restartedMain] TRACE o.s.b.f.s.DefaultListableBeanFactory - Returning cached instance of singleton bean 'autoConfigurationReport'
2025-11-28 16:42:28 [restartedMain] TRACE o.s.b.f.s.DefaultListableBeanFactory - Returning cached instance of singleton bean 'autoConfigurationReport'
2025-11-28 16:42:28 [restartedMain] TRACE o.s.b.f.s.DefaultListableBeanFactory - Returning cached instance of singleton bean 'autoConfigurationReport'
2025-11-28 16:42:28 [restartedMain] TRACE o.s.b.f.s.DefaultListableBeanFactory - Returning cached instance of singleton bean 'autoConfigurationReport'
2025-11-28 16:42:28 [restartedMain] TRACE o.s.b.f.s.DefaultListableBeanFactory - Returning cached instance of singleton bean 'autoConfigurationReport'
2025-11-28 16:42:28 [restartedMain] TRACE o.s.b.f.s.DefaultListableBeanFactory - Returning cached instance of singleton bean 'autoConfigurationReport'
2025-11-28 16:42:28 [restartedMain] TRACE o.s.b.f.s.DefaultListableBeanFactory - Returning cached instance of singleton bean 'autoConfigurationReport'
2025-11-28 16:42:28 [restartedMain] TRACE o.s.b.f.s.DefaultListableBeanFactory - Returning cached instance of singleton bean 'autoConfigurationReport'
2025-11-28 16:42:28 [restartedMain] TRACE o.s.b.f.s.DefaultListableBeanFactory - Returning cached instance of singleton bean 'autoConfigurationReport'
2025-11-28 16:42:28 [restartedMain] TRACE o.s.b.f.s.DefaultListableBeanFactory - Returning cached instance of singleton bean 'autoConfigurationReport'
2025-11-28 16:42:28 [restartedMain] TRACE o.s.b.f.s.DefaultListableBeanFactory - Returning cached instance of singleton bean 'autoConfigurationReport'
2025-11-28 16:42:28 [restartedMain] TRACE o.s.b.f.s.DefaultListableBeanFactory - Returning cached instance of singleton bean 'autoConfigurationReport'
2025-11-28 16:42:28 [restartedMain] TRACE o.s.b.f.s.DefaultListableBeanFactory - Returning cached instance of singleton bean 'autoConfigurationReport'
2025-11-28 16:42:28 [restartedMain] TRACE o.s.b.f.s.DefaultListableBeanFactory - Returning cached instance of singleton bean 'autoConfigurationReport'
2025-11-28 16:42:28 [restartedMain] TRACE o.s.b.f.s.DefaultListableBeanFactory - Returning cached instance of singleton bean 'autoConfigurationReport'
2025-11-28 16:42:28 [restartedMain] TRACE o.s.b.f.s.DefaultListableBeanFactory - Returning cached instance of singleton bean 'autoConfigurationReport'
2025-11-28 16:42:28 [restartedMain] TRACE o.s.b.f.s.DefaultListableBeanFactory - Returning cached instance of singleton bean 'autoConfigurationReport'
2025-11-28 16:42:28 [restartedMain] TRACE o.s.b.f.s.DefaultListableBeanFactory - Returning cached instance of singleton bean 'autoConfigurationReport'
2025-11-28 16:42:28 [restartedMain] TRACE o.s.b.f.s.DefaultListableBeanFactory - Returning cached instance of singleton bean 'autoConfigurationReport'
2025-11-28 16:42:28 [restartedMain] TRACE o.s.b.f.s.DefaultListableBeanFactory - Returning cached instance of singleton bean 'autoConfigurationReport'
2025-11-28 16:42:28 [restartedMain] TRACE o.s.b.f.s.DefaultListableBeanFactory - Returning cached instance of singleton bean 'autoConfigurationReport'
2025-11-28 16:42:28 [restartedMain] TRACE o.s.b.f.s.DefaultListableBeanFactory - Returning cached instance of singleton bean 'autoConfigurationReport'
2025-11-28 16:42:28 [restartedMain] TRACE o.s.b.f.s.DefaultListableBeanFactory - Returning cached instance of singleton bean 'autoConfigurationReport'
2025-11-28 16:42:28 [restartedMain] TRACE o.s.b.f.s.DefaultListableBeanFactory - Returning cached instance of singleton bean 'autoConfigurationReport'
2025-11-28 16:42:28 [restartedMain] TRACE o.s.b.f.s.DefaultListableBeanFactory - Returning cached instance of singleton bean 'autoConfigurationReport'
2025-11-28 16:42:28 [restartedMain] TRACE o.s.b.f.s.DefaultListableBeanFactory - Returning cached instance of singleton bean 'autoConfigurationReport'
2025-11-28 16:42:28 [restartedMain] TRACE o.s.b.f.s.DefaultListableBeanFactory - Returning cached instance of singleton bean 'autoConfigurationReport'
2025-11-28 16:42:28 [restartedMain] TRACE o.s.b.f.s.DefaultListableBeanFactory - Returning cached instance of singleton bean 'autoConfigurationReport'
2025-11-28 16:42:28 [restartedMain] TRACE o.s.b.f.s.DefaultListableBeanFactory - Returning cached instance of singleton bean 'autoConfigurationReport'
2025-11-28 16:42:28 [restartedMain] TRACE o.s.b.f.s.DefaultListableBeanFactory - Returning cached instance of singleton bean 'autoConfigurationReport'
2025-11-28 16:42:28 [restartedMain] TRACE o.s.b.f.s.DefaultListableBeanFactory - Returning cached instance of singleton bean 'autoConfigurationReport'
2025-11-28 16:42:28 [restartedMain] TRACE o.s.b.f.s.DefaultListableBeanFactory - Returning cached instance of singleton bean 'autoConfigurationReport'
2025-11-28 16:42:28 [restartedMain] TRACE o.s.b.f.s.DefaultListableBeanFactory - Returning cached instance of singleton bean 'autoConfigurationReport'
2025-11-28 16:42:28 [restartedMain] TRACE o.s.b.f.s.DefaultListableBeanFactory - Returning cached instance of singleton bean 'autoConfigurationReport'
2025-11-28 16:42:28 [restartedMain] TRACE o.s.b.f.s.DefaultListableBeanFactory - Returning cached instance of singleton bean 'autoConfigurationReport'
2025-11-28 16:42:28 [restartedMain] TRACE o.s.b.f.s.DefaultListableBeanFactory - Returning cached instance of singleton bean 'autoConfigurationReport'
2025-11-28 16:42:28 [restartedMain] TRACE o.s.b.f.s.DefaultListableBeanFactory - Returning cached instance of singleton bean 'autoConfigurationReport'
2025-11-28 16:42:28 [restartedMain] TRACE o.s.b.f.s.DefaultListableBeanFactory - Returning cached instance of singleton bean 'autoConfigurationReport'
2025-11-28 16:42:28 [restartedMain] TRACE o.s.b.f.s.DefaultListableBeanFactory - Returning cached instance of singleton bean 'autoConfigurationReport'
2025-11-28 16:42:28 [restartedMain] TRACE o.s.b.f.s.DefaultListableBeanFactory - Returning cached instance of singleton bean 'autoConfigurationReport'
2025-11-28 16:42:28 [restartedMain] TRACE o.s.b.f.s.DefaultListableBeanFactory - Returning cached instance of singleton bean 'autoConfigurationReport'
2025-11-28 16:42:28 [restartedMain] TRACE o.s.b.f.s.DefaultListableBeanFactory - Returning cached instance of singleton bean 'autoConfigurationReport'
2025-11-28 16:42:28 [restartedMain] TRACE o.s.b.f.s.DefaultListableBeanFactory - Returning cached instance of singleton bean 'autoConfigurationReport'
2025-11-28 16:42:28 [restartedMain] TRACE o.s.b.f.s.DefaultListableBeanFactory - Returning cached instance of singleton bean 'autoConfigurationReport'
2025-11-28 16:42:28 [restartedMain] TRACE o.s.b.f.s.DefaultListableBeanFactory - Returning cached instance of singleton bean 'autoConfigurationReport'
2025-11-28 16:42:28 [restartedMain] TRACE o.s.b.f.s.DefaultListableBeanFactory - Returning cached instance of singleton bean 'autoConfigurationReport'
2025-11-28 16:42:28 [restartedMain] TRACE o.s.b.f.s.DefaultListableBeanFactory - Returning cached instance of singleton bean 'autoConfigurationReport'
2025-11-28 16:42:28 [restartedMain] TRACE o.s.b.f.s.DefaultListableBeanFactory - Returning cached instance of singleton bean 'autoConfigurationReport'
2025-11-28 16:42:28 [restartedMain] TRACE o.s.b.f.s.DefaultListableBeanFactory - Returning cached instance of singleton bean 'autoConfigurationReport'
2025-11-28 16:42:28 [restartedMain] TRACE o.s.b.f.s.DefaultListableBeanFactory - Returning cached instance of singleton bean 'autoConfigurationReport'
2025-11-28 16:42:28 [restartedMain] TRACE o.s.b.f.s.DefaultListableBeanFactory - Returning cached instance of singleton bean 'autoConfigurationReport'
2025-11-28 16:42:28 [restartedMain] TRACE o.s.b.f.s.DefaultListableBeanFactory - Returning cached instance of singleton bean 'autoConfigurationReport'
2025-11-28 16:42:28 [restartedMain] TRACE o.s.b.f.s.DefaultListableBeanFactory - Returning cached instance of singleton bean 'autoConfigurationReport'
2025-11-28 16:42:28 [restartedMain] TRACE o.s.b.f.s.DefaultListableBeanFactory - Returning cached instance of singleton bean 'autoConfigurationReport'
2025-11-28 16:42:28 [restartedMain] TRACE o.s.b.f.s.DefaultListableBeanFactory - Returning cached instance of singleton bean 'autoConfigurationReport'
2025-11-28 16:42:28 [restartedMain] TRACE o.s.b.f.s.DefaultListableBeanFactory - Returning cached instance of singleton bean 'autoConfigurationReport'
2025-11-28 16:42:28 [restartedMain] TRACE o.s.b.f.s.DefaultListableBeanFactory - Returning cached instance of singleton bean 'autoConfigurationReport'
2025-11-28 16:42:28 [restartedMain] TRACE o.s.b.f.s.DefaultListableBeanFactory - Returning cached instance of singleton bean 'autoConfigurationReport'
2025-11-28 16:42:28 [restartedMain] TRACE o.s.b.f.s.DefaultListableBeanFactory - Returning cached instance of singleton bean 'autoConfigurationReport'
2025-11-28 16:42:28 [restartedMain] TRACE o.s.b.f.s.DefaultListableBeanFactory - Returning cached instance of singleton bean 'autoConfigurationReport'
2025-11-28 16:42:28 [restartedMain] TRACE o.s.b.f.s.DefaultListableBeanFactory - Returning cached instance of singleton bean 'autoConfigurationReport'
2025-11-28 16:42:28 [restartedMain] TRACE o.s.b.f.s.DefaultListableBeanFactory - Returning cached instance of singleton bean 'autoConfigurationReport'
2025-11-28 16:42:28 [restartedMain] TRACE o.s.b.f.s.DefaultListableBeanFactory - Returning cached instance of singleton bean 'autoConfigurationReport'
2025-11-28 16:42:28 [restartedMain] TRACE o.s.b.f.s.DefaultListableBeanFactory - Returning cached instance of singleton bean 'autoConfigurationReport'
2025-11-28 16:42:28 [restartedMain] TRACE o.s.b.f.s.DefaultListableBeanFactory - Returning cached instance of singleton bean 'autoConfigurationReport'
2025-11-28 16:42:28 [restartedMain] TRACE o.s.b.f.s.DefaultListableBeanFactory - Returning cached instance of singleton bean 'autoConfigurationReport'
2025-11-28 16:42:28 [restartedMain] TRACE o.s.b.f.s.DefaultListableBeanFactory - Returning cached instance of singleton bean 'autoConfigurationReport'
2025-11-28 16:42:28 [restartedMain] TRACE o.s.b.f.s.DefaultListableBeanFactory - Returning cached instance of singleton bean 'autoConfigurationReport'
2025-11-28 16:42:28 [restartedMain] TRACE o.s.b.f.s.DefaultListableBeanFactory - Returning cached instance of singleton bean 'autoConfigurationReport'
2025-11-28 16:42:28 [restartedMain] TRACE o.s.b.f.s.DefaultListableBeanFactory - Returning cached instance of singleton bean 'autoConfigurationReport'
2025-11-28 16:42:28 [restartedMain] TRACE o.s.b.f.s.DefaultListableBeanFactory - Returning cached instance of singleton bean 'autoConfigurationReport'
2025-11-28 16:42:28 [restartedMain] TRACE o.s.b.f.s.DefaultListableBeanFactory - Returning cached instance of singleton bean 'autoConfigurationReport'
2025-11-28 16:42:28 [restartedMain] TRACE o.s.b.f.s.DefaultListableBeanFactory - Returning cached instance of singleton bean 'autoConfigurationReport'
2025-11-28 16:42:28 [restartedMain] TRACE o.s.b.f.s.DefaultListableBeanFactory - Returning cached instance of singleton bean 'autoConfigurationReport'
2025-11-28 16:42:28 [restartedMain] TRACE o.s.b.f.s.DefaultListableBeanFactory - Returning cached instance of singleton bean 'autoConfigurationReport'
2025-11-28 16:42:28 [restartedMain] TRACE o.s.b.f.s.DefaultListableBeanFactory - Returning cached instance of singleton bean 'autoConfigurationReport'
2025-11-28 16:42:28 [restartedMain] TRACE o.s.b.f.s.DefaultListableBeanFactory - Returning cached instance of singleton bean 'autoConfigurationReport'
2025-11-28 16:42:28 [restartedMain] TRACE o.s.b.f.s.DefaultListableBeanFactory - Returning cached instance of singleton bean 'autoConfigurationReport'
2025-11-28 16:42:28 [restartedMain] TRACE o.s.b.f.s.DefaultListableBeanFactory - Returning cached instance of singleton bean 'autoConfigurationReport'
2025-11-28 16:42:28 [restartedMain] TRACE o.s.b.f.s.DefaultListableBeanFactory - Returning cached instance of singleton bean 'autoConfigurationReport'
2025-11-28 16:42:28 [restartedMain] TRACE o.s.b.f.s.DefaultListableBeanFactory - Returning cached instance of singleton bean 'autoConfigurationReport'
2025-11-28 16:42:28 [restartedMain] TRACE o.s.b.f.s.DefaultListableBeanFactory - Returning cached instance of singleton bean 'autoConfigurationReport'
2025-11-28 16:42:28 [restartedMain] TRACE o.s.b.f.s.DefaultListableBeanFactory - Returning cached instance of singleton bean 'autoConfigurationReport'
2025-11-28 16:42:28 [restartedMain] TRACE o.s.b.f.s.DefaultListableBeanFactory - Returning cached instance of singleton bean 'autoConfigurationReport'
2025-11-28 16:42:28 [restartedMain] TRACE o.s.b.f.s.DefaultListableBeanFactory - Returning cached instance of singleton bean 'autoConfigurationReport'
2025-11-28 16:42:28 [restartedMain] TRACE o.s.b.f.s.DefaultListableBeanFactory - Returning cached instance of singleton bean 'autoConfigurationReport'
2025-11-28 16:42:28 [restartedMain] TRACE o.s.b.f.s.DefaultListableBeanFactory - Returning cached instance of singleton bean 'autoConfigurationReport'
2025-11-28 16:42:28 [restartedMain] TRACE o.s.b.f.s.DefaultListableBeanFactory - Returning cached instance of singleton bean 'autoConfigurationReport'
2025-11-28 16:42:28 [restartedMain] TRACE o.s.b.f.s.DefaultListableBeanFactory - Returning cached instance of singleton bean 'autoConfigurationReport'
2025-11-28 16:42:28 [restartedMain] TRACE o.s.b.f.s.DefaultListableBeanFactory - Returning cached instance of singleton bean 'autoConfigurationReport'
2025-11-28 16:42:28 [restartedMain] TRACE o.s.b.f.s.DefaultListableBeanFactory - Returning cached instance of singleton bean 'autoConfigurationReport'
2025-11-28 16:42:28 [restartedMain] TRACE o.s.b.f.s.DefaultListableBeanFactory - Returning cached instance of singleton bean 'autoConfigurationReport'
2025-11-28 16:42:28 [restartedMain] TRACE o.s.b.f.s.DefaultListableBeanFactory - Returning cached instance of singleton bean 'autoConfigurationReport'
2025-11-28 16:42:28 [restartedMain] TRACE o.s.b.f.s.DefaultListableBeanFactory - Returning cached instance of singleton bean 'autoConfigurationReport'
2025-11-28 16:42:28 [restartedMain] TRACE o.s.b.f.s.DefaultListableBeanFactory - Returning cached instance of singleton bean 'autoConfigurationReport'
2025-11-28 16:42:28 [restartedMain] TRACE o.s.b.f.s.DefaultListableBeanFactory - Returning cached instance of singleton bean 'autoConfigurationReport'
2025-11-28 16:42:28 [restartedMain] TRACE o.s.b.f.s.DefaultListableBeanFactory - Returning cached instance of singleton bean 'autoConfigurationReport'
2025-11-28 16:42:28 [restartedMain] TRACE o.s.b.f.s.DefaultListableBeanFactory - Returning cached instance of singleton bean 'autoConfigurationReport'
2025-11-28 16:42:28 [restartedMain] TRACE o.s.b.f.s.DefaultListableBeanFactory - Returning cached instance of singleton bean 'autoConfigurationReport'
2025-11-28 16:42:28 [restartedMain] TRACE o.s.b.f.s.DefaultListableBeanFactory - Returning cached instance of singleton bean 'autoConfigurationReport'
2025-11-28 16:42:28 [restartedMain] TRACE o.s.b.f.s.DefaultListableBeanFactory - Returning cached instance of singleton bean 'autoConfigurationReport'
2025-11-28 16:42:28 [restartedMain] TRACE o.s.b.f.s.DefaultListableBeanFactory - Returning cached instance of singleton bean 'autoConfigurationReport'
2025-11-28 16:42:28 [restartedMain] TRACE o.s.b.f.s.DefaultListableBeanFactory - Returning cached instance of singleton bean 'autoConfigurationReport'
2025-11-28 16:42:28 [restartedMain] TRACE o.s.b.f.s.DefaultListableBeanFactory - Returning cached instance of singleton bean 'autoConfigurationReport'
2025-11-28 16:42:28 [restartedMain] TRACE o.s.b.f.s.DefaultListableBeanFactory - Returning cached instance of singleton bean 'autoConfigurationReport'
2025-11-28 16:42:28 [restartedMain] TRACE o.s.b.f.s.DefaultListableBeanFactory - Returning cached instance of singleton bean 'autoConfigurationReport'
2025-11-28 16:42:28 [restartedMain] TRACE o.s.b.f.s.DefaultListableBeanFactory - Returning cached instance of singleton bean 'autoConfigurationReport'
2025-11-28 16:42:28 [restartedMain] TRACE o.s.b.f.s.DefaultListableBeanFactory - Returning cached instance of singleton bean 'autoConfigurationReport'
2025-11-28 16:42:28 [restartedMain] TRACE o.s.b.f.s.DefaultListableBeanFactory - Returning cached instance of singleton bean 'autoConfigurationReport'
2025-11-28 16:42:28 [restartedMain] TRACE o.s.b.f.s.DefaultListableBeanFactory - Returning cached instance of singleton bean 'autoConfigurationReport'
2025-11-28 16:42:28 [restartedMain] TRACE o.s.b.f.s.DefaultListableBeanFactory - Returning cached instance of singleton bean 'autoConfigurationReport'
2025-11-28 16:42:28 [restartedMain] TRACE o.s.b.f.s.DefaultListableBeanFactory - Returning cached instance of singleton bean 'autoConfigurationReport'
2025-11-28 16:42:28 [restartedMain] TRACE o.s.b.f.s.DefaultListableBeanFactory - Returning cached instance of singleton bean 'autoConfigurationReport'
2025-11-28 16:42:28 [restartedMain] TRACE o.s.b.f.s.DefaultListableBeanFactory - Returning cached instance of singleton bean 'autoConfigurationReport'
2025-11-28 16:42:28 [restartedMain] TRACE o.s.b.f.s.DefaultListableBeanFactory - Returning cached instance of singleton bean 'autoConfigurationReport'
2025-11-28 16:42:28 [restartedMain] TRACE o.s.b.f.s.DefaultListableBeanFactory - Returning cached instance of singleton bean 'autoConfigurationReport'
2025-11-28 16:42:28 [restartedMain] TRACE o.s.b.f.s.DefaultListableBeanFactory - Returning cached instance of singleton bean 'autoConfigurationReport'
2025-11-28 16:42:28 [restartedMain] TRACE o.s.b.f.s.DefaultListableBeanFactory - Returning cached instance of singleton bean 'autoConfigurationReport'
2025-11-28 16:42:28 [restartedMain] TRACE o.s.b.f.s.DefaultListableBeanFactory - Returning cached instance of singleton bean 'autoConfigurationReport'
2025-11-28 16:42:28 [restartedMain] TRACE o.s.b.f.s.DefaultListableBeanFactory - Returning cached instance of singleton bean 'autoConfigurationReport'
2025-11-28 16:42:28 [restartedMain] TRACE o.s.b.f.s.DefaultListableBeanFactory - Returning cached instance of singleton bean 'autoConfigurationReport'
2025-11-28 16:42:28 [restartedMain] TRACE o.s.b.f.s.DefaultListableBeanFactory - Returning cached instance of singleton bean 'autoConfigurationReport'
2025-11-28 16:42:28 [restartedMain] TRACE o.s.b.f.s.DefaultListableBeanFactory - Returning cached instance of singleton bean 'autoConfigurationReport'
2025-11-28 16:42:28 [restartedMain] TRACE o.s.b.f.s.DefaultListableBeanFactory - Returning cached instance of singleton bean 'autoConfigurationReport'
2025-11-28 16:42:28 [restartedMain] TRACE o.s.b.f.s.DefaultListableBeanFactory - Returning cached instance of singleton bean 'autoConfigurationReport'
2025-11-28 16:42:28 [restartedMain] TRACE o.s.b.f.s.DefaultListableBeanFactory - Returning cached instance of singleton bean 'autoConfigurationReport'
2025-11-28 16:42:28 [restartedMain] TRACE o.s.b.f.s.DefaultListableBeanFactory - Returning cached instance of singleton bean 'autoConfigurationReport'
2025-11-28 16:42:28 [restartedMain] TRACE o.s.b.f.s.DefaultListableBeanFactory - Returning cached instance of singleton bean 'autoConfigurationReport'
2025-11-28 16:42:28 [restartedMain] TRACE o.s.b.f.s.DefaultListableBeanFactory - Returning cached instance of singleton bean 'autoConfigurationReport'
2025-11-28 16:42:28 [restartedMain] TRACE o.s.b.f.s.DefaultListableBeanFactory - Returning cached instance of singleton bean 'autoConfigurationReport'
2025-11-28 16:42:28 [restartedMain] TRACE o.s.b.f.s.DefaultListableBeanFactory - Returning cached instance of singleton bean 'autoConfigurationReport'
2025-11-28 16:42:28 [restartedMain] TRACE o.s.b.f.s.DefaultListableBeanFactory - Returning cached instance of singleton bean 'autoConfigurationReport'
2025-11-28 16:42:28 [restartedMain] TRACE o.s.b.f.s.DefaultListableBeanFactory - Returning cached instance of singleton bean 'autoConfigurationReport'
2025-11-28 16:42:28 [restartedMain] TRACE o.s.b.f.s.DefaultListableBeanFactory - Returning cached instance of singleton bean 'autoConfigurationReport'
2025-11-28 16:42:28 [restartedMain] TRACE o.s.b.f.s.DefaultListableBeanFactory - Returning cached instance of singleton bean 'autoConfigurationReport'
2025-11-28 16:42:28 [restartedMain] TRACE o.s.b.f.s.DefaultListableBeanFactory - Returning cached instance of singleton bean 'autoConfigurationReport'
2025-11-28 16:42:28 [restartedMain] TRACE o.s.b.f.s.DefaultListableBeanFactory - Returning cached instance of singleton bean 'autoConfigurationReport'
2025-11-28 16:42:28 [restartedMain] TRACE o.s.b.f.s.DefaultListableBeanFactory - Returning cached instance of singleton bean 'autoConfigurationReport'
2025-11-28 16:42:28 [restartedMain] TRACE o.s.b.f.s.DefaultListableBeanFactory - Returning cached instance of singleton bean 'autoConfigurationReport'
2025-11-28 16:42:28 [restartedMain] TRACE o.s.b.f.s.DefaultListableBeanFactory - Returning cached instance of singleton bean 'autoConfigurationReport'
2025-11-28 16:42:28 [restartedMain] TRACE o.s.b.f.s.DefaultListableBeanFactory - Returning cached instance of singleton bean 'autoConfigurationReport'
2025-11-28 16:42:28 [restartedMain] TRACE o.s.b.f.s.DefaultListableBeanFactory - Returning cached instance of singleton bean 'autoConfigurationReport'
2025-11-28 16:42:28 [restartedMain] TRACE o.s.b.f.s.DefaultListableBeanFactory - Returning cached instance of singleton bean 'autoConfigurationReport'
2025-11-28 16:42:28 [restartedMain] TRACE o.s.b.f.s.DefaultListableBeanFactory - Returning cached instance of singleton bean 'autoConfigurationReport'
2025-11-28 16:42:28 [restartedMain] TRACE o.s.b.f.s.DefaultListableBeanFactory - Returning cached instance of singleton bean 'autoConfigurationReport'
2025-11-28 16:42:28 [restartedMain] TRACE o.s.b.f.s.DefaultListableBeanFactory - Returning cached instance of singleton bean 'autoConfigurationReport'
2025-11-28 16:42:28 [restartedMain] TRACE o.s.b.f.s.DefaultListableBeanFactory - Returning cached instance of singleton bean 'autoConfigurationReport'
2025-11-28 16:42:28 [restartedMain] TRACE o.s.b.f.s.DefaultListableBeanFactory - Returning cached instance of singleton bean 'autoConfigurationReport'
2025-11-28 16:42:28 [restartedMain] TRACE o.s.b.f.s.DefaultListableBeanFactory - Returning cached instance of singleton bean 'autoConfigurationReport'
2025-11-28 16:42:28 [restartedMain] TRACE o.s.b.f.s.DefaultListableBeanFactory - Returning cached instance of singleton bean 'autoConfigurationReport'
2025-11-28 16:42:28 [restartedMain] TRACE o.s.b.f.s.DefaultListableBeanFactory - Returning cached instance of singleton bean 'autoConfigurationReport'
2025-11-28 16:42:28 [restartedMain] TRACE o.s.b.f.s.DefaultListableBeanFactory - Returning cached instance of singleton bean 'autoConfigurationReport'
2025-11-28 16:42:28 [restartedMain] TRACE o.s.b.f.s.DefaultListableBeanFactory - Returning cached instance of singleton bean 'autoConfigurationReport'
2025-11-28 16:42:28 [restartedMain] TRACE o.s.b.f.s.DefaultListableBeanFactory - Returning cached instance of singleton bean 'autoConfigurationReport'
2025-11-28 16:42:28 [restartedMain] TRACE o.s.b.f.s.DefaultListableBeanFactory - Returning cached instance of singleton bean 'autoConfigurationReport'
2025-11-28 16:42:28 [restartedMain] TRACE o.s.b.f.s.DefaultListableBeanFactory - Returning cached instance of singleton bean 'autoConfigurationReport'
2025-11-28 16:42:28 [restartedMain] TRACE o.s.b.f.s.DefaultListableBeanFactory - Returning cached instance of singleton bean 'autoConfigurationReport'
2025-11-28 16:42:28 [restartedMain] TRACE o.s.b.f.s.DefaultListableBeanFactory - Returning cached instance of singleton bean 'autoConfigurationReport'
2025-11-28 16:42:28 [restartedMain] TRACE o.s.b.f.s.DefaultListableBeanFactory - Returning cached instance of singleton bean 'autoConfigurationReport'
2025-11-28 16:42:28 [restartedMain] TRACE o.s.b.f.s.DefaultListableBeanFactory - Returning cached instance of singleton bean 'autoConfigurationReport'
2025-11-28 16:42:28 [restartedMain] TRACE o.s.b.f.s.DefaultListableBeanFactory - Returning cached instance of singleton bean 'autoConfigurationReport'
2025-11-28 16:42:28 [restartedMain] TRACE o.s.b.f.s.DefaultListableBeanFactory - Returning cached instance of singleton bean 'autoConfigurationReport'
2025-11-28 16:42:28 [restartedMain] TRACE o.s.b.f.s.DefaultListableBeanFactory - Returning cached instance of singleton bean 'autoConfigurationReport'
2025-11-28 16:42:28 [restartedMain] TRACE o.s.b.f.s.DefaultListableBeanFactory - Returning cached instance of singleton bean 'autoConfigurationReport'
2025-11-28 16:42:28 [restartedMain] TRACE o.s.b.f.s.DefaultListableBeanFactory - Returning cached instance of singleton bean 'autoConfigurationReport'
2025-11-28 16:42:28 [restartedMain] TRACE o.s.b.f.s.DefaultListableBeanFactory - Returning cached instance of singleton bean 'autoConfigurationReport'
2025-11-28 16:42:28 [restartedMain] TRACE o.s.b.f.s.DefaultListableBeanFactory - Returning cached instance of singleton bean 'autoConfigurationReport'
2025-11-28 16:42:28 [restartedMain] TRACE o.s.b.f.s.DefaultListableBeanFactory - Returning cached instance of singleton bean 'autoConfigurationReport'
2025-11-28 16:42:28 [restartedMain] TRACE o.s.b.f.s.DefaultListableBeanFactory - Returning cached instance of singleton bean 'autoConfigurationReport'
2025-11-28 16:42:28 [restartedMain] TRACE o.s.b.f.s.DefaultListableBeanFactory - Returning cached instance of singleton bean 'autoConfigurationReport'
2025-11-28 16:42:28 [restartedMain] TRACE o.s.b.f.s.DefaultListableBeanFactory - Returning cached instance of singleton bean 'autoConfigurationReport'
2025-11-28 16:42:28 [restartedMain] TRACE o.s.b.f.s.DefaultListableBeanFactory - Returning cached instance of singleton bean 'autoConfigurationReport'
2025-11-28 16:42:28 [restartedMain] TRACE o.s.b.f.s.DefaultListableBeanFactory - Returning cached instance of singleton bean 'autoConfigurationReport'
2025-11-28 16:42:28 [restartedMain] TRACE o.s.b.f.s.DefaultListableBeanFactory - Returning cached instance of singleton bean 'autoConfigurationReport'
2025-11-28 16:42:28 [restartedMain] TRACE o.s.b.f.s.DefaultListableBeanFactory - Returning cached instance of singleton bean 'autoConfigurationReport'
2025-11-28 16:42:28 [restartedMain] TRACE o.s.b.f.s.DefaultListableBeanFactory - Returning cached instance of singleton bean 'autoConfigurationReport'
2025-11-28 16:42:28 [restartedMain] TRACE o.s.b.f.s.DefaultListableBeanFactory - Returning cached instance of singleton bean 'autoConfigurationReport'
2025-11-28 16:42:28 [restartedMain] TRACE o.s.b.f.s.DefaultListableBeanFactory - Returning cached instance of singleton bean 'autoConfigurationReport'
2025-11-28 16:42:28 [restartedMain] TRACE o.s.b.f.s.DefaultListableBeanFactory - Returning cached instance of singleton bean 'autoConfigurationReport'
2025-11-28 16:42:28 [restartedMain] TRACE o.s.b.f.s.DefaultListableBeanFactory - Returning cached instance of singleton bean 'autoConfigurationReport'
2025-11-28 16:42:28 [restartedMain] TRACE o.s.b.f.s.DefaultListableBeanFactory - Returning cached instance of singleton bean 'autoConfigurationReport'
2025-11-28 16:42:28 [restartedMain] TRACE o.s.b.f.s.DefaultListableBeanFactory - Returning cached instance of singleton bean 'autoConfigurationReport'
2025-11-28 16:42:28 [restartedMain] TRACE o.s.b.f.s.DefaultListableBeanFactory - Returning cached instance of singleton bean 'autoConfigurationReport'
2025-11-28 16:42:28 [restartedMain] TRACE o.s.b.f.s.DefaultListableBeanFactory - Returning cached instance of singleton bean 'autoConfigurationReport'
2025-11-28 16:42:28 [restartedMain] TRACE o.s.b.f.s.DefaultListableBeanFactory - Returning cached instance of singleton bean 'autoConfigurationReport'
2025-11-28 16:42:28 [restartedMain] TRACE o.s.b.f.s.DefaultListableBeanFactory - Returning cached instance of singleton bean 'autoConfigurationReport'
2025-11-28 16:42:28 [restartedMain] TRACE o.s.b.f.s.DefaultListableBeanFactory - Returning cached instance of singleton bean 'autoConfigurationReport'
2025-11-28 16:42:28 [restartedMain] TRACE o.s.b.f.s.DefaultListableBeanFactory - Returning cached instance of singleton bean 'autoConfigurationReport'
2025-11-28 16:42:28 [restartedMain] TRACE o.s.b.f.s.DefaultListableBeanFactory - Returning cached instance of singleton bean 'autoConfigurationReport'
2025-11-28 16:42:28 [restartedMain] TRACE o.s.b.f.s.DefaultListableBeanFactory - Returning cached instance of singleton bean 'autoConfigurationReport'
2025-11-28 16:42:28 [restartedMain] TRACE o.s.b.f.s.DefaultListableBeanFactory - Returning cached instance of singleton bean 'autoConfigurationReport'
2025-11-28 16:42:28 [restartedMain] TRACE o.s.b.f.s.DefaultListableBeanFactory - Returning cached instance of singleton bean 'autoConfigurationReport'
2025-11-28 16:42:28 [restartedMain] TRACE o.s.b.f.s.DefaultListableBeanFactory - Returning cached instance of singleton bean 'autoConfigurationReport'
2025-11-28 16:42:28 [restartedMain] TRACE o.s.b.f.s.DefaultListableBeanFactory - Returning cached instance of singleton bean 'autoConfigurationReport'
2025-11-28 16:42:28 [restartedMain] TRACE o.s.b.f.s.DefaultListableBeanFactory - Returning cached instance of singleton bean 'autoConfigurationReport'
2025-11-28 16:42:28 [restartedMain] TRACE o.s.b.f.s.DefaultListableBeanFactory - Returning cached instance of singleton bean 'autoConfigurationReport'
2025-11-28 16:42:28 [restartedMain] TRACE o.s.b.f.s.DefaultListableBeanFactory - Returning cached instance of singleton bean 'autoConfigurationReport'
2025-11-28 16:42:28 [restartedMain] TRACE o.s.b.f.s.DefaultListableBeanFactory - Returning cached instance of singleton bean 'autoConfigurationReport'
2025-11-28 16:42:28 [restartedMain] TRACE o.s.b.f.s.DefaultListableBeanFactory - Returning cached instance of singleton bean 'autoConfigurationReport'
2025-11-28 16:42:28 [restartedMain] TRACE o.s.b.f.s.DefaultListableBeanFactory - Returning cached instance of singleton bean 'autoConfigurationReport'
2025-11-28 16:42:28 [restartedMain] TRACE o.s.b.f.s.DefaultListableBeanFactory - Returning cached instance of singleton bean 'autoConfigurationReport'
2025-11-28 16:42:28 [restartedMain] TRACE o.s.b.f.s.DefaultListableBeanFactory - Returning cached instance of singleton bean 'autoConfigurationReport'
2025-11-28 16:42:28 [restartedMain] TRACE o.s.b.f.s.DefaultListableBeanFactory - Returning cached instance of singleton bean 'autoConfigurationReport'
2025-11-28 16:42:28 [restartedMain] TRACE o.s.b.f.s.DefaultListableBeanFactory - Returning cached instance of singleton bean 'autoConfigurationReport'
2025-11-28 16:42:28 [restartedMain] TRACE o.s.b.f.s.DefaultListableBeanFactory - Returning cached instance of singleton bean 'autoConfigurationReport'
2025-11-28 16:42:28 [restartedMain] TRACE o.s.b.f.s.DefaultListableBeanFactory - Returning cached instance of singleton bean 'autoConfigurationReport'
2025-11-28 16:42:28 [restartedMain] TRACE o.s.b.f.s.DefaultListableBeanFactory - Returning cached instance of singleton bean 'autoConfigurationReport'
2025-11-28 16:42:28 [restartedMain] TRACE o.s.b.f.s.DefaultListableBeanFactory - Returning cached instance of singleton bean 'autoConfigurationReport'
2025-11-28 16:42:28 [restartedMain] TRACE o.s.b.f.s.DefaultListableBeanFactory - Returning cached instance of singleton bean 'autoConfigurationReport'
2025-11-28 16:42:28 [restartedMain] TRACE o.s.b.f.s.DefaultListableBeanFactory - Returning cached instance of singleton bean 'autoConfigurationReport'
2025-11-28 16:42:28 [restartedMain] TRACE o.s.b.f.s.DefaultListableBeanFactory - Returning cached instance of singleton bean 'autoConfigurationReport'
2025-11-28 16:42:28 [restartedMain] TRACE o.s.b.f.s.DefaultListableBeanFactory - Returning cached instance of singleton bean 'autoConfigurationReport'
2025-11-28 16:42:28 [restartedMain] TRACE o.s.b.f.s.DefaultListableBeanFactory - Returning cached instance of singleton bean 'autoConfigurationReport'
2025-11-28 16:42:28 [restartedMain] TRACE o.s.b.f.s.DefaultListableBeanFactory - Returning cached instance of singleton bean 'autoConfigurationReport'
2025-11-28 16:42:28 [restartedMain] TRACE o.s.b.f.s.DefaultListableBeanFactory - Returning cached instance of singleton bean 'autoConfigurationReport'
2025-11-28 16:42:28 [restartedMain] TRACE o.s.b.f.s.DefaultListableBeanFactory - Returning cached instance of singleton bean 'autoConfigurationReport'
2025-11-28 16:42:28 [restartedMain] TRACE o.s.b.f.s.DefaultListableBeanFactory - Returning cached instance of singleton bean 'autoConfigurationReport'
2025-11-28 16:42:28 [restartedMain] TRACE o.s.b.f.s.DefaultListableBeanFactory - Returning cached instance of singleton bean 'autoConfigurationReport'
2025-11-28 16:42:28 [restartedMain] TRACE o.s.b.f.s.DefaultListableBeanFactory - Returning cached instance of singleton bean 'autoConfigurationReport'
2025-11-28 16:42:28 [restartedMain] TRACE o.s.b.f.s.DefaultListableBeanFactory - Returning cached instance of singleton bean 'autoConfigurationReport'
2025-11-28 16:42:28 [restartedMain] TRACE o.s.b.f.s.DefaultListableBeanFactory - Returning cached instance of singleton bean 'autoConfigurationReport'
2025-11-28 16:42:28 [restartedMain] TRACE o.s.b.f.s.DefaultListableBeanFactory - Returning cached instance of singleton bean 'autoConfigurationReport'
2025-11-28 16:42:28 [restartedMain] TRACE o.s.b.f.s.DefaultListableBeanFactory - Returning cached instance of singleton bean 'autoConfigurationReport'
2025-11-28 16:42:28 [restartedMain] TRACE o.s.b.f.s.DefaultListableBeanFactory - Returning cached instance of singleton bean 'autoConfigurationReport'
2025-11-28 16:42:28 [restartedMain] TRACE o.s.b.f.s.DefaultListableBeanFactory - Returning cached instance of singleton bean 'autoConfigurationReport'
2025-11-28 16:42:28 [restartedMain] TRACE o.s.b.f.s.DefaultListableBeanFactory - Returning cached instance of singleton bean 'autoConfigurationReport'
2025-11-28 16:42:28 [restartedMain] TRACE o.s.b.f.s.DefaultListableBeanFactory - Returning cached instance of singleton bean 'autoConfigurationReport'
2025-11-28 16:42:28 [restartedMain] TRACE o.s.b.f.s.DefaultListableBeanFactory - Returning cached instance of singleton bean 'autoConfigurationReport'
2025-11-28 16:42:28 [restartedMain] TRACE o.s.b.f.s.DefaultListableBeanFactory - Returning cached instance of singleton bean 'autoConfigurationReport'
2025-11-28 16:42:28 [restartedMain] TRACE o.s.b.f.s.DefaultListableBeanFactory - Returning cached instance of singleton bean 'autoConfigurationReport'
2025-11-28 16:42:28 [restartedMain] TRACE o.s.b.f.s.DefaultListableBeanFactory - Returning cached instance of singleton bean 'autoConfigurationReport'
2025-11-28 16:42:28 [restartedMain] TRACE o.s.b.f.s.DefaultListableBeanFactory - Returning cached instance of singleton bean 'autoConfigurationReport'
2025-11-28 16:42:28 [restartedMain] TRACE o.s.b.f.s.DefaultListableBeanFactory - Returning cached instance of singleton bean 'autoConfigurationReport'
2025-11-28 16:42:28 [restartedMain] TRACE o.s.b.f.s.DefaultListableBeanFactory - Returning cached instance of singleton bean 'autoConfigurationReport'
2025-11-28 16:42:28 [restartedMain] TRACE o.s.b.f.s.DefaultListableBeanFactory - Returning cached instance of singleton bean 'autoConfigurationReport'
2025-11-28 16:42:28 [restartedMain] TRACE o.s.b.f.s.DefaultListableBeanFactory - Returning cached instance of singleton bean 'autoConfigurationReport'
2025-11-28 16:42:28 [restartedMain] TRACE o.s.b.f.s.DefaultListableBeanFactory - Returning cached instance of singleton bean 'autoConfigurationReport'
2025-11-28 16:42:28 [restartedMain] TRACE o.s.b.f.s.DefaultListableBeanFactory - Returning cached instance of singleton bean 'autoConfigurationReport'
2025-11-28 16:42:28 [restartedMain] TRACE o.s.b.f.s.DefaultListableBeanFactory - Returning cached instance of singleton bean 'autoConfigurationReport'
2025-11-28 16:42:28 [restartedMain] TRACE o.s.b.f.s.DefaultListableBeanFactory - Returning cached instance of singleton bean 'autoConfigurationReport'
2025-11-28 16:42:28 [restartedMain] TRACE o.s.b.f.s.DefaultListableBeanFactory - Returning cached instance of singleton bean 'autoConfigurationReport'
2025-11-28 16:42:28 [restartedMain] TRACE o.s.b.f.s.DefaultListableBeanFactory - Returning cached instance of singleton bean 'autoConfigurationReport'
2025-11-28 16:42:28 [restartedMain] TRACE o.s.b.f.s.DefaultListableBeanFactory - Returning cached instance of singleton bean 'autoConfigurationReport'
2025-11-28 16:42:28 [restartedMain] TRACE o.s.b.f.s.DefaultListableBeanFactory - Returning cached instance of singleton bean 'autoConfigurationReport'
2025-11-28 16:42:28 [restartedMain] TRACE o.s.b.f.s.DefaultListableBeanFactory - Returning cached instance of singleton bean 'autoConfigurationReport'
2025-11-28 16:42:28 [restartedMain] TRACE o.s.b.f.s.DefaultListableBeanFactory - Returning cached instance of singleton bean 'autoConfigurationReport'
2025-11-28 16:42:28 [restartedMain] TRACE o.s.b.f.s.DefaultListableBeanFactory - Returning cached instance of singleton bean 'autoConfigurationReport'
2025-11-28 16:42:28 [restartedMain] TRACE o.s.b.f.s.DefaultListableBeanFactory - Returning cached instance of singleton bean 'autoConfigurationReport'
2025-11-28 16:42:28 [restartedMain] TRACE o.s.b.f.s.DefaultListableBeanFactory - Returning cached instance of singleton bean 'autoConfigurationReport'
2025-11-28 16:42:28 [restartedMain] TRACE o.s.b.f.s.DefaultListableBeanFactory - Returning cached instance of singleton bean 'autoConfigurationReport'
2025-11-28 16:42:28 [restartedMain] TRACE o.s.b.f.s.DefaultListableBeanFactory - Returning cached instance of singleton bean 'autoConfigurationReport'
2025-11-28 16:42:28 [restartedMain] TRACE o.s.b.f.s.DefaultListableBeanFactory - Returning cached instance of singleton bean 'autoConfigurationReport'
2025-11-28 16:42:28 [restartedMain] TRACE o.s.b.f.s.DefaultListableBeanFactory - Returning cached instance of singleton bean 'autoConfigurationReport'
2025-11-28 16:42:28 [restartedMain] TRACE o.s.b.f.s.DefaultListableBeanFactory - Returning cached instance of singleton bean 'autoConfigurationReport'
2025-11-28 16:42:28 [restartedMain] TRACE o.s.b.f.s.DefaultListableBeanFactory - Returning cached instance of singleton bean 'autoConfigurationReport'
2025-11-28 16:42:28 [restartedMain] TRACE o.s.b.f.s.DefaultListableBeanFactory - Returning cached instance of singleton bean 'autoConfigurationReport'
2025-11-28 16:42:28 [restartedMain] TRACE o.s.b.f.s.DefaultListableBeanFactory - Returning cached instance of singleton bean 'autoConfigurationReport'
2025-11-28 16:42:28 [restartedMain] TRACE o.s.b.f.s.DefaultListableBeanFactory - Returning cached instance of singleton bean 'autoConfigurationReport'
2025-11-28 16:42:28 [restartedMain] TRACE o.s.b.f.s.DefaultListableBeanFactory - Returning cached instance of singleton bean 'autoConfigurationReport'
2025-11-28 16:42:28 [restartedMain] TRACE o.s.b.f.s.DefaultListableBeanFactory - Returning cached instance of singleton bean 'autoConfigurationReport'
2025-11-28 16:42:28 [restartedMain] TRACE o.s.b.f.s.DefaultListableBeanFactory - Returning cached instance of singleton bean 'autoConfigurationReport'
2025-11-28 16:42:28 [restartedMain] TRACE o.s.b.f.s.DefaultListableBeanFactory - Returning cached instance of singleton bean 'autoConfigurationReport'
2025-11-28 16:42:28 [restartedMain] TRACE o.s.b.f.s.DefaultListableBeanFactory - Returning cached instance of singleton bean 'autoConfigurationReport'
2025-11-28 16:42:28 [restartedMain] TRACE o.s.b.f.s.DefaultListableBeanFactory - Returning cached instance of singleton bean 'autoConfigurationReport'
2025-11-28 16:42:28 [restartedMain] TRACE o.s.b.f.s.DefaultListableBeanFactory - Returning cached instance of singleton bean 'autoConfigurationReport'
2025-11-28 16:42:28 [restartedMain] TRACE o.s.b.f.s.DefaultListableBeanFactory - Returning cached instance of singleton bean 'autoConfigurationReport'
2025-11-28 16:42:28 [restartedMain] TRACE o.s.b.f.s.DefaultListableBeanFactory - Returning cached instance of singleton bean 'autoConfigurationReport'
2025-11-28 16:42:28 [restartedMain] TRACE o.s.b.f.s.DefaultListableBeanFactory - Returning cached instance of singleton bean 'autoConfigurationReport'
2025-11-28 16:42:28 [restartedMain] TRACE o.s.b.f.s.DefaultListableBeanFactory - Returning cached instance of singleton bean 'autoConfigurationReport'
2025-11-28 16:42:28 [restartedMain] TRACE o.s.b.f.s.DefaultListableBeanFactory - Returning cached instance of singleton bean 'autoConfigurationReport'
2025-11-28 16:42:28 [restartedMain] TRACE o.s.b.f.s.DefaultListableBeanFactory - Returning cached instance of singleton bean 'autoConfigurationReport'
2025-11-28 16:42:28 [restartedMain] TRACE o.s.b.f.s.DefaultListableBeanFactory - Returning cached instance of singleton bean 'autoConfigurationReport'
2025-11-28 16:42:28 [restartedMain] TRACE o.s.b.f.s.DefaultListableBeanFactory - Returning cached instance of singleton bean 'autoConfigurationReport'
2025-11-28 16:42:28 [restartedMain] TRACE o.s.b.f.s.DefaultListableBeanFactory - Returning cached instance of singleton bean 'autoConfigurationReport'
2025-11-28 16:42:28 [restartedMain] TRACE o.s.b.f.s.DefaultListableBeanFactory - Alias definition 'taskExecutor' registered for name 'applicationTaskExecutor'
2025-11-28 16:42:28 [restartedMain] TRACE o.s.b.f.s.DefaultListableBeanFactory - Returning cached instance of singleton bean 'autoConfigurationReport'
2025-11-28 16:42:28 [restartedMain] TRACE o.s.b.f.s.DefaultListableBeanFactory - Returning cached instance of singleton bean 'autoConfigurationReport'
2025-11-28 16:42:28 [restartedMain] TRACE o.s.b.f.s.DefaultListableBeanFactory - Returning cached instance of singleton bean 'autoConfigurationReport'
2025-11-28 16:42:28 [restartedMain] TRACE o.s.b.f.s.DefaultListableBeanFactory - Returning cached instance of singleton bean 'autoConfigurationReport'
2025-11-28 16:42:28 [restartedMain] TRACE o.s.b.f.s.DefaultListableBeanFactory - Returning cached instance of singleton bean 'autoConfigurationReport'
2025-11-28 16:42:28 [restartedMain] TRACE o.s.b.f.s.DefaultListableBeanFactory - Returning cached instance of singleton bean 'autoConfigurationReport'
2025-11-28 16:42:28 [restartedMain] TRACE o.s.b.f.s.DefaultListableBeanFactory - Returning cached instance of singleton bean 'autoConfigurationReport'
2025-11-28 16:42:28 [restartedMain] TRACE o.s.b.f.s.DefaultListableBeanFactory - Returning cached instance of singleton bean 'autoConfigurationReport'
2025-11-28 16:42:28 [restartedMain] TRACE o.s.b.f.s.DefaultListableBeanFactory - Returning cached instance of singleton bean 'autoConfigurationReport'
2025-11-28 16:42:28 [restartedMain] TRACE o.s.b.f.s.DefaultListableBeanFactory - Returning cached instance of singleton bean 'autoConfigurationReport'
2025-11-28 16:42:28 [restartedMain] TRACE o.s.b.f.s.DefaultListableBeanFactory - Returning cached instance of singleton bean 'autoConfigurationReport'
2025-11-28 16:42:28 [restartedMain] TRACE o.s.b.f.s.DefaultListableBeanFactory - Returning cached instance of singleton bean 'autoConfigurationReport'
2025-11-28 16:42:28 [restartedMain] TRACE o.s.b.f.s.DefaultListableBeanFactory - Returning cached instance of singleton bean 'autoConfigurationReport'
2025-11-28 16:42:28 [restartedMain] TRACE o.s.b.f.s.DefaultListableBeanFactory - Returning cached instance of singleton bean 'autoConfigurationReport'
2025-11-28 16:42:28 [restartedMain] TRACE o.s.b.f.s.DefaultListableBeanFactory - Returning cached instance of singleton bean 'autoConfigurationReport'
2025-11-28 16:42:28 [restartedMain] TRACE o.s.b.f.s.DefaultListableBeanFactory - Returning cached instance of singleton bean 'autoConfigurationReport'
2025-11-28 16:42:28 [restartedMain] TRACE o.s.b.f.s.DefaultListableBeanFactory - Returning cached instance of singleton bean 'autoConfigurationReport'
2025-11-28 16:42:28 [restartedMain] TRACE o.s.b.f.s.DefaultListableBeanFactory - Returning cached instance of singleton bean 'autoConfigurationReport'
2025-11-28 16:42:28 [restartedMain] TRACE o.s.b.f.s.DefaultListableBeanFactory - Returning cached instance of singleton bean 'autoConfigurationReport'
2025-11-28 16:42:28 [restartedMain] TRACE o.s.b.f.s.DefaultListableBeanFactory - Returning cached instance of singleton bean 'autoConfigurationReport'
2025-11-28 16:42:28 [restartedMain] TRACE o.s.b.f.s.DefaultListableBeanFactory - Returning cached instance of singleton bean 'autoConfigurationReport'
2025-11-28 16:42:28 [restartedMain] TRACE o.s.b.f.s.DefaultListableBeanFactory - Returning cached instance of singleton bean 'autoConfigurationReport'
2025-11-28 16:42:28 [restartedMain] TRACE o.s.b.f.s.DefaultListableBeanFactory - Returning cached instance of singleton bean 'autoConfigurationReport'
2025-11-28 16:42:28 [restartedMain] TRACE o.s.b.f.s.DefaultListableBeanFactory - Returning cached instance of singleton bean 'autoConfigurationReport'
2025-11-28 16:42:28 [restartedMain] TRACE o.s.b.f.s.DefaultListableBeanFactory - Returning cached instance of singleton bean 'autoConfigurationReport'
2025-11-28 16:42:28 [restartedMain] TRACE o.s.b.f.s.DefaultListableBeanFactory - Returning cached instance of singleton bean 'autoConfigurationReport'
2025-11-28 16:42:28 [restartedMain] TRACE o.s.b.f.s.DefaultListableBeanFactory - Returning cached instance of singleton bean 'autoConfigurationReport'
2025-11-28 16:42:28 [restartedMain] TRACE o.s.b.f.s.DefaultListableBeanFactory - Returning cached instance of singleton bean 'autoConfigurationReport'
2025-11-28 16:42:28 [restartedMain] TRACE o.s.b.f.s.DefaultListableBeanFactory - Returning cached instance of singleton bean 'autoConfigurationReport'
2025-11-28 16:42:28 [restartedMain] TRACE o.s.b.f.s.DefaultListableBeanFactory - Returning cached instance of singleton bean 'autoConfigurationReport'
2025-11-28 16:42:28 [restartedMain] TRACE o.s.b.f.s.DefaultListableBeanFactory - Returning cached instance of singleton bean 'autoConfigurationReport'
2025-11-28 16:42:28 [restartedMain] TRACE o.s.b.f.s.DefaultListableBeanFactory - Returning cached instance of singleton bean 'autoConfigurationReport'
2025-11-28 16:42:28 [restartedMain] TRACE o.s.b.f.s.DefaultListableBeanFactory - Returning cached instance of singleton bean 'autoConfigurationReport'
2025-11-28 16:42:28 [restartedMain] TRACE o.s.b.f.s.DefaultListableBeanFactory - Returning cached instance of singleton bean 'autoConfigurationReport'
2025-11-28 16:42:28 [restartedMain] TRACE o.s.b.f.s.DefaultListableBeanFactory - Returning cached instance of singleton bean 'autoConfigurationReport'
2025-11-28 16:42:28 [restartedMain] TRACE o.s.b.f.s.DefaultListableBeanFactory - Returning cached instance of singleton bean 'autoConfigurationReport'
2025-11-28 16:42:28 [restartedMain] TRACE o.s.b.f.s.DefaultListableBeanFactory - Returning cached instance of singleton bean 'autoConfigurationReport'
2025-11-28 16:42:28 [restartedMain] TRACE o.s.b.f.s.DefaultListableBeanFactory - Returning cached instance of singleton bean 'autoConfigurationReport'
2025-11-28 16:42:28 [restartedMain] TRACE o.s.b.f.s.DefaultListableBeanFactory - Returning cached instance of singleton bean 'autoConfigurationReport'
2025-11-28 16:42:28 [restartedMain] TRACE o.s.b.f.s.DefaultListableBeanFactory - Returning cached instance of singleton bean 'autoConfigurationReport'
2025-11-28 16:42:28 [restartedMain] TRACE o.s.b.f.s.DefaultListableBeanFactory - Returning cached instance of singleton bean 'autoConfigurationReport'
2025-11-28 16:42:28 [restartedMain] TRACE o.s.b.f.s.DefaultListableBeanFactory - Returning cached instance of singleton bean 'autoConfigurationReport'
2025-11-28 16:42:28 [restartedMain] TRACE o.s.b.f.s.DefaultListableBeanFactory - Returning cached instance of singleton bean 'autoConfigurationReport'
2025-11-28 16:42:28 [restartedMain] TRACE o.s.b.f.s.DefaultListableBeanFactory - Returning cached instance of singleton bean 'autoConfigurationReport'
2025-11-28 16:42:28 [restartedMain] TRACE o.s.b.f.s.DefaultListableBeanFactory - Returning cached instance of singleton bean 'autoConfigurationReport'
2025-11-28 16:42:28 [restartedMain] TRACE o.s.b.f.s.DefaultListableBeanFactory - Returning cached instance of singleton bean 'autoConfigurationReport'
2025-11-28 16:42:28 [restartedMain] TRACE o.s.b.f.s.DefaultListableBeanFactory - Returning cached instance of singleton bean 'autoConfigurationReport'
2025-11-28 16:42:28 [restartedMain] TRACE o.s.b.f.s.DefaultListableBeanFactory - Returning cached instance of singleton bean 'autoConfigurationReport'
2025-11-28 16:42:28 [restartedMain] TRACE o.s.b.f.s.DefaultListableBeanFactory - Returning cached instance of singleton bean 'autoConfigurationReport'
2025-11-28 16:42:28 [restartedMain] TRACE o.s.b.f.s.DefaultListableBeanFactory - Returning cached instance of singleton bean 'autoConfigurationReport'
2025-11-28 16:42:28 [restartedMain] TRACE o.s.b.f.s.DefaultListableBeanFactory - Returning cached instance of singleton bean 'autoConfigurationReport'
2025-11-28 16:42:28 [restartedMain] TRACE o.s.b.f.s.DefaultListableBeanFactory - Returning cached instance of singleton bean 'autoConfigurationReport'
2025-11-28 16:42:28 [restartedMain] TRACE o.s.b.f.s.DefaultListableBeanFactory - Returning cached instance of singleton bean 'autoConfigurationReport'
2025-11-28 16:42:28 [restartedMain] TRACE o.s.b.f.s.DefaultListableBeanFactory - Returning cached instance of singleton bean 'autoConfigurationReport'
2025-11-28 16:42:28 [restartedMain] TRACE o.s.b.f.s.DefaultListableBeanFactory - Returning cached instance of singleton bean 'autoConfigurationReport'
2025-11-28 16:42:28 [restartedMain] TRACE o.s.b.f.s.DefaultListableBeanFactory - Returning cached instance of singleton bean 'autoConfigurationReport'
2025-11-28 16:42:28 [restartedMain] TRACE o.s.b.f.s.DefaultListableBeanFactory - Returning cached instance of singleton bean 'autoConfigurationReport'
2025-11-28 16:42:28 [restartedMain] TRACE o.s.b.f.s.DefaultListableBeanFactory - Returning cached instance of singleton bean 'autoConfigurationReport'
2025-11-28 16:42:28 [restartedMain] TRACE o.s.b.f.s.DefaultListableBeanFactory - Returning cached instance of singleton bean 'autoConfigurationReport'
2025-11-28 16:42:28 [restartedMain] TRACE o.s.b.f.s.DefaultListableBeanFactory - Returning cached instance of singleton bean 'autoConfigurationReport'
2025-11-28 16:42:28 [restartedMain] TRACE o.s.b.f.s.DefaultListableBeanFactory - Returning cached instance of singleton bean 'autoConfigurationReport'
2025-11-28 16:42:28 [restartedMain] TRACE o.s.b.f.s.DefaultListableBeanFactory - Returning cached instance of singleton bean 'autoConfigurationReport'
2025-11-28 16:42:28 [restartedMain] TRACE o.s.b.f.s.DefaultListableBeanFactory - Returning cached instance of singleton bean 'autoConfigurationReport'
2025-11-28 16:42:28 [restartedMain] TRACE o.s.b.f.s.DefaultListableBeanFactory - Returning cached instance of singleton bean 'autoConfigurationReport'
2025-11-28 16:42:28 [restartedMain] TRACE o.s.b.f.s.DefaultListableBeanFactory - Returning cached instance of singleton bean 'autoConfigurationReport'
2025-11-28 16:42:28 [restartedMain] TRACE o.s.b.f.s.DefaultListableBeanFactory - Returning cached instance of singleton bean 'autoConfigurationReport'
2025-11-28 16:42:28 [restartedMain] TRACE o.s.b.f.s.DefaultListableBeanFactory - Returning cached instance of singleton bean 'autoConfigurationReport'
2025-11-28 16:42:28 [restartedMain] TRACE o.s.b.f.s.DefaultListableBeanFactory - Returning cached instance of singleton bean 'autoConfigurationReport'
2025-11-28 16:42:28 [restartedMain] TRACE o.s.b.f.s.DefaultListableBeanFactory - Returning cached instance of singleton bean 'autoConfigurationReport'
2025-11-28 16:42:28 [restartedMain] TRACE o.s.b.f.s.DefaultListableBeanFactory - Returning cached instance of singleton bean 'autoConfigurationReport'
2025-11-28 16:42:28 [restartedMain] TRACE o.s.b.f.s.DefaultListableBeanFactory - Returning cached instance of singleton bean 'autoConfigurationReport'
2025-11-28 16:42:28 [restartedMain] TRACE o.s.b.f.s.DefaultListableBeanFactory - Returning cached instance of singleton bean 'autoConfigurationReport'
2025-11-28 16:42:28 [restartedMain] TRACE o.s.b.f.s.DefaultListableBeanFactory - Returning cached instance of singleton bean 'autoConfigurationReport'
2025-11-28 16:42:28 [restartedMain] TRACE o.s.b.f.s.DefaultListableBeanFactory - Returning cached instance of singleton bean 'autoConfigurationReport'
2025-11-28 16:42:28 [restartedMain] TRACE o.s.b.f.s.DefaultListableBeanFactory - Returning cached instance of singleton bean 'autoConfigurationReport'
2025-11-28 16:42:28 [restartedMain] TRACE o.s.b.f.s.DefaultListableBeanFactory - Returning cached instance of singleton bean 'autoConfigurationReport'
2025-11-28 16:42:28 [restartedMain] TRACE o.s.b.f.s.DefaultListableBeanFactory - Returning cached instance of singleton bean 'autoConfigurationReport'
2025-11-28 16:42:28 [restartedMain] TRACE o.s.b.f.s.DefaultListableBeanFactory - Returning cached instance of singleton bean 'autoConfigurationReport'
2025-11-28 16:42:28 [restartedMain] TRACE o.s.b.f.s.DefaultListableBeanFactory - Returning cached instance of singleton bean 'autoConfigurationReport'
2025-11-28 16:42:28 [restartedMain] TRACE o.s.b.f.s.DefaultListableBeanFactory - Returning cached instance of singleton bean 'autoConfigurationReport'
2025-11-28 16:42:28 [restartedMain] TRACE o.s.b.f.s.DefaultListableBeanFactory - Returning cached instance of singleton bean 'autoConfigurationReport'
2025-11-28 16:42:28 [restartedMain] TRACE o.s.b.f.s.DefaultListableBeanFactory - Returning cached instance of singleton bean 'autoConfigurationReport'
2025-11-28 16:42:28 [restartedMain] TRACE o.s.b.f.s.DefaultListableBeanFactory - Returning cached instance of singleton bean 'autoConfigurationReport'
2025-11-28 16:42:28 [restartedMain] TRACE o.s.b.f.s.DefaultListableBeanFactory - Returning cached instance of singleton bean 'autoConfigurationReport'
2025-11-28 16:42:28 [restartedMain] TRACE o.s.b.f.s.DefaultListableBeanFactory - Returning cached instance of singleton bean 'autoConfigurationReport'
2025-11-28 16:42:28 [restartedMain] TRACE o.s.b.f.s.DefaultListableBeanFactory - Returning cached instance of singleton bean 'autoConfigurationReport'
2025-11-28 16:42:28 [restartedMain] TRACE o.s.b.f.s.DefaultListableBeanFactory - Returning cached instance of singleton bean 'autoConfigurationReport'
2025-11-28 16:42:28 [restartedMain] TRACE o.s.b.f.s.DefaultListableBeanFactory - Returning cached instance of singleton bean 'autoConfigurationReport'
2025-11-28 16:42:28 [restartedMain] TRACE o.s.b.f.s.DefaultListableBeanFactory - Returning cached instance of singleton bean 'autoConfigurationReport'
2025-11-28 16:42:28 [restartedMain] TRACE o.s.b.f.s.DefaultListableBeanFactory - Returning cached instance of singleton bean 'autoConfigurationReport'
2025-11-28 16:42:28 [restartedMain] TRACE o.s.b.f.s.DefaultListableBeanFactory - Returning cached instance of singleton bean 'autoConfigurationReport'
2025-11-28 16:42:28 [restartedMain] TRACE o.s.b.f.s.DefaultListableBeanFactory - Returning cached instance of singleton bean 'autoConfigurationReport'
2025-11-28 16:42:28 [restartedMain] TRACE o.s.b.f.s.DefaultListableBeanFactory - Returning cached instance of singleton bean 'autoConfigurationReport'
2025-11-28 16:42:28 [restartedMain] TRACE o.s.b.f.s.DefaultListableBeanFactory - Returning cached instance of singleton bean 'autoConfigurationReport'
2025-11-28 16:42:28 [restartedMain] TRACE o.s.b.f.s.DefaultListableBeanFactory - Returning cached instance of singleton bean 'autoConfigurationReport'
2025-11-28 16:42:28 [restartedMain] TRACE o.s.b.f.s.DefaultListableBeanFactory - Returning cached instance of singleton bean 'autoConfigurationReport'
2025-11-28 16:42:28 [restartedMain] TRACE o.s.b.f.s.DefaultListableBeanFactory - Returning cached instance of singleton bean 'autoConfigurationReport'
2025-11-28 16:42:28 [restartedMain] TRACE o.s.b.f.s.DefaultListableBeanFactory - Returning cached instance of singleton bean 'autoConfigurationReport'
2025-11-28 16:42:28 [restartedMain] TRACE o.s.b.f.s.DefaultListableBeanFactory - Returning cached instance of singleton bean 'autoConfigurationReport'
2025-11-28 16:42:28 [restartedMain] TRACE o.s.b.f.s.DefaultListableBeanFactory - Returning cached instance of singleton bean 'autoConfigurationReport'
2025-11-28 16:42:28 [restartedMain] TRACE o.s.b.f.s.DefaultListableBeanFactory - Returning cached instance of singleton bean 'autoConfigurationReport'
2025-11-28 16:42:28 [restartedMain] TRACE o.s.b.f.s.DefaultListableBeanFactory - Returning cached instance of singleton bean 'autoConfigurationReport'
2025-11-28 16:42:28 [restartedMain] TRACE o.s.b.f.s.DefaultListableBeanFactory - Returning cached instance of singleton bean 'autoConfigurationReport'
2025-11-28 16:42:28 [restartedMain] TRACE o.s.b.f.s.DefaultListableBeanFactory - Returning cached instance of singleton bean 'autoConfigurationReport'
2025-11-28 16:42:28 [restartedMain] TRACE o.s.b.f.s.DefaultListableBeanFactory - Returning cached instance of singleton bean 'autoConfigurationReport'
2025-11-28 16:42:28 [restartedMain] TRACE o.s.b.f.s.DefaultListableBeanFactory - Returning cached instance of singleton bean 'autoConfigurationReport'
2025-11-28 16:42:28 [restartedMain] TRACE o.s.b.f.s.DefaultListableBeanFactory - Returning cached instance of singleton bean 'autoConfigurationReport'
2025-11-28 16:42:28 [restartedMain] TRACE o.s.b.f.s.DefaultListableBeanFactory - Returning cached instance of singleton bean 'autoConfigurationReport'
2025-11-28 16:42:28 [restartedMain] TRACE o.s.b.f.s.DefaultListableBeanFactory - Returning cached instance of singleton bean 'autoConfigurationReport'
2025-11-28 16:42:28 [restartedMain] TRACE o.s.b.f.s.DefaultListableBeanFactory - Returning cached instance of singleton bean 'autoConfigurationReport'
2025-11-28 16:42:28 [restartedMain] TRACE o.s.b.f.s.DefaultListableBeanFactory - Returning cached instance of singleton bean 'autoConfigurationReport'
2025-11-28 16:42:28 [restartedMain] TRACE o.s.b.f.s.DefaultListableBeanFactory - Returning cached instance of singleton bean 'autoConfigurationReport'
2025-11-28 16:42:28 [restartedMain] TRACE o.s.b.f.s.DefaultListableBeanFactory - Returning cached instance of singleton bean 'autoConfigurationReport'
2025-11-28 16:42:28 [restartedMain] TRACE o.s.b.f.s.DefaultListableBeanFactory - Returning cached instance of singleton bean 'autoConfigurationReport'
2025-11-28 16:42:28 [restartedMain] TRACE o.s.b.f.s.DefaultListableBeanFactory - Returning cached instance of singleton bean 'autoConfigurationReport'
2025-11-28 16:42:28 [restartedMain] TRACE o.s.b.f.s.DefaultListableBeanFactory - Returning cached instance of singleton bean 'autoConfigurationReport'
2025-11-28 16:42:28 [restartedMain] TRACE o.s.b.f.s.DefaultListableBeanFactory - Returning cached instance of singleton bean 'autoConfigurationReport'
2025-11-28 16:42:28 [restartedMain] TRACE o.s.b.f.s.DefaultListableBeanFactory - Returning cached instance of singleton bean 'autoConfigurationReport'
2025-11-28 16:42:28 [restartedMain] TRACE o.s.b.f.s.DefaultListableBeanFactory - Returning cached instance of singleton bean 'autoConfigurationReport'
2025-11-28 16:42:28 [restartedMain] TRACE o.s.b.f.s.DefaultListableBeanFactory - Returning cached instance of singleton bean 'autoConfigurationReport'
2025-11-28 16:42:28 [restartedMain] TRACE o.s.b.f.s.DefaultListableBeanFactory - Returning cached instance of singleton bean 'autoConfigurationReport'
2025-11-28 16:42:28 [restartedMain] TRACE o.s.b.f.s.DefaultListableBeanFactory - Returning cached instance of singleton bean 'autoConfigurationReport'
2025-11-28 16:42:28 [restartedMain] TRACE o.s.b.f.s.DefaultListableBeanFactory - Returning cached instance of singleton bean 'autoConfigurationReport'
2025-11-28 16:42:28 [restartedMain] TRACE o.s.b.f.s.DefaultListableBeanFactory - Returning cached instance of singleton bean 'autoConfigurationReport'
2025-11-28 16:42:28 [restartedMain] TRACE o.s.b.f.s.DefaultListableBeanFactory - Returning cached instance of singleton bean 'autoConfigurationReport'
2025-11-28 16:42:28 [restartedMain] TRACE o.s.b.f.s.DefaultListableBeanFactory - Returning cached instance of singleton bean 'autoConfigurationReport'
2025-11-28 16:42:28 [restartedMain] TRACE o.s.b.f.s.DefaultListableBeanFactory - Returning cached instance of singleton bean 'autoConfigurationReport'
2025-11-28 16:42:28 [restartedMain] TRACE o.s.b.f.s.DefaultListableBeanFactory - Returning cached instance of singleton bean 'autoConfigurationReport'
2025-11-28 16:42:28 [restartedMain] TRACE o.s.b.f.s.DefaultListableBeanFactory - Returning cached instance of singleton bean 'autoConfigurationReport'
2025-11-28 16:42:28 [restartedMain] TRACE o.s.b.f.s.DefaultListableBeanFactory - Returning cached instance of singleton bean 'autoConfigurationReport'
2025-11-28 16:42:28 [restartedMain] TRACE o.s.b.f.s.DefaultListableBeanFactory - Returning cached instance of singleton bean 'autoConfigurationReport'
2025-11-28 16:42:28 [restartedMain] TRACE o.s.b.f.s.DefaultListableBeanFactory - Returning cached instance of singleton bean 'autoConfigurationReport'
2025-11-28 16:42:28 [restartedMain] TRACE o.s.b.f.s.DefaultListableBeanFactory - Returning cached instance of singleton bean 'autoConfigurationReport'
2025-11-28 16:42:28 [restartedMain] TRACE o.s.b.f.s.DefaultListableBeanFactory - Returning cached instance of singleton bean 'autoConfigurationReport'
2025-11-28 16:42:28 [restartedMain] TRACE o.s.b.f.s.DefaultListableBeanFactory - Returning cached instance of singleton bean 'autoConfigurationReport'
2025-11-28 16:42:28 [restartedMain] TRACE o.s.b.f.s.DefaultListableBeanFactory - Returning cached instance of singleton bean 'autoConfigurationReport'
2025-11-28 16:42:28 [restartedMain] TRACE o.s.b.f.s.DefaultListableBeanFactory - Returning cached instance of singleton bean 'autoConfigurationReport'
2025-11-28 16:42:28 [restartedMain] TRACE o.s.b.f.s.DefaultListableBeanFactory - Returning cached instance of singleton bean 'autoConfigurationReport'
2025-11-28 16:42:28 [restartedMain] TRACE o.s.b.f.s.DefaultListableBeanFactory - Returning cached instance of singleton bean 'autoConfigurationReport'
2025-11-28 16:42:28 [restartedMain] TRACE o.s.b.f.s.DefaultListableBeanFactory - Returning cached instance of singleton bean 'autoConfigurationReport'
2025-11-28 16:42:28 [restartedMain] TRACE o.s.b.f.s.DefaultListableBeanFactory - Returning cached instance of singleton bean 'autoConfigurationReport'
2025-11-28 16:42:28 [restartedMain] TRACE o.s.b.f.s.DefaultListableBeanFactory - Returning cached instance of singleton bean 'autoConfigurationReport'
2025-11-28 16:42:28 [restartedMain] TRACE o.s.b.f.s.DefaultListableBeanFactory - Returning cached instance of singleton bean 'autoConfigurationReport'
2025-11-28 16:42:28 [restartedMain] TRACE o.s.b.f.s.DefaultListableBeanFactory - Returning cached instance of singleton bean 'autoConfigurationReport'
2025-11-28 16:42:28 [restartedMain] TRACE o.s.b.f.s.DefaultListableBeanFactory - Returning cached instance of singleton bean 'autoConfigurationReport'
2025-11-28 16:42:28 [restartedMain] TRACE o.s.b.f.s.DefaultListableBeanFactory - Returning cached instance of singleton bean 'autoConfigurationReport'
2025-11-28 16:42:28 [restartedMain] TRACE o.s.b.f.s.DefaultListableBeanFactory - Returning cached instance of singleton bean 'autoConfigurationReport'
2025-11-28 16:42:28 [restartedMain] TRACE o.s.b.f.s.DefaultListableBeanFactory - Returning cached instance of singleton bean 'autoConfigurationReport'
2025-11-28 16:42:28 [restartedMain] TRACE o.s.b.f.s.DefaultListableBeanFactory - Returning cached instance of singleton bean 'autoConfigurationReport'
2025-11-28 16:42:28 [restartedMain] TRACE o.s.b.f.s.DefaultListableBeanFactory - Returning cached instance of singleton bean 'autoConfigurationReport'
2025-11-28 16:42:28 [restartedMain] TRACE o.s.b.f.s.DefaultListableBeanFactory - Returning cached instance of singleton bean 'autoConfigurationReport'
2025-11-28 16:42:28 [restartedMain] TRACE o.s.b.f.s.DefaultListableBeanFactory - Returning cached instance of singleton bean 'autoConfigurationReport'
2025-11-28 16:42:28 [restartedMain] TRACE o.s.b.f.s.DefaultListableBeanFactory - Returning cached instance of singleton bean 'autoConfigurationReport'
2025-11-28 16:42:28 [restartedMain] TRACE o.s.b.f.s.DefaultListableBeanFactory - Returning cached instance of singleton bean 'autoConfigurationReport'
2025-11-28 16:42:28 [restartedMain] TRACE o.s.b.f.s.DefaultListableBeanFactory - Returning cached instance of singleton bean 'autoConfigurationReport'
2025-11-28 16:42:28 [restartedMain] TRACE o.s.b.f.s.DefaultListableBeanFactory - Returning cached instance of singleton bean 'autoConfigurationReport'
2025-11-28 16:42:28 [restartedMain] TRACE o.s.b.f.s.DefaultListableBeanFactory - Returning cached instance of singleton bean 'autoConfigurationReport'
2025-11-28 16:42:28 [restartedMain] TRACE o.s.b.f.s.DefaultListableBeanFactory - Returning cached instance of singleton bean 'autoConfigurationReport'
2025-11-28 16:42:28 [restartedMain] TRACE o.s.b.f.s.DefaultListableBeanFactory - Returning cached instance of singleton bean 'autoConfigurationReport'
2025-11-28 16:42:28 [restartedMain] TRACE o.s.b.f.s.DefaultListableBeanFactory - Returning cached instance of singleton bean 'autoConfigurationReport'
2025-11-28 16:42:28 [restartedMain] TRACE o.s.b.f.s.DefaultListableBeanFactory - Returning cached instance of singleton bean 'autoConfigurationReport'
2025-11-28 16:42:28 [restartedMain] TRACE o.s.b.f.s.DefaultListableBeanFactory - Returning cached instance of singleton bean 'autoConfigurationReport'
2025-11-28 16:42:28 [restartedMain] TRACE o.s.b.f.s.DefaultListableBeanFactory - Returning cached instance of singleton bean 'autoConfigurationReport'
2025-11-28 16:42:28 [restartedMain] TRACE o.s.b.f.s.DefaultListableBeanFactory - Returning cached instance of singleton bean 'autoConfigurationReport'
2025-11-28 16:42:28 [restartedMain] TRACE o.s.b.f.s.DefaultListableBeanFactory - Returning cached instance of singleton bean 'autoConfigurationReport'
2025-11-28 16:42:28 [restartedMain] TRACE o.s.b.f.s.DefaultListableBeanFactory - Returning cached instance of singleton bean 'autoConfigurationReport'
2025-11-28 16:42:28 [restartedMain] TRACE o.s.b.f.s.DefaultListableBeanFactory - Returning cached instance of singleton bean 'autoConfigurationReport'
2025-11-28 16:42:28 [restartedMain] TRACE o.s.b.f.s.DefaultListableBeanFactory - Returning cached instance of singleton bean 'autoConfigurationReport'
2025-11-28 16:42:28 [restartedMain] TRACE o.s.b.f.s.DefaultListableBeanFactory - Returning cached instance of singleton bean 'autoConfigurationReport'
2025-11-28 16:42:28 [restartedMain] TRACE o.s.b.f.s.DefaultListableBeanFactory - Returning cached instance of singleton bean 'autoConfigurationReport'
2025-11-28 16:42:28 [restartedMain] TRACE o.s.b.f.s.DefaultListableBeanFactory - Returning cached instance of singleton bean 'autoConfigurationReport'
2025-11-28 16:42:28 [restartedMain] TRACE o.s.b.f.s.DefaultListableBeanFactory - Returning cached instance of singleton bean 'autoConfigurationReport'
2025-11-28 16:42:28 [restartedMain] TRACE o.s.b.f.s.DefaultListableBeanFactory - Returning cached instance of singleton bean 'autoConfigurationReport'
2025-11-28 16:42:28 [restartedMain] TRACE o.s.b.f.s.DefaultListableBeanFactory - Returning cached instance of singleton bean 'autoConfigurationReport'
2025-11-28 16:42:28 [restartedMain] INFO  o.s.d.r.c.RepositoryConfigurationDelegate - Bootstrapping Spring Data JPA repositories in DEFAULT mode.
2025-11-28 16:42:28 [restartedMain] DEBUG o.s.b.f.s.DefaultListableBeanFactory - Creating shared instance of singleton bean 'org.springframework.boot.autoconfigure.AutoConfigurationPackages'
2025-11-28 16:42:28 [restartedMain] TRACE o.s.b.f.s.DefaultListableBeanFactory - Creating instance of bean 'org.springframework.boot.autoconfigure.AutoConfigurationPackages'
2025-11-28 16:42:28 [restartedMain] TRACE o.s.b.f.s.DefaultListableBeanFactory - Finished creating instance of bean 'org.springframework.boot.autoconfigure.AutoConfigurationPackages'
2025-11-28 16:42:28 [restartedMain] TRACE o.s.b.f.s.DefaultListableBeanFactory - Returning cached instance of singleton bean 'org.springframework.boot.autoconfigure.AutoConfigurationPackages'
2025-11-28 16:42:28 [restartedMain] INFO  o.s.d.r.c.RepositoryConfigurationDelegate - Finished Spring Data repository scanning in 89 ms. Found 4 JPA repository interfaces.
2025-11-28 16:42:28 [restartedMain] TRACE o.s.b.f.s.DefaultListableBeanFactory - Returning cached instance of singleton bean 'autoConfigurationReport'
2025-11-28 16:42:28 [restartedMain] TRACE o.s.b.f.s.DefaultListableBeanFactory - Returning cached instance of singleton bean 'autoConfigurationReport'
2025-11-28 16:42:28 [restartedMain] TRACE o.s.b.f.s.DefaultListableBeanFactory - Returning cached instance of singleton bean 'autoConfigurationReport'
2025-11-28 16:42:28 [restartedMain] TRACE o.s.b.f.s.DefaultListableBeanFactory - Returning cached instance of singleton bean 'autoConfigurationReport'
2025-11-28 16:42:28 [restartedMain] TRACE o.s.b.f.s.DefaultListableBeanFactory - Returning cached instance of singleton bean 'autoConfigurationReport'
2025-11-28 16:42:28 [restartedMain] TRACE o.s.b.f.s.DefaultListableBeanFactory - Returning cached instance of singleton bean 'autoConfigurationReport'
2025-11-28 16:42:28 [restartedMain] TRACE o.s.b.f.s.DefaultListableBeanFactory - Returning cached instance of singleton bean 'autoConfigurationReport'
2025-11-28 16:42:28 [restartedMain] TRACE o.s.b.f.s.DefaultListableBeanFactory - Returning cached instance of singleton bean 'autoConfigurationReport'
2025-11-28 16:42:28 [restartedMain] TRACE o.s.b.f.s.DefaultListableBeanFactory - Returning cached instance of singleton bean 'autoConfigurationReport'
2025-11-28 16:42:28 [restartedMain] TRACE o.s.b.f.s.DefaultListableBeanFactory - Returning cached instance of singleton bean 'autoConfigurationReport'
2025-11-28 16:42:28 [restartedMain] TRACE o.s.b.f.s.DefaultListableBeanFactory - Returning cached instance of singleton bean 'autoConfigurationReport'
2025-11-28 16:42:28 [restartedMain] TRACE o.s.b.f.s.DefaultListableBeanFactory - Returning cached instance of singleton bean 'autoConfigurationReport'
2025-11-28 16:42:28 [restartedMain] TRACE o.s.b.f.s.DefaultListableBeanFactory - Returning cached instance of singleton bean 'autoConfigurationReport'
2025-11-28 16:42:28 [restartedMain] TRACE o.s.b.f.s.DefaultListableBeanFactory - Returning cached instance of singleton bean 'autoConfigurationReport'
2025-11-28 16:42:28 [restartedMain] TRACE o.s.b.f.s.DefaultListableBeanFactory - Returning cached instance of singleton bean 'autoConfigurationReport'
2025-11-28 16:42:28 [restartedMain] TRACE o.s.b.f.s.DefaultListableBeanFactory - Returning cached instance of singleton bean 'autoConfigurationReport'
2025-11-28 16:42:28 [restartedMain] TRACE o.s.b.f.s.DefaultListableBeanFactory - Returning cached instance of singleton bean 'autoConfigurationReport'
2025-11-28 16:42:29 [restartedMain] TRACE o.s.b.f.s.DefaultListableBeanFactory - Returning cached instance of singleton bean 'autoConfigurationReport'
2025-11-28 16:42:29 [restartedMain] TRACE o.s.b.f.s.DefaultListableBeanFactory - Returning cached instance of singleton bean 'autoConfigurationReport'
2025-11-28 16:42:29 [restartedMain] TRACE o.s.b.f.s.DefaultListableBeanFactory - Returning cached instance of singleton bean 'autoConfigurationReport'
2025-11-28 16:42:29 [restartedMain] TRACE o.s.b.f.s.DefaultListableBeanFactory - Returning cached instance of singleton bean 'autoConfigurationReport'
2025-11-28 16:42:29 [restartedMain] TRACE o.s.b.f.s.DefaultListableBeanFactory - Returning cached instance of singleton bean 'autoConfigurationReport'
2025-11-28 16:42:29 [restartedMain] TRACE o.s.b.f.s.DefaultListableBeanFactory - Returning cached instance of singleton bean 'autoConfigurationReport'
2025-11-28 16:42:29 [restartedMain] TRACE o.s.b.f.s.DefaultListableBeanFactory - Returning cached instance of singleton bean 'autoConfigurationReport'
2025-11-28 16:42:29 [restartedMain] TRACE o.s.b.f.s.DefaultListableBeanFactory - Returning cached instance of singleton bean 'autoConfigurationReport'
2025-11-28 16:42:29 [restartedMain] TRACE o.s.b.f.s.DefaultListableBeanFactory - Returning cached instance of singleton bean 'autoConfigurationReport'
2025-11-28 16:42:29 [restartedMain] TRACE o.s.b.f.s.DefaultListableBeanFactory - Returning cached instance of singleton bean 'autoConfigurationReport'
2025-11-28 16:42:29 [restartedMain] TRACE o.s.b.f.s.DefaultListableBeanFactory - Returning cached instance of singleton bean 'autoConfigurationReport'
2025-11-28 16:42:29 [restartedMain] TRACE o.s.b.f.s.DefaultListableBeanFactory - Returning cached instance of singleton bean 'autoConfigurationReport'
2025-11-28 16:42:29 [restartedMain] TRACE o.s.b.f.s.DefaultListableBeanFactory - Returning cached instance of singleton bean 'autoConfigurationReport'
2025-11-28 16:42:29 [restartedMain] TRACE o.s.b.f.s.DefaultListableBeanFactory - Returning cached instance of singleton bean 'autoConfigurationReport'
2025-11-28 16:42:29 [restartedMain] TRACE o.s.b.f.s.DefaultListableBeanFactory - Returning cached instance of singleton bean 'autoConfigurationReport'
2025-11-28 16:42:29 [restartedMain] TRACE o.s.b.f.s.DefaultListableBeanFactory - Returning cached instance of singleton bean 'autoConfigurationReport'
2025-11-28 16:42:29 [restartedMain] TRACE o.s.b.f.s.DefaultListableBeanFactory - Returning cached instance of singleton bean 'autoConfigurationReport'
2025-11-28 16:42:29 [restartedMain] TRACE o.s.b.f.s.DefaultListableBeanFactory - Returning cached instance of singleton bean 'autoConfigurationReport'
2025-11-28 16:42:29 [restartedMain] TRACE o.s.b.f.s.DefaultListableBeanFactory - Returning cached instance of singleton bean 'autoConfigurationReport'
2025-11-28 16:42:29 [restartedMain] TRACE o.s.b.f.s.DefaultListableBeanFactory - Returning cached instance of singleton bean 'autoConfigurationReport'
2025-11-28 16:42:29 [restartedMain] TRACE o.s.b.f.s.DefaultListableBeanFactory - Returning cached instance of singleton bean 'autoConfigurationReport'
2025-11-28 16:42:29 [restartedMain] TRACE o.s.b.f.s.DefaultListableBeanFactory - Returning cached instance of singleton bean 'autoConfigurationReport'
2025-11-28 16:42:29 [restartedMain] TRACE o.s.b.f.s.DefaultListableBeanFactory - Returning cached instance of singleton bean 'autoConfigurationReport'
2025-11-28 16:42:29 [restartedMain] TRACE o.s.b.f.s.DefaultListableBeanFactory - Returning cached instance of singleton bean 'autoConfigurationReport'
2025-11-28 16:42:29 [restartedMain] TRACE o.s.b.f.s.DefaultListableBeanFactory - Returning cached instance of singleton bean 'autoConfigurationReport'
2025-11-28 16:42:29 [restartedMain] TRACE o.s.b.f.s.DefaultListableBeanFactory - Returning cached instance of singleton bean 'autoConfigurationReport'
2025-11-28 16:42:29 [restartedMain] TRACE o.s.b.f.s.DefaultListableBeanFactory - Returning cached instance of singleton bean 'autoConfigurationReport'
2025-11-28 16:42:29 [restartedMain] TRACE o.s.b.f.s.DefaultListableBeanFactory - Returning cached instance of singleton bean 'autoConfigurationReport'
2025-11-28 16:42:29 [restartedMain] TRACE o.s.b.f.s.DefaultListableBeanFactory - Returning cached instance of singleton bean 'autoConfigurationReport'
2025-11-28 16:42:29 [restartedMain] TRACE o.s.b.f.s.DefaultListableBeanFactory - Returning cached instance of singleton bean 'autoConfigurationReport'
2025-11-28 16:42:29 [restartedMain] TRACE o.s.b.f.s.DefaultListableBeanFactory - Returning cached instance of singleton bean 'autoConfigurationReport'
2025-11-28 16:42:29 [restartedMain] TRACE o.s.b.f.s.DefaultListableBeanFactory - Returning cached instance of singleton bean 'autoConfigurationReport'
2025-11-28 16:42:29 [restartedMain] TRACE o.s.b.f.s.DefaultListableBeanFactory - Returning cached instance of singleton bean 'autoConfigurationReport'
2025-11-28 16:42:29 [restartedMain] TRACE o.s.b.f.s.DefaultListableBeanFactory - Returning cached instance of singleton bean 'autoConfigurationReport'
2025-11-28 16:42:29 [restartedMain] TRACE o.s.b.f.s.DefaultListableBeanFactory - Returning cached instance of singleton bean 'autoConfigurationReport'
2025-11-28 16:42:29 [restartedMain] TRACE o.s.b.f.s.DefaultListableBeanFactory - Returning cached instance of singleton bean 'autoConfigurationReport'
2025-11-28 16:42:29 [restartedMain] TRACE o.s.b.f.s.DefaultListableBeanFactory - Returning cached instance of singleton bean 'autoConfigurationReport'
2025-11-28 16:42:29 [restartedMain] TRACE o.s.b.f.s.DefaultListableBeanFactory - Returning cached instance of singleton bean 'autoConfigurationReport'
2025-11-28 16:42:29 [restartedMain] TRACE o.s.b.f.s.DefaultListableBeanFactory - Returning cached instance of singleton bean 'autoConfigurationReport'
2025-11-28 16:42:29 [restartedMain] TRACE o.s.b.f.s.DefaultListableBeanFactory - Returning cached instance of singleton bean 'autoConfigurationReport'
2025-11-28 16:42:29 [restartedMain] TRACE o.s.b.f.s.DefaultListableBeanFactory - Returning cached instance of singleton bean 'autoConfigurationReport'
2025-11-28 16:42:29 [restartedMain] TRACE o.s.b.f.s.DefaultListableBeanFactory - Returning cached instance of singleton bean 'autoConfigurationReport'
2025-11-28 16:42:29 [restartedMain] TRACE o.s.b.f.s.DefaultListableBeanFactory - Returning cached instance of singleton bean 'autoConfigurationReport'
2025-11-28 16:42:29 [restartedMain] TRACE o.s.b.f.s.DefaultListableBeanFactory - Returning cached instance of singleton bean 'autoConfigurationReport'
2025-11-28 16:42:29 [restartedMain] TRACE o.s.b.f.s.DefaultListableBeanFactory - Returning cached instance of singleton bean 'autoConfigurationReport'
2025-11-28 16:42:29 [restartedMain] TRACE o.s.b.f.s.DefaultListableBeanFactory - Returning cached instance of singleton bean 'autoConfigurationReport'
2025-11-28 16:42:29 [restartedMain] TRACE o.s.b.f.s.DefaultListableBeanFactory - Returning cached instance of singleton bean 'autoConfigurationReport'
2025-11-28 16:42:29 [restartedMain] TRACE o.s.b.f.s.DefaultListableBeanFactory - Returning cached instance of singleton bean 'autoConfigurationReport'
2025-11-28 16:42:29 [restartedMain] TRACE o.s.b.f.s.DefaultListableBeanFactory - Returning cached instance of singleton bean 'autoConfigurationReport'
2025-11-28 16:42:29 [restartedMain] TRACE o.s.b.f.s.DefaultListableBeanFactory - Returning cached instance of singleton bean 'autoConfigurationReport'
2025-11-28 16:42:29 [restartedMain] TRACE o.s.b.f.s.DefaultListableBeanFactory - Returning cached instance of singleton bean 'autoConfigurationReport'
2025-11-28 16:42:29 [restartedMain] TRACE o.s.b.f.s.DefaultListableBeanFactory - Returning cached instance of singleton bean 'autoConfigurationReport'
2025-11-28 16:42:29 [restartedMain] TRACE o.s.b.f.s.DefaultListableBeanFactory - Returning cached instance of singleton bean 'autoConfigurationReport'
2025-11-28 16:42:29 [restartedMain] TRACE o.s.b.f.s.DefaultListableBeanFactory - Returning cached instance of singleton bean 'autoConfigurationReport'
2025-11-28 16:42:29 [restartedMain] TRACE o.s.b.f.s.DefaultListableBeanFactory - Returning cached instance of singleton bean 'autoConfigurationReport'
2025-11-28 16:42:29 [restartedMain] TRACE o.s.b.f.s.DefaultListableBeanFactory - Returning cached instance of singleton bean 'autoConfigurationReport'
2025-11-28 16:42:29 [restartedMain] TRACE o.s.b.f.s.DefaultListableBeanFactory - Returning cached instance of singleton bean 'autoConfigurationReport'
2025-11-28 16:42:29 [restartedMain] TRACE o.s.b.f.s.DefaultListableBeanFactory - Returning cached instance of singleton bean 'autoConfigurationReport'
2025-11-28 16:42:29 [restartedMain] TRACE o.s.b.f.s.DefaultListableBeanFactory - Returning cached instance of singleton bean 'autoConfigurationReport'
2025-11-28 16:42:29 [restartedMain] TRACE o.s.b.f.s.DefaultListableBeanFactory - Returning cached instance of singleton bean 'autoConfigurationReport'
2025-11-28 16:42:29 [restartedMain] TRACE o.s.b.f.s.DefaultListableBeanFactory - Returning cached instance of singleton bean 'autoConfigurationReport'
2025-11-28 16:42:29 [restartedMain] TRACE o.s.b.f.s.DefaultListableBeanFactory - Returning cached instance of singleton bean 'autoConfigurationReport'
2025-11-28 16:42:29 [restartedMain] TRACE o.s.b.f.s.DefaultListableBeanFactory - Returning cached instance of singleton bean 'autoConfigurationReport'
2025-11-28 16:42:29 [restartedMain] TRACE o.s.b.f.s.DefaultListableBeanFactory - Returning cached instance of singleton bean 'autoConfigurationReport'
2025-11-28 16:42:29 [restartedMain] TRACE o.s.b.f.s.DefaultListableBeanFactory - Returning cached instance of singleton bean 'autoConfigurationReport'
2025-11-28 16:42:29 [restartedMain] TRACE o.s.b.f.s.DefaultListableBeanFactory - Returning cached instance of singleton bean 'autoConfigurationReport'
2025-11-28 16:42:29 [restartedMain] TRACE o.s.b.f.s.DefaultListableBeanFactory - Returning cached instance of singleton bean 'autoConfigurationReport'
2025-11-28 16:42:29 [restartedMain] TRACE o.s.b.f.s.DefaultListableBeanFactory - Returning cached instance of singleton bean 'autoConfigurationReport'
2025-11-28 16:42:29 [restartedMain] TRACE o.s.b.f.s.DefaultListableBeanFactory - Returning cached instance of singleton bean 'autoConfigurationReport'
2025-11-28 16:42:29 [restartedMain] TRACE o.s.b.f.s.DefaultListableBeanFactory - Returning cached instance of singleton bean 'autoConfigurationReport'
2025-11-28 16:42:29 [restartedMain] TRACE o.s.b.f.s.DefaultListableBeanFactory - Returning cached instance of singleton bean 'autoConfigurationReport'
2025-11-28 16:42:29 [restartedMain] TRACE o.s.b.f.s.DefaultListableBeanFactory - Returning cached instance of singleton bean 'autoConfigurationReport'
2025-11-28 16:42:29 [restartedMain] TRACE o.s.b.f.s.DefaultListableBeanFactory - Returning cached instance of singleton bean 'autoConfigurationReport'
2025-11-28 16:42:29 [restartedMain] TRACE o.s.b.f.s.DefaultListableBeanFactory - Returning cached instance of singleton bean 'autoConfigurationReport'
2025-11-28 16:42:29 [restartedMain] TRACE o.s.b.f.s.DefaultListableBeanFactory - Returning cached instance of singleton bean 'autoConfigurationReport'
2025-11-28 16:42:29 [restartedMain] TRACE o.s.b.f.s.DefaultListableBeanFactory - Returning cached instance of singleton bean 'autoConfigurationReport'
2025-11-28 16:42:29 [restartedMain] TRACE o.s.b.f.s.DefaultListableBeanFactory - Returning cached instance of singleton bean 'autoConfigurationReport'
2025-11-28 16:42:29 [restartedMain] TRACE o.s.b.f.s.DefaultListableBeanFactory - Returning cached instance of singleton bean 'autoConfigurationReport'
2025-11-28 16:42:29 [restartedMain] TRACE o.s.b.f.s.DefaultListableBeanFactory - Returning cached instance of singleton bean 'autoConfigurationReport'
2025-11-28 16:42:29 [restartedMain] TRACE o.s.b.f.s.DefaultListableBeanFactory - Returning cached instance of singleton bean 'autoConfigurationReport'
2025-11-28 16:42:29 [restartedMain] TRACE o.s.b.f.s.DefaultListableBeanFactory - No bean named '&entityManagerFactory' found in org.springframework.beans.factory.support.DefaultListableBeanFactory@79128d90: defining beans [org.springframework.context.annotation.internalConfigurationAnnotationProcessor,org.springframework.context.annotation.internalAutowiredAnnotationProcessor,org.springframework.context.annotation.internalCommonAnnotationProcessor,org.springframework.context.annotation.internalPersistenceAnnotationProcessor,org.springframework.context.event.internalEventListenerProcessor,org.springframework.context.event.internalEventListenerFactory,movieRecommendationSystemApplication,org.springframework.boot.autoconfigure.internalCachingMetadataReaderFactory,customUserDetailsService,jwtFilter,jwtUtil,openApiConfig,securityConfig,authController,genreController,movieController,ratingController,userController,globalExceptionHandler,emailService,genreServiceImple,movieServiceImple,ratingServiceImple,recommendationServiceImple,userServiceImple,customOpenAPI,org.springframework.security.config.annotation.configuration.ObjectPostProcessorConfiguration,objectPostProcessor,org.springframework.security.config.annotation.authentication.configuration.AuthenticationConfiguration,authenticationManagerBuilder,enableGlobalAuthenticationAutowiredConfigurer,initializeUserDetailsBeanManagerConfigurer,initializeAuthenticationProviderBeanManagerConfigurer,org.springframework.security.config.annotation.web.configuration.WebSecurityConfiguration,delegatingApplicationListener,webSecurityExpressionHandler,springSecurityFilterChain,privilegeEvaluator,conversionServicePostProcessor,org.springframework.security.config.annotation.web.configuration.WebMvcSecurityConfiguration,requestDataValueProcessor,springSecurityHandlerMappingIntrospectorBeanDefinitionRegistryPostProcessor,org.springframework.security.config.annotation.web.configuration.HttpSecurityConfiguration,org.springframework.security.config.annotation.web.configuration.HttpSecurityConfiguration.httpSecurity,org.springframework.security.config.annotation.web.configuration.ObservationConfiguration,webAuthorizationManagerPostProcessor,authenticationManagerPostProcessor,filterChainDecoratorPostProcessor,filterChain,authProvider,passwordEncoder,authenticationManager,org.springframework.boot.autoconfigure.AutoConfigurationPackages,org.springframework.boot.autoconfigure.context.PropertyPlaceholderAutoConfiguration,propertySourcesPlaceholderConfigurer,org.springframework.boot.autoconfigure.ssl.SslAutoConfiguration,fileWatcher,sslPropertiesSslBundleRegistrar,sslBundleRegistry,org.springframework.boot.context.properties.ConfigurationPropertiesBindingPostProcessor,org.springframework.boot.context.internalConfigurationPropertiesBinder,org.springframework.boot.context.properties.BoundConfigurationProperties,org.springframework.boot.context.properties.EnableConfigurationPropertiesRegistrar.methodValidationExcludeFilter,spring.ssl-org.springframework.boot.autoconfigure.ssl.SslProperties,org.springframework.boot.autoconfigure.websocket.servlet.WebSocketServletAutoConfiguration$TomcatWebSocketConfiguration,websocketServletWebServerCustomizer,org.springframework.boot.autoconfigure.websocket.servlet.WebSocketServletAutoConfiguration,org.springframework.boot.autoconfigure.web.servlet.ServletWebServerFactoryConfiguration$EmbeddedTomcat,tomcatServletWebServerFactory,org.springframework.boot.autoconfigure.web.servlet.ServletWebServerFactoryAutoConfiguration,servletWebServerFactoryCustomizer,tomcatServletWebServerFactoryCustomizer,server-org.springframework.boot.autoconfigure.web.ServerProperties,webServerFactoryCustomizerBeanPostProcessor,errorPageRegistrarBeanPostProcessor,org.springframework.boot.autoconfigure.web.servlet.DispatcherServletAutoConfiguration$DispatcherServletConfiguration,dispatcherServlet,spring.mvc-org.springframework.boot.autoconfigure.web.servlet.WebMvcProperties,org.springframework.boot.autoconfigure.web.servlet.DispatcherServletAutoConfiguration$DispatcherServletRegistrationConfiguration,dispatcherServletRegistration,org.springframework.boot.autoconfigure.web.servlet.DispatcherServletAutoConfiguration,org.springframework.boot.autoconfigure.task.TaskExecutorConfigurations$ThreadPoolTaskExecutorBuilderConfiguration,threadPoolTaskExecutorBuilder,org.springframework.boot.autoconfigure.task.TaskExecutorConfigurations$SimpleAsyncTaskExecutorBuilderConfiguration,simpleAsyncTaskExecutorBuilder,org.springframework.boot.autoconfigure.task.TaskExecutorConfigurations$TaskExecutorConfiguration,applicationTaskExecutor,org.springframework.boot.autoconfigure.task.TaskExecutionAutoConfiguration,spring.task.execution-org.springframework.boot.autoconfigure.task.TaskExecutionProperties,org.springframework.boot.autoconfigure.validation.ValidationAutoConfiguration,defaultValidator,methodValidationPostProcessor,org.springframework.boot.autoconfigure.web.servlet.error.ErrorMvcAutoConfiguration$WhitelabelErrorViewConfiguration,error,beanNameViewResolver,org.springframework.boot.autoconfigure.web.servlet.error.ErrorMvcAutoConfiguration$DefaultErrorViewResolverConfiguration,conventionErrorViewResolver,spring.web-org.springframework.boot.autoconfigure.web.WebProperties,org.springframework.boot.autoconfigure.web.servlet.error.ErrorMvcAutoConfiguration,errorAttributes,basicErrorController,errorPageCustomizer,preserveErrorControllerTargetClassPostProcessor,org.springframework.boot.autoconfigure.web.servlet.WebMvcAutoConfiguration$EnableWebMvcConfiguration,welcomePageHandlerMapping,welcomePageNotAcceptableHandlerMapping,localeResolver,themeResolver,flashMapManager,viewNameTranslator,mvcConversionService,mvcValidator,mvcContentNegotiationManager,requestMappingHandlerMapping,mvcPatternParser,mvcUrlPathHelper,mvcPathMatcher,viewControllerHandlerMapping,beanNameHandlerMapping,routerFunctionMapping,resourceHandlerMapping,mvcResourceUrlProvider,defaultServletHandlerMapping,requestMappingHandlerAdapter,handlerFunctionAdapter,mvcUriComponentsContributor,httpRequestHandlerAdapter,simpleControllerHandlerAdapter,handlerExceptionResolver,mvcViewResolver,mvcHandlerMappingIntrospector,org.springframework.boot.autoconfigure.web.servlet.WebMvcAutoConfiguration$WebMvcAutoConfigurationAdapter,defaultViewResolver,viewResolver,requestContextFilter,org.springframework.boot.autoconfigure.web.servlet.WebMvcAutoConfiguration$ResourceChainCustomizerConfiguration,resourceHandlerRegistrationCustomizer,org.springframework.boot.autoconfigure.web.servlet.WebMvcAutoConfiguration,formContentFilter,org.springdoc.core.configuration.SpringDocConfiguration$QuerydslProvider,queryDslQuerydslPredicateOperationCustomizer,org.springdoc.core.configuration.SpringDocConfiguration$OpenApiResourceAdvice,org.springdoc.core.configuration.SpringDocConfiguration$SpringDocSpringDataWebPropertiesProvider,springDataWebPropertiesProvider,org.springdoc.core.configuration.SpringDocConfiguration$WebConversionServiceConfiguration,webConversionServiceProvider,org.springdoc.core.configuration.SpringDocConfiguration,localSpringDocParameterNameDiscoverer,additionalModelsConverter,fileSupportConverter,responseSupportConverter,schemaPropertyDeprecatingConverter,polymorphicModelConverter,openAPIBuilder,modelConverterRegistrar,operationBuilder,propertyResolverUtils,requestBodyBuilder,securityParser,parameterBuilder,springDocProviders,springdocObjectMapperProvider,springDocCustomizers,parameterObjectNamingStrategyCustomizer,globalOpenApiCustomizer,org.springdoc.core.configuration.SpringDocPageableConfiguration,pageableOpenAPIConverter,pageOpenAPIConverter,dataRestDelegatingMethodParameterCustomizer,org.springdoc.core.configuration.SpringDocSecurityConfiguration$SpringSecurityLoginEndpointConfiguration,org.springdoc.core.configuration.SpringDocSecurityConfiguration,org.springdoc.core.configuration.SpringDocSortConfiguration,sortOpenAPIConverter,org.springdoc.core.configuration.SpringDocUIConfiguration,org.springdoc.core.properties.SpringDocConfigProperties,org.springdoc.core.properties.SwaggerUiConfigProperties,org.springdoc.core.properties.SwaggerUiOAuthProperties,org.springdoc.webmvc.core.configuration.SpringDocWebMvcConfiguration$SpringDocWebMvcRouterConfiguration,routerFunctionProvider,org.springdoc.webmvc.core.configuration.SpringDocWebMvcConfiguration,openApiResource,requestBuilder,springWebProvider,responseBuilder,org.springdoc.webmvc.ui.SwaggerConfig,swaggerWelcome,swaggerConfigResource,indexPageTransformer,swaggerWebMvcConfigurer,swaggerResourceResolver,org.springframework.boot.autoconfigure.jmx.JmxAutoConfiguration,mbeanExporter,objectNamingStrategy,mbeanServer,spring.jmx-org.springframework.boot.autoconfigure.jmx.JmxProperties,org.springframework.boot.autoconfigure.admin.SpringApplicationAdminJmxAutoConfiguration,springApplicationAdminRegistrar,org.springframework.boot.autoconfigure.aop.AopAutoConfiguration$AspectJAutoProxyingConfiguration$CglibAutoProxyConfiguration,org.springframework.aop.config.internalAutoProxyCreator,org.springframework.boot.autoconfigure.aop.AopAutoConfiguration$AspectJAutoProxyingConfiguration,org.springframework.boot.autoconfigure.aop.AopAutoConfiguration,org.springframework.boot.autoconfigure.availability.ApplicationAvailabilityAutoConfiguration,applicationAvailability,org.springframework.boot.autoconfigure.transaction.jta.JtaAutoConfiguration,org.springframework.boot.autoconfigure.jdbc.DataSourceConfiguration$Hikari,jdbcConnectionDetailsHikariBeanPostProcessor,dataSource,org.springframework.boot.autoconfigure.jdbc.DataSourceJmxConfiguration$Hikari,org.springframework.boot.autoconfigure.jdbc.DataSourceJmxConfiguration,org.springframework.boot.autoconfigure.jdbc.DataSourceAutoConfiguration$PooledDataSourceConfiguration,jdbcConnectionDetails,org.springframework.boot.autoconfigure.jdbc.metadata.DataSourcePoolMetadataProvidersConfiguration$HikariPoolDataSourceMetadataProviderConfiguration,hikariPoolDataSourceMetadataProvider,org.springframework.boot.autoconfigure.jdbc.metadata.DataSourcePoolMetadataProvidersConfiguration,org.springframework.boot.autoconfigure.jdbc.DataSourceAutoConfiguration,spring.datasource-org.springframework.boot.autoconfigure.jdbc.DataSourceProperties,org.springframework.boot.autoconfigure.transaction.TransactionManagerCustomizationAutoConfiguration,platformTransactionManagerCustomizers,transactionExecutionListeners,spring.transaction-org.springframework.boot.autoconfigure.transaction.TransactionProperties,org.springframework.boot.autoconfigure.orm.jpa.JpaBaseConfiguration$JpaWebConfiguration,openEntityManagerInViewInterceptor,openEntityManagerInViewInterceptorConfigurer,org.springframework.boot.autoconfigure.orm.jpa.JpaBaseConfiguration$PersistenceManagedTypesConfiguration,persistenceManagedTypes,org.springframework.boot.autoconfigure.orm.jpa.HibernateJpaConfiguration,transactionManager,jpaVendorAdapter,entityManagerFactoryBuilder,entityManagerFactory,spring.jpa.hibernate-org.springframework.boot.autoconfigure.orm.jpa.HibernateProperties,spring.jpa-org.springframework.boot.autoconfigure.orm.jpa.JpaProperties,org.springframework.boot.autoconfigure.orm.jpa.HibernateJpaAutoConfiguration,org.springframework.boot.autoconfigure.jackson.JacksonAutoConfiguration$Jackson2ObjectMapperBuilderCustomizerConfiguration,standardJacksonObjectMapperBuilderCustomizer,spring.jackson-org.springframework.boot.autoconfigure.jackson.JacksonProperties,org.springframework.boot.autoconfigure.jackson.JacksonAutoConfiguration$JacksonObjectMapperBuilderConfiguration,jacksonObjectMapperBuilder,org.springframework.boot.autoconfigure.jackson.JacksonAutoConfiguration$ParameterNamesModuleConfiguration,parameterNamesModule,org.springframework.boot.autoconfigure.jackson.JacksonAutoConfiguration$JacksonObjectMapperConfiguration,jacksonObjectMapper,org.springframework.boot.autoconfigure.jackson.JacksonAutoConfiguration$JacksonMixinConfiguration,jsonMixinModuleEntries,jsonMixinModule,org.springframework.boot.autoconfigure.jackson.JacksonAutoConfiguration,jsonComponentModule,org.springframework.boot.autoconfigure.context.ConfigurationPropertiesAutoConfiguration,org.springframework.boot.autoconfigure.context.LifecycleAutoConfiguration,lifecycleProcessor,spring.lifecycle-org.springframework.boot.autoconfigure.context.LifecycleProperties,org.springframework.boot.autoconfigure.dao.PersistenceExceptionTranslationAutoConfiguration,persistenceExceptionTranslationPostProcessor,org.springframework.boot.autoconfigure.data.jpa.JpaRepositoriesAutoConfiguration,jpaSharedEM_entityManagerFactory,emBeanDefinitionRegistrarPostProcessor,jpaMappingContext,jpaContext,org.springframework.data.jpa.util.JpaMetamodelCacheCleanup,org.springframework.data.jpa.repository.support.JpaEvaluationContextExtension,jpa.named-queries#0,jpa.GenreRepository.fragments#0,genreRepository,jpa.named-queries#1,jpa.RatingRepository.fragments#0,ratingRepository,jpa.named-queries#2,jpa.UserRepository.fragments#0,userRepository,jpa.named-queries#3,jpa.MovieRepository.fragments#0,movieRepository,data-jpa.repository-aot-processor#0,org.springframework.boot.autoconfigure.http.HttpMessageConvertersAutoConfiguration$StringHttpMessageConverterConfiguration,stringHttpMessageConverter,org.springframework.boot.autoconfigure.http.JacksonHttpMessageConvertersConfiguration$MappingJackson2XmlHttpMessageConverterConfiguration,mappingJackson2XmlHttpMessageConverter,org.springframework.boot.autoconfigure.http.JacksonHttpMessageConvertersConfiguration$MappingJackson2HttpMessageConverterConfiguration,mappingJackson2HttpMessageConverter,org.springframework.boot.autoconfigure.http.JacksonHttpMessageConvertersConfiguration,org.springframework.boot.autoconfigure.http.HttpMessageConvertersAutoConfiguration,messageConverters,org.springframework.data.web.config.ProjectingArgumentResolverRegistrar,projectingArgumentResolverBeanPostProcessor,org.springframework.data.web.config.SpringDataWebConfiguration,pageableResolver,sortResolver,offsetResolver,org.springframework.data.web.config.SpringDataJacksonConfiguration,jacksonGeoModule,pageModule,org.springframework.boot.autoconfigure.data.web.SpringDataWebAutoConfiguration,pageableCustomizer,sortCustomizer,springDataWebSettings,spring.data.web-org.springframework.boot.autoconfigure.data.web.SpringDataWebProperties,org.springframework.boot.autoconfigure.h2.H2ConsoleAutoConfiguration,h2Console,h2ConsoleLogger,spring.h2.console-org.springframework.boot.autoconfigure.h2.H2ConsoleProperties,org.springframework.boot.autoconfigure.http.client.HttpClientAutoConfiguration,clientHttpRequestFactoryBuilder,clientHttpRequestFactorySettings,spring.http.client-org.springframework.boot.autoconfigure.http.client.HttpClientProperties,org.springframework.boot.autoconfigure.info.ProjectInfoAutoConfiguration,spring.info-org.springframework.boot.autoconfigure.info.ProjectInfoProperties,org.springframework.boot.autoconfigure.jdbc.JdbcTemplateConfiguration,jdbcTemplate,org.springframework.boot.autoconfigure.jdbc.NamedParameterJdbcTemplateConfiguration,namedParameterJdbcTemplate,org.springframework.boot.autoconfigure.jdbc.JdbcTemplateAutoConfiguration,spring.jdbc-org.springframework.boot.autoconfigure.jdbc.JdbcProperties,org.springframework.boot.sql.init.dependency.DatabaseInitializationDependencyConfigurer$DependsOnDatabaseInitializationPostProcessor,org.springframework.boot.autoconfigure.jdbc.JdbcClientAutoConfiguration,jdbcClient,org.springframework.boot.autoconfigure.mail.MailSenderPropertiesConfiguration,mailSender,org.springframework.boot.autoconfigure.mail.MailSenderAutoConfiguration,spring.mail-org.springframework.boot.autoconfigure.mail.MailProperties,org.springframework.boot.autoconfigure.security.servlet.SpringBootWebSecurityConfiguration,org.springframework.boot.autoconfigure.security.servlet.SecurityAutoConfiguration,authenticationEventPublisher,spring.security-org.springframework.boot.autoconfigure.security.SecurityProperties,org.springframework.boot.autoconfigure.security.servlet.SecurityFilterAutoConfiguration,securityFilterChainRegistration,org.springframework.boot.autoconfigure.sql.init.DataSourceInitializationConfiguration,dataSourceScriptDatabaseInitializer,org.springframework.boot.autoconfigure.sql.init.SqlInitializationAutoConfiguration,spring.sql.init-org.springframework.boot.autoconfigure.sql.init.SqlInitializationProperties,org.springframework.boot.autoconfigure.task.TaskSchedulingConfigurations$ThreadPoolTaskSchedulerBuilderConfiguration,threadPoolTaskSchedulerBuilder,org.springframework.boot.autoconfigure.task.TaskSchedulingConfigurations$SimpleAsyncTaskSchedulerBuilderConfiguration,simpleAsyncTaskSchedulerBuilder,org.springframework.boot.autoconfigure.task.TaskSchedulingAutoConfiguration,spring.task.scheduling-org.springframework.boot.autoconfigure.task.TaskSchedulingProperties,org.springframework.boot.autoconfigure.jdbc.DataSourceTransactionManagerAutoConfiguration$JdbcTransactionManagerConfiguration,org.springframework.boot.autoconfigure.jdbc.DataSourceTransactionManagerAutoConfiguration,org.springframework.transaction.annotation.ProxyTransactionManagementConfiguration,org.springframework.transaction.config.internalTransactionAdvisor,transactionInterceptor,transactionAttributeSource,org.springframework.transaction.config.internalTransactionalEventListenerFactory,org.springframework.boot.autoconfigure.transaction.TransactionAutoConfiguration$EnableTransactionManagementConfiguration$CglibAutoProxyConfiguration,org.springframework.boot.autoconfigure.transaction.TransactionAutoConfiguration$EnableTransactionManagementConfiguration,org.springframework.boot.autoconfigure.transaction.TransactionAutoConfiguration$TransactionTemplateConfiguration,transactionTemplate,org.springframework.boot.autoconfigure.transaction.TransactionAutoConfiguration,org.springframework.boot.autoconfigure.web.client.RestClientAutoConfiguration,httpMessageConvertersRestClientCustomizer,restClientSsl,restClientBuilderConfigurer,restClientBuilder,org.springframework.boot.autoconfigure.web.client.RestTemplateAutoConfiguration,restTemplateBuilderConfigurer,restTemplateBuilder,org.springframework.boot.autoconfigure.web.embedded.EmbeddedWebServerFactoryCustomizerAutoConfiguration$TomcatWebServerFactoryCustomizerConfiguration,tomcatWebServerFactoryCustomizer,org.springframework.boot.autoconfigure.web.embedded.EmbeddedWebServerFactoryCustomizerAutoConfiguration,org.springframework.boot.autoconfigure.web.servlet.HttpEncodingAutoConfiguration,characterEncodingFilter,localeCharsetMappingsCustomizer,org.springframework.boot.autoconfigure.web.servlet.MultipartAutoConfiguration,multipartConfigElement,multipartResolver,spring.servlet.multipart-org.springframework.boot.autoconfigure.web.servlet.MultipartProperties]; root of factory hierarchy
2025-11-28 16:42:29 [restartedMain] TRACE o.s.b.f.s.DefaultListableBeanFactory - Returning cached instance of singleton bean 'autoConfigurationReport'
2025-11-28 16:42:29 [restartedMain] TRACE o.s.b.f.s.DefaultListableBeanFactory - Returning cached instance of singleton bean 'autoConfigurationReport'
2025-11-28 16:42:29 [restartedMain] TRACE o.s.b.f.s.DefaultListableBeanFactory - Returning cached instance of singleton bean 'autoConfigurationReport'
2025-11-28 16:42:29 [restartedMain] TRACE o.s.b.f.s.DefaultListableBeanFactory - Returning cached instance of singleton bean 'autoConfigurationReport'
2025-11-28 16:42:29 [restartedMain] TRACE o.s.b.f.s.DefaultListableBeanFactory - Returning cached instance of singleton bean 'autoConfigurationReport'
2025-11-28 16:42:29 [restartedMain] TRACE o.s.b.f.s.DefaultListableBeanFactory - Returning cached instance of singleton bean 'autoConfigurationReport'
2025-11-28 16:42:29 [restartedMain] TRACE o.s.b.f.s.DefaultListableBeanFactory - Returning cached instance of singleton bean 'autoConfigurationReport'
2025-11-28 16:42:29 [restartedMain] TRACE o.s.b.f.s.DefaultListableBeanFactory - Returning cached instance of singleton bean 'autoConfigurationReport'
2025-11-28 16:42:29 [restartedMain] DEBUG o.s.b.f.s.DefaultListableBeanFactory - Creating shared instance of singleton bean 'springSecurityHandlerMappingIntrospectorBeanDefinitionRegistryPostProcessor'
2025-11-28 16:42:29 [restartedMain] TRACE o.s.b.f.s.DefaultListableBeanFactory - Creating instance of bean 'springSecurityHandlerMappingIntrospectorBeanDefinitionRegistryPostProcessor'
2025-11-28 16:42:29 [restartedMain] TRACE o.s.b.f.s.DefaultListableBeanFactory - Finished creating instance of bean 'springSecurityHandlerMappingIntrospectorBeanDefinitionRegistryPostProcessor'
2025-11-28 16:42:29 [restartedMain] DEBUG o.s.b.f.s.DefaultListableBeanFactory - Creating shared instance of singleton bean 'propertySourcesPlaceholderConfigurer'
2025-11-28 16:42:29 [restartedMain] TRACE o.s.b.f.s.DefaultListableBeanFactory - Creating instance of bean 'propertySourcesPlaceholderConfigurer'
2025-11-28 16:42:29 [restartedMain] TRACE o.s.b.f.s.DefaultListableBeanFactory - Finished creating instance of bean 'propertySourcesPlaceholderConfigurer'
2025-11-28 16:42:29 [restartedMain] DEBUG o.s.b.f.s.DefaultListableBeanFactory - Creating shared instance of singleton bean 'emBeanDefinitionRegistrarPostProcessor'
2025-11-28 16:42:29 [restartedMain] TRACE o.s.b.f.s.DefaultListableBeanFactory - Creating instance of bean 'emBeanDefinitionRegistrarPostProcessor'
2025-11-28 16:42:29 [restartedMain] TRACE o.s.b.f.s.DefaultListableBeanFactory - Finished creating instance of bean 'emBeanDefinitionRegistrarPostProcessor'
2025-11-28 16:42:29 [restartedMain] DEBUG o.s.b.f.s.DefaultListableBeanFactory - Creating shared instance of singleton bean 'org.springframework.boot.sql.init.dependency.DatabaseInitializationDependencyConfigurer$DependsOnDatabaseInitializationPostProcessor'
2025-11-28 16:42:29 [restartedMain] TRACE o.s.b.f.s.DefaultListableBeanFactory - Creating instance of bean 'org.springframework.boot.sql.init.dependency.DatabaseInitializationDependencyConfigurer$DependsOnDatabaseInitializationPostProcessor'
2025-11-28 16:42:29 [restartedMain] TRACE o.s.b.f.s.DefaultListableBeanFactory - Finished creating instance of bean 'org.springframework.boot.sql.init.dependency.DatabaseInitializationDependencyConfigurer$DependsOnDatabaseInitializationPostProcessor'
2025-11-28 16:42:29 [restartedMain] DEBUG o.s.b.f.s.DefaultListableBeanFactory - Creating shared instance of singleton bean 'org.springframework.boot.devtools.autoconfigure.DevToolsDataSourceAutoConfiguration$DatabaseShutdownExecutorEntityManagerFactoryDependsOnPostProcessor'
2025-11-28 16:42:29 [restartedMain] TRACE o.s.b.f.s.DefaultListableBeanFactory - Creating instance of bean 'org.springframework.boot.devtools.autoconfigure.DevToolsDataSourceAutoConfiguration$DatabaseShutdownExecutorEntityManagerFactoryDependsOnPostProcessor'
2025-11-28 16:42:29 [restartedMain] TRACE o.s.b.f.s.DefaultListableBeanFactory - Finished creating instance of bean 'org.springframework.boot.devtools.autoconfigure.DevToolsDataSourceAutoConfiguration$DatabaseShutdownExecutorEntityManagerFactoryDependsOnPostProcessor'
2025-11-28 16:42:29 [restartedMain] DEBUG o.s.b.f.s.DefaultListableBeanFactory - Creating shared instance of singleton bean 'org.springframework.context.event.internalEventListenerProcessor'
2025-11-28 16:42:29 [restartedMain] TRACE o.s.b.f.s.DefaultListableBeanFactory - Creating instance of bean 'org.springframework.context.event.internalEventListenerProcessor'
2025-11-28 16:42:29 [restartedMain] TRACE o.s.b.f.s.DefaultListableBeanFactory - Finished creating instance of bean 'org.springframework.context.event.internalEventListenerProcessor'
2025-11-28 16:42:29 [restartedMain] DEBUG o.s.b.f.s.DefaultListableBeanFactory - Creating shared instance of singleton bean 'conversionServicePostProcessor'
2025-11-28 16:42:29 [restartedMain] TRACE o.s.b.f.s.DefaultListableBeanFactory - Creating instance of bean 'conversionServicePostProcessor'
2025-11-28 16:42:29 [restartedMain] TRACE o.s.b.f.s.DefaultListableBeanFactory - Finished creating instance of bean 'conversionServicePostProcessor'
2025-11-28 16:42:29 [restartedMain] DEBUG o.s.b.f.s.DefaultListableBeanFactory - Creating shared instance of singleton bean 'preserveErrorControllerTargetClassPostProcessor'
2025-11-28 16:42:29 [restartedMain] TRACE o.s.b.f.s.DefaultListableBeanFactory - Creating instance of bean 'preserveErrorControllerTargetClassPostProcessor'
2025-11-28 16:42:29 [restartedMain] TRACE o.s.b.f.s.DefaultListableBeanFactory - Finished creating instance of bean 'preserveErrorControllerTargetClassPostProcessor'
2025-11-28 16:42:29 [restartedMain] DEBUG o.s.b.f.s.DefaultListableBeanFactory - Creating shared instance of singleton bean 'org.springframework.context.event.internalEventListenerFactory'
2025-11-28 16:42:29 [restartedMain] TRACE o.s.b.f.s.DefaultListableBeanFactory - Creating instance of bean 'org.springframework.context.event.internalEventListenerFactory'
2025-11-28 16:42:29 [restartedMain] TRACE o.s.b.f.s.DefaultListableBeanFactory - Finished creating instance of bean 'org.springframework.context.event.internalEventListenerFactory'
2025-11-28 16:42:29 [restartedMain] DEBUG o.s.b.f.s.DefaultListableBeanFactory - Creating shared instance of singleton bean 'org.springframework.transaction.config.internalTransactionalEventListenerFactory'
2025-11-28 16:42:29 [restartedMain] TRACE o.s.b.f.s.DefaultListableBeanFactory - Creating instance of bean 'org.springframework.transaction.config.internalTransactionalEventListenerFactory'
2025-11-28 16:42:29 [restartedMain] TRACE o.s.b.f.s.DefaultListableBeanFactory - Finished creating instance of bean 'org.springframework.transaction.config.internalTransactionalEventListenerFactory'
2025-11-28 16:42:29 [restartedMain] DEBUG o.s.b.f.s.DefaultListableBeanFactory - Creating shared instance of singleton bean 'org.springframework.context.annotation.internalAutowiredAnnotationProcessor'
2025-11-28 16:42:29 [restartedMain] TRACE o.s.b.f.s.DefaultListableBeanFactory - Creating instance of bean 'org.springframework.context.annotation.internalAutowiredAnnotationProcessor'
2025-11-28 16:42:29 [restartedMain] TRACE o.s.b.f.a.AutowiredAnnotationBeanPostProcessor - 'jakarta.inject.Inject' annotation found and supported for autowiring
2025-11-28 16:42:29 [restartedMain] TRACE o.s.b.f.s.DefaultListableBeanFactory - Finished creating instance of bean 'org.springframework.context.annotation.internalAutowiredAnnotationProcessor'
2025-11-28 16:42:29 [restartedMain] DEBUG o.s.b.f.s.DefaultListableBeanFactory - Creating shared instance of singleton bean 'org.springframework.context.annotation.internalCommonAnnotationProcessor'
2025-11-28 16:42:29 [restartedMain] TRACE o.s.b.f.s.DefaultListableBeanFactory - Creating instance of bean 'org.springframework.context.annotation.internalCommonAnnotationProcessor'
2025-11-28 16:42:29 [restartedMain] TRACE o.s.b.f.s.DefaultListableBeanFactory - Finished creating instance of bean 'org.springframework.context.annotation.internalCommonAnnotationProcessor'
2025-11-28 16:42:29 [restartedMain] DEBUG o.s.b.f.s.DefaultListableBeanFactory - Creating shared instance of singleton bean 'org.springframework.context.annotation.internalPersistenceAnnotationProcessor'
2025-11-28 16:42:29 [restartedMain] TRACE o.s.b.f.s.DefaultListableBeanFactory - Creating instance of bean 'org.springframework.context.annotation.internalPersistenceAnnotationProcessor'
2025-11-28 16:42:29 [restartedMain] TRACE o.s.b.f.s.DefaultListableBeanFactory - Finished creating instance of bean 'org.springframework.context.annotation.internalPersistenceAnnotationProcessor'
2025-11-28 16:42:29 [restartedMain] DEBUG o.s.b.f.s.DefaultListableBeanFactory - Creating shared instance of singleton bean 'org.springframework.boot.context.properties.ConfigurationPropertiesBindingPostProcessor'
2025-11-28 16:42:29 [restartedMain] TRACE o.s.b.f.s.DefaultListableBeanFactory - Creating instance of bean 'org.springframework.boot.context.properties.ConfigurationPropertiesBindingPostProcessor'
2025-11-28 16:42:29 [restartedMain] TRACE o.s.b.f.s.DefaultListableBeanFactory - Invoking afterPropertiesSet() on bean with name 'org.springframework.boot.context.properties.ConfigurationPropertiesBindingPostProcessor'
2025-11-28 16:42:29 [restartedMain] DEBUG o.s.b.f.s.DefaultListableBeanFactory - Creating shared instance of singleton bean 'org.springframework.boot.context.internalConfigurationPropertiesBinder'
2025-11-28 16:42:29 [restartedMain] TRACE o.s.b.f.s.DefaultListableBeanFactory - Creating instance of bean 'org.springframework.boot.context.internalConfigurationPropertiesBinder'
2025-11-28 16:42:29 [restartedMain] TRACE o.s.b.f.s.DefaultListableBeanFactory - Returning cached instance of singleton bean 'propertySourcesPlaceholderConfigurer'
2025-11-28 16:42:29 [restartedMain] TRACE o.s.b.f.s.DefaultListableBeanFactory - Finished creating instance of bean 'org.springframework.boot.context.internalConfigurationPropertiesBinder'
2025-11-28 16:42:29 [restartedMain] TRACE o.s.b.f.s.DefaultListableBeanFactory - Finished creating instance of bean 'org.springframework.boot.context.properties.ConfigurationPropertiesBindingPostProcessor'
2025-11-28 16:42:29 [restartedMain] DEBUG o.s.b.f.s.DefaultListableBeanFactory - Creating shared instance of singleton bean 'jdbcConnectionDetailsHikariBeanPostProcessor'
2025-11-28 16:42:29 [restartedMain] TRACE o.s.b.f.s.DefaultListableBeanFactory - Creating instance of bean 'jdbcConnectionDetailsHikariBeanPostProcessor'
2025-11-28 16:42:29 [restartedMain] TRACE o.s.b.f.s.DefaultListableBeanFactory - Finished creating instance of bean 'jdbcConnectionDetailsHikariBeanPostProcessor'
2025-11-28 16:42:29 [restartedMain] DEBUG o.s.b.f.s.DefaultListableBeanFactory - Creating shared instance of singleton bean 'methodValidationPostProcessor'
2025-11-28 16:42:29 [restartedMain] TRACE o.s.b.f.s.DefaultListableBeanFactory - Creating instance of bean 'methodValidationPostProcessor'
2025-11-28 16:42:29 [restartedMain] TRACE o.s.b.f.s.DefaultListableBeanFactory - Returning cached instance of singleton bean 'environment'
2025-11-28 16:42:29 [restartedMain] DEBUG o.s.b.f.s.DefaultListableBeanFactory - Autowiring by type from bean name 'methodValidationPostProcessor' via factory method to bean named 'environment'
2025-11-28 16:42:29 [restartedMain] DEBUG o.s.b.f.s.DefaultListableBeanFactory - Creating shared instance of singleton bean 'org.springframework.boot.context.properties.EnableConfigurationPropertiesRegistrar.methodValidationExcludeFilter'
2025-11-28 16:42:29 [restartedMain] TRACE o.s.b.f.s.DefaultListableBeanFactory - Creating instance of bean 'org.springframework.boot.context.properties.EnableConfigurationPropertiesRegistrar.methodValidationExcludeFilter'
2025-11-28 16:42:29 [restartedMain] TRACE o.s.b.f.s.DefaultListableBeanFactory - Ignoring factory method [public static org.springframework.boot.validation.beanvalidation.MethodValidationExcludeFilter org.springframework.boot.validation.beanvalidation.MethodValidationExcludeFilter.byAnnotation(java.lang.Class,org.springframework.core.annotation.MergedAnnotations$SearchStrategy)] of bean 'org.springframework.boot.context.properties.EnableConfigurationPropertiesRegistrar.methodValidationExcludeFilter': org.springframework.beans.factory.UnsatisfiedDependencyException: Error creating bean with name 'org.springframework.boot.context.properties.EnableConfigurationPropertiesRegistrar.methodValidationExcludeFilter': Unsatisfied dependency expressed through method 'byAnnotation' parameter 1: Ambiguous argument values for parameter of type [org.springframework.core.annotation.MergedAnnotations$SearchStrategy] - did you specify the correct bean references as arguments?
2025-11-28 16:42:29 [restartedMain] TRACE o.s.b.f.s.DefaultListableBeanFactory - Finished creating instance of bean 'org.springframework.boot.context.properties.EnableConfigurationPropertiesRegistrar.methodValidationExcludeFilter'
2025-11-28 16:42:29 [restartedMain] TRACE o.s.b.f.s.DefaultListableBeanFactory - Returning cached instance of singleton bean 'org.springframework.boot.context.properties.EnableConfigurationPropertiesRegistrar.methodValidationExcludeFilter'
2025-11-28 16:42:29 [restartedMain] TRACE o.s.b.f.s.DefaultListableBeanFactory - Invoking afterPropertiesSet() on bean with name 'methodValidationPostProcessor'
2025-11-28 16:42:29 [restartedMain] TRACE o.s.b.f.s.DefaultListableBeanFactory - Finished creating instance of bean 'methodValidationPostProcessor'
2025-11-28 16:42:29 [restartedMain] DEBUG o.s.b.f.s.DefaultListableBeanFactory - Creating shared instance of singleton bean 'org.springframework.aop.config.internalAutoProxyCreator'
2025-11-28 16:42:29 [restartedMain] TRACE o.s.b.f.s.DefaultListableBeanFactory - Creating instance of bean 'org.springframework.aop.config.internalAutoProxyCreator'
2025-11-28 16:42:29 [restartedMain] TRACE o.s.b.f.s.DefaultListableBeanFactory - Finished creating instance of bean 'org.springframework.aop.config.internalAutoProxyCreator'
2025-11-28 16:42:29 [restartedMain] DEBUG o.s.b.f.s.DefaultListableBeanFactory - Creating shared instance of singleton bean 'persistenceExceptionTranslationPostProcessor'
2025-11-28 16:42:29 [restartedMain] TRACE o.s.b.f.s.DefaultListableBeanFactory - Creating instance of bean 'persistenceExceptionTranslationPostProcessor'
2025-11-28 16:42:29 [restartedMain] TRACE o.s.b.f.s.DefaultListableBeanFactory - Returning cached instance of singleton bean 'environment'
2025-11-28 16:42:29 [restartedMain] DEBUG o.s.b.f.s.DefaultListableBeanFactory - Autowiring by type from bean name 'persistenceExceptionTranslationPostProcessor' via factory method to bean named 'environment'
2025-11-28 16:42:29 [restartedMain] TRACE o.s.b.f.s.DefaultListableBeanFactory - Finished creating instance of bean 'persistenceExceptionTranslationPostProcessor'
2025-11-28 16:42:29 [restartedMain] DEBUG o.s.b.f.s.DefaultListableBeanFactory - Creating shared instance of singleton bean 'webServerFactoryCustomizerBeanPostProcessor'
2025-11-28 16:42:29 [restartedMain] TRACE o.s.b.f.s.DefaultListableBeanFactory - Creating instance of bean 'webServerFactoryCustomizerBeanPostProcessor'
2025-11-28 16:42:29 [restartedMain] TRACE o.s.b.f.s.DefaultListableBeanFactory - Finished creating instance of bean 'webServerFactoryCustomizerBeanPostProcessor'
2025-11-28 16:42:29 [restartedMain] DEBUG o.s.b.f.s.DefaultListableBeanFactory - Creating shared instance of singleton bean 'errorPageRegistrarBeanPostProcessor'
2025-11-28 16:42:29 [restartedMain] TRACE o.s.b.f.s.DefaultListableBeanFactory - Creating instance of bean 'errorPageRegistrarBeanPostProcessor'
2025-11-28 16:42:29 [restartedMain] TRACE o.s.b.f.s.DefaultListableBeanFactory - Finished creating instance of bean 'errorPageRegistrarBeanPostProcessor'
2025-11-28 16:42:29 [restartedMain] DEBUG o.s.b.f.s.DefaultListableBeanFactory - Creating shared instance of singleton bean 'projectingArgumentResolverBeanPostProcessor'
2025-11-28 16:42:29 [restartedMain] TRACE o.s.b.f.s.DefaultListableBeanFactory - Creating instance of bean 'projectingArgumentResolverBeanPostProcessor'
2025-11-28 16:42:29 [restartedMain] DEBUG o.s.b.f.s.DefaultListableBeanFactory - Creating shared instance of singleton bean 'org.springframework.transaction.config.internalTransactionAdvisor'
2025-11-28 16:42:29 [restartedMain] TRACE o.s.b.f.s.DefaultListableBeanFactory - Creating instance of bean 'org.springframework.transaction.config.internalTransactionAdvisor'
2025-11-28 16:42:29 [restartedMain] DEBUG o.s.b.f.s.DefaultListableBeanFactory - Creating shared instance of singleton bean 'org.springframework.transaction.annotation.ProxyTransactionManagementConfiguration'
2025-11-28 16:42:29 [restartedMain] TRACE o.s.b.f.s.DefaultListableBeanFactory - Creating instance of bean 'org.springframework.transaction.annotation.ProxyTransactionManagementConfiguration'
2025-11-28 16:42:29 [restartedMain] TRACE o.s.b.f.s.DefaultListableBeanFactory - Returning cached instance of singleton bean 'org.springframework.context.annotation.ConfigurationClassPostProcessor.importRegistry'
2025-11-28 16:42:29 [restartedMain] TRACE o.s.b.f.s.DefaultListableBeanFactory - Finished creating instance of bean 'org.springframework.transaction.annotation.ProxyTransactionManagementConfiguration'
2025-11-28 16:42:29 [restartedMain] DEBUG o.s.b.f.s.DefaultListableBeanFactory - Creating shared instance of singleton bean 'transactionAttributeSource'
2025-11-28 16:42:29 [restartedMain] TRACE o.s.b.f.s.DefaultListableBeanFactory - Creating instance of bean 'transactionAttributeSource'
2025-11-28 16:42:29 [restartedMain] TRACE o.s.b.f.s.DefaultListableBeanFactory - Returning cached instance of singleton bean 'org.springframework.transaction.annotation.ProxyTransactionManagementConfiguration'
2025-11-28 16:42:29 [restartedMain] TRACE o.s.b.f.s.DefaultListableBeanFactory - Finished creating instance of bean 'transactionAttributeSource'
2025-11-28 16:42:29 [restartedMain] DEBUG o.s.b.f.s.DefaultListableBeanFactory - Creating shared instance of singleton bean 'transactionInterceptor'
2025-11-28 16:42:29 [restartedMain] TRACE o.s.b.f.s.DefaultListableBeanFactory - Creating instance of bean 'transactionInterceptor'
2025-11-28 16:42:29 [restartedMain] TRACE o.s.b.f.s.DefaultListableBeanFactory - Returning cached instance of singleton bean 'org.springframework.transaction.annotation.ProxyTransactionManagementConfiguration'
2025-11-28 16:42:29 [restartedMain] TRACE o.s.b.f.s.DefaultListableBeanFactory - Returning cached instance of singleton bean 'transactionAttributeSource'
2025-11-28 16:42:29 [restartedMain] DEBUG o.s.b.f.s.DefaultListableBeanFactory - Autowiring by type from bean name 'transactionInterceptor' via factory method to bean named 'transactionAttributeSource'
2025-11-28 16:42:29 [restartedMain] TRACE o.s.b.f.s.DefaultListableBeanFactory - Invoking afterPropertiesSet() on bean with name 'transactionInterceptor'
2025-11-28 16:42:29 [restartedMain] TRACE o.s.b.f.s.DefaultListableBeanFactory - Finished creating instance of bean 'transactionInterceptor'
2025-11-28 16:42:29 [restartedMain] DEBUG o.s.b.f.s.DefaultListableBeanFactory - Autowiring by type from bean name 'org.springframework.transaction.config.internalTransactionAdvisor' via factory method to bean named 'transactionAttributeSource'
2025-11-28 16:42:29 [restartedMain] DEBUG o.s.b.f.s.DefaultListableBeanFactory - Autowiring by type from bean name 'org.springframework.transaction.config.internalTransactionAdvisor' via factory method to bean named 'transactionInterceptor'
2025-11-28 16:42:29 [restartedMain] TRACE o.s.b.f.s.DefaultListableBeanFactory - Finished creating instance of bean 'org.springframework.transaction.config.internalTransactionAdvisor'
2025-11-28 16:42:29 [restartedMain] TRACE o.s.b.f.s.DefaultListableBeanFactory - Returning cached instance of singleton bean 'org.springframework.transaction.config.internalTransactionAdvisor'
2025-11-28 16:42:29 [restartedMain] TRACE o.s.b.f.s.DefaultListableBeanFactory - Returning cached instance of singleton bean 'org.springframework.transaction.config.internalTransactionAdvisor'
2025-11-28 16:42:29 [restartedMain] TRACE o.s.b.f.s.DefaultListableBeanFactory - Finished creating instance of bean 'projectingArgumentResolverBeanPostProcessor'
2025-11-28 16:42:29 [restartedMain] DEBUG o.s.b.f.s.DefaultListableBeanFactory - Creating shared instance of singleton bean 'tomcatServletWebServerFactory'
2025-11-28 16:42:29 [restartedMain] TRACE o.s.b.f.s.DefaultListableBeanFactory - Creating instance of bean 'tomcatServletWebServerFactory'
2025-11-28 16:42:29 [restartedMain] TRACE o.s.b.f.s.DefaultListableBeanFactory - Returning cached instance of singleton bean 'org.springframework.transaction.config.internalTransactionAdvisor'
2025-11-28 16:42:29 [restartedMain] DEBUG o.s.b.f.s.DefaultListableBeanFactory - Creating shared instance of singleton bean 'org.springframework.boot.autoconfigure.web.servlet.ServletWebServerFactoryConfiguration$EmbeddedTomcat'
2025-11-28 16:42:29 [restartedMain] TRACE o.s.b.f.s.DefaultListableBeanFactory - Creating instance of bean 'org.springframework.boot.autoconfigure.web.servlet.ServletWebServerFactoryConfiguration$EmbeddedTomcat'
2025-11-28 16:42:29 [restartedMain] TRACE o.s.b.f.s.DefaultListableBeanFactory - Returning cached instance of singleton bean 'org.springframework.transaction.config.internalTransactionAdvisor'
2025-11-28 16:42:29 [restartedMain] TRACE o.s.b.f.s.DefaultListableBeanFactory - Returning cached instance of singleton bean 'org.springframework.transaction.config.internalTransactionAdvisor'
2025-11-28 16:42:29 [restartedMain] TRACE o.s.b.f.s.DefaultListableBeanFactory - Returning cached instance of singleton bean 'org.springframework.transaction.config.internalTransactionAdvisor'
2025-11-28 16:42:29 [restartedMain] TRACE o.s.b.f.s.DefaultListableBeanFactory - Finished creating instance of bean 'org.springframework.boot.autoconfigure.web.servlet.ServletWebServerFactoryConfiguration$EmbeddedTomcat'
2025-11-28 16:42:29 [restartedMain] DEBUG o.s.b.f.s.DefaultListableBeanFactory - Creating shared instance of singleton bean 'websocketServletWebServerCustomizer'
2025-11-28 16:42:29 [restartedMain] TRACE o.s.b.f.s.DefaultListableBeanFactory - Creating instance of bean 'websocketServletWebServerCustomizer'
2025-11-28 16:42:29 [restartedMain] TRACE o.s.b.f.s.DefaultListableBeanFactory - Returning cached instance of singleton bean 'org.springframework.transaction.config.internalTransactionAdvisor'
2025-11-28 16:42:29 [restartedMain] DEBUG o.s.b.f.s.DefaultListableBeanFactory - Creating shared instance of singleton bean 'org.springframework.boot.autoconfigure.websocket.servlet.WebSocketServletAutoConfiguration$TomcatWebSocketConfiguration'
2025-11-28 16:42:29 [restartedMain] TRACE o.s.b.f.s.DefaultListableBeanFactory - Creating instance of bean 'org.springframework.boot.autoconfigure.websocket.servlet.WebSocketServletAutoConfiguration$TomcatWebSocketConfiguration'
2025-11-28 16:42:29 [restartedMain] TRACE o.s.b.f.s.DefaultListableBeanFactory - Returning cached instance of singleton bean 'org.springframework.transaction.config.internalTransactionAdvisor'
2025-11-28 16:42:29 [restartedMain] TRACE o.s.b.f.s.DefaultListableBeanFactory - Returning cached instance of singleton bean 'org.springframework.transaction.config.internalTransactionAdvisor'
2025-11-28 16:42:29 [restartedMain] TRACE o.s.b.f.s.DefaultListableBeanFactory - Returning cached instance of singleton bean 'org.springframework.transaction.config.internalTransactionAdvisor'
2025-11-28 16:42:29 [restartedMain] TRACE o.s.b.f.s.DefaultListableBeanFactory - Finished creating instance of bean 'org.springframework.boot.autoconfigure.websocket.servlet.WebSocketServletAutoConfiguration$TomcatWebSocketConfiguration'
2025-11-28 16:42:29 [restartedMain] TRACE o.s.b.f.s.DefaultListableBeanFactory - Returning cached instance of singleton bean 'org.springframework.transaction.config.internalTransactionAdvisor'
2025-11-28 16:42:29 [restartedMain] TRACE o.s.b.f.s.DefaultListableBeanFactory - Returning cached instance of singleton bean 'org.springframework.transaction.config.internalTransactionAdvisor'
2025-11-28 16:42:29 [restartedMain] TRACE o.s.b.f.s.DefaultListableBeanFactory - Finished creating instance of bean 'websocketServletWebServerCustomizer'
2025-11-28 16:42:29 [restartedMain] DEBUG o.s.b.f.s.DefaultListableBeanFactory - Creating shared instance of singleton bean 'servletWebServerFactoryCustomizer'
2025-11-28 16:42:29 [restartedMain] TRACE o.s.b.f.s.DefaultListableBeanFactory - Creating instance of bean 'servletWebServerFactoryCustomizer'
2025-11-28 16:42:29 [restartedMain] TRACE o.s.b.f.s.DefaultListableBeanFactory - Returning cached instance of singleton bean 'org.springframework.transaction.config.internalTransactionAdvisor'
2025-11-28 16:42:29 [restartedMain] DEBUG o.s.b.f.s.DefaultListableBeanFactory - Creating shared instance of singleton bean 'org.springframework.boot.autoconfigure.web.servlet.ServletWebServerFactoryAutoConfiguration'
2025-11-28 16:42:29 [restartedMain] TRACE o.s.b.f.s.DefaultListableBeanFactory - Creating instance of bean 'org.springframework.boot.autoconfigure.web.servlet.ServletWebServerFactoryAutoConfiguration'
2025-11-28 16:42:29 [restartedMain] TRACE o.s.b.f.s.DefaultListableBeanFactory - Returning cached instance of singleton bean 'org.springframework.transaction.config.internalTransactionAdvisor'
2025-11-28 16:42:29 [restartedMain] TRACE o.s.b.f.s.DefaultListableBeanFactory - Returning cached instance of singleton bean 'org.springframework.transaction.config.internalTransactionAdvisor'
2025-11-28 16:42:29 [restartedMain] TRACE o.s.b.f.s.DefaultListableBeanFactory - Returning cached instance of singleton bean 'org.springframework.transaction.config.internalTransactionAdvisor'
2025-11-28 16:42:29 [restartedMain] TRACE o.s.b.f.s.DefaultListableBeanFactory - Finished creating instance of bean 'org.springframework.boot.autoconfigure.web.servlet.ServletWebServerFactoryAutoConfiguration'
2025-11-28 16:42:29 [restartedMain] DEBUG o.s.b.f.s.DefaultListableBeanFactory - Creating shared instance of singleton bean 'server-org.springframework.boot.autoconfigure.web.ServerProperties'
2025-11-28 16:42:29 [restartedMain] TRACE o.s.b.f.s.DefaultListableBeanFactory - Creating instance of bean 'server-org.springframework.boot.autoconfigure.web.ServerProperties'
2025-11-28 16:42:29 [restartedMain] TRACE o.s.b.f.s.DefaultListableBeanFactory - Returning cached instance of singleton bean 'org.springframework.transaction.config.internalTransactionAdvisor'
2025-11-28 16:42:29 [restartedMain] DEBUG o.s.b.f.s.DefaultListableBeanFactory - Creating shared instance of singleton bean 'org.springframework.boot.context.properties.BoundConfigurationProperties'
2025-11-28 16:42:29 [restartedMain] TRACE o.s.b.f.s.DefaultListableBeanFactory - Creating instance of bean 'org.springframework.boot.context.properties.BoundConfigurationProperties'
2025-11-28 16:42:29 [restartedMain] TRACE o.s.b.f.s.DefaultListableBeanFactory - Returning cached instance of singleton bean 'org.springframework.transaction.config.internalTransactionAdvisor'
2025-11-28 16:42:29 [restartedMain] TRACE o.s.b.f.s.DefaultListableBeanFactory - Returning cached instance of singleton bean 'org.springframework.transaction.config.internalTransactionAdvisor'
2025-11-28 16:42:29 [restartedMain] TRACE o.s.b.f.s.DefaultListableBeanFactory - Returning cached instance of singleton bean 'org.springframework.transaction.config.internalTransactionAdvisor'
2025-11-28 16:42:29 [restartedMain] TRACE o.s.b.f.s.DefaultListableBeanFactory - Finished creating instance of bean 'org.springframework.boot.context.properties.BoundConfigurationProperties'
2025-11-28 16:42:29 [restartedMain] TRACE o.s.b.f.s.DefaultListableBeanFactory - Returning cached instance of singleton bean 'org.springframework.transaction.config.internalTransactionAdvisor'
2025-11-28 16:42:29 [restartedMain] TRACE o.s.b.f.s.DefaultListableBeanFactory - Returning cached instance of singleton bean 'org.springframework.transaction.config.internalTransactionAdvisor'
2025-11-28 16:42:29 [restartedMain] TRACE o.s.b.f.s.DefaultListableBeanFactory - Finished creating instance of bean 'server-org.springframework.boot.autoconfigure.web.ServerProperties'
2025-11-28 16:42:29 [restartedMain] DEBUG o.s.b.f.s.DefaultListableBeanFactory - Autowiring by type from bean name 'servletWebServerFactoryCustomizer' via factory method to bean named 'server-org.springframework.boot.autoconfigure.web.ServerProperties'
2025-11-28 16:42:29 [restartedMain] DEBUG o.s.b.f.s.DefaultListableBeanFactory - Creating shared instance of singleton bean 'sslBundleRegistry'
2025-11-28 16:42:29 [restartedMain] TRACE o.s.b.f.s.DefaultListableBeanFactory - Creating instance of bean 'sslBundleRegistry'
2025-11-28 16:42:29 [restartedMain] TRACE o.s.b.f.s.DefaultListableBeanFactory - Returning cached instance of singleton bean 'org.springframework.transaction.config.internalTransactionAdvisor'
2025-11-28 16:42:29 [restartedMain] DEBUG o.s.b.f.s.DefaultListableBeanFactory - Creating shared instance of singleton bean 'org.springframework.boot.autoconfigure.ssl.SslAutoConfiguration'
2025-11-28 16:42:29 [restartedMain] TRACE o.s.b.f.s.DefaultListableBeanFactory - Creating instance of bean 'org.springframework.boot.autoconfigure.ssl.SslAutoConfiguration'
2025-11-28 16:42:29 [restartedMain] TRACE o.s.b.f.s.DefaultListableBeanFactory - Returning cached instance of singleton bean 'org.springframework.transaction.config.internalTransactionAdvisor'
2025-11-28 16:42:29 [restartedMain] DEBUG o.s.b.f.s.DefaultListableBeanFactory - Creating shared instance of singleton bean 'spring.ssl-org.springframework.boot.autoconfigure.ssl.SslProperties'
2025-11-28 16:42:29 [restartedMain] TRACE o.s.b.f.s.DefaultListableBeanFactory - Creating instance of bean 'spring.ssl-org.springframework.boot.autoconfigure.ssl.SslProperties'
2025-11-28 16:42:29 [restartedMain] TRACE o.s.b.f.s.DefaultListableBeanFactory - Returning cached instance of singleton bean 'org.springframework.transaction.config.internalTransactionAdvisor'
2025-11-28 16:42:29 [restartedMain] TRACE o.s.b.f.s.DefaultListableBeanFactory - Returning cached instance of singleton bean 'org.springframework.boot.context.properties.BoundConfigurationProperties'
2025-11-28 16:42:29 [restartedMain] TRACE o.s.b.f.s.DefaultListableBeanFactory - Returning cached instance of singleton bean 'org.springframework.transaction.config.internalTransactionAdvisor'
2025-11-28 16:42:29 [restartedMain] TRACE o.s.b.f.s.DefaultListableBeanFactory - Returning cached instance of singleton bean 'org.springframework.transaction.config.internalTransactionAdvisor'
2025-11-28 16:42:29 [restartedMain] TRACE o.s.b.f.s.DefaultListableBeanFactory - Finished creating instance of bean 'spring.ssl-org.springframework.boot.autoconfigure.ssl.SslProperties'
2025-11-28 16:42:29 [restartedMain] DEBUG o.s.b.f.s.DefaultListableBeanFactory - Autowiring by type from bean name 'org.springframework.boot.autoconfigure.ssl.SslAutoConfiguration' via constructor to bean named 'org.springframework.boot.web.servlet.context.AnnotationConfigServletWebServerApplicationContext@2aa80228'
2025-11-28 16:42:29 [restartedMain] DEBUG o.s.b.f.s.DefaultListableBeanFactory - Autowiring by type from bean name 'org.springframework.boot.autoconfigure.ssl.SslAutoConfiguration' via constructor to bean named 'spring.ssl-org.springframework.boot.autoconfigure.ssl.SslProperties'
2025-11-28 16:42:29 [restartedMain] TRACE o.s.b.f.s.DefaultListableBeanFactory - Returning cached instance of singleton bean 'org.springframework.transaction.config.internalTransactionAdvisor'
2025-11-28 16:42:29 [restartedMain] TRACE o.s.b.f.s.DefaultListableBeanFactory - Returning cached instance of singleton bean 'org.springframework.transaction.config.internalTransactionAdvisor'
2025-11-28 16:42:29 [restartedMain] TRACE o.s.b.f.s.DefaultListableBeanFactory - Finished creating instance of bean 'org.springframework.boot.autoconfigure.ssl.SslAutoConfiguration'
2025-11-28 16:42:29 [restartedMain] DEBUG o.s.b.f.s.DefaultListableBeanFactory - Creating shared instance of singleton bean 'sslPropertiesSslBundleRegistrar'
2025-11-28 16:42:29 [restartedMain] TRACE o.s.b.f.s.DefaultListableBeanFactory - Creating instance of bean 'sslPropertiesSslBundleRegistrar'
2025-11-28 16:42:29 [restartedMain] TRACE o.s.b.f.s.DefaultListableBeanFactory - Returning cached instance of singleton bean 'org.springframework.transaction.config.internalTransactionAdvisor'
2025-11-28 16:42:29 [restartedMain] TRACE o.s.b.f.s.DefaultListableBeanFactory - Returning cached instance of singleton bean 'org.springframework.boot.autoconfigure.ssl.SslAutoConfiguration'
2025-11-28 16:42:29 [restartedMain] DEBUG o.s.b.f.s.DefaultListableBeanFactory - Creating shared instance of singleton bean 'fileWatcher'
2025-11-28 16:42:29 [restartedMain] TRACE o.s.b.f.s.DefaultListableBeanFactory - Creating instance of bean 'fileWatcher'
2025-11-28 16:42:29 [restartedMain] TRACE o.s.b.f.s.DefaultListableBeanFactory - Returning cached instance of singleton bean 'org.springframework.transaction.config.internalTransactionAdvisor'
2025-11-28 16:42:29 [restartedMain] TRACE o.s.b.f.s.DefaultListableBeanFactory - Returning cached instance of singleton bean 'org.springframework.boot.autoconfigure.ssl.SslAutoConfiguration'
2025-11-28 16:42:29 [restartedMain] TRACE o.s.b.f.s.DefaultListableBeanFactory - Returning cached instance of singleton bean 'org.springframework.transaction.config.internalTransactionAdvisor'
2025-11-28 16:42:29 [restartedMain] TRACE o.s.b.f.s.DefaultListableBeanFactory - Returning cached instance of singleton bean 'org.springframework.transaction.config.internalTransactionAdvisor'
2025-11-28 16:42:29 [restartedMain] TRACE o.s.b.f.s.DefaultListableBeanFactory - Finished creating instance of bean 'fileWatcher'
2025-11-28 16:42:29 [restartedMain] DEBUG o.s.b.f.s.DefaultListableBeanFactory - Autowiring by type from bean name 'sslPropertiesSslBundleRegistrar' via factory method to bean named 'fileWatcher'
2025-11-28 16:42:29 [restartedMain] TRACE o.s.b.f.s.DefaultListableBeanFactory - Returning cached instance of singleton bean 'org.springframework.transaction.config.internalTransactionAdvisor'
2025-11-28 16:42:29 [restartedMain] TRACE o.s.b.f.s.DefaultListableBeanFactory - Returning cached instance of singleton bean 'org.springframework.transaction.config.internalTransactionAdvisor'
2025-11-28 16:42:29 [restartedMain] TRACE o.s.b.f.s.DefaultListableBeanFactory - Finished creating instance of bean 'sslPropertiesSslBundleRegistrar'
2025-11-28 16:42:29 [restartedMain] TRACE o.s.b.f.s.DefaultListableBeanFactory - Returning cached instance of singleton bean 'sslPropertiesSslBundleRegistrar'
2025-11-28 16:42:29 [restartedMain] TRACE o.s.b.f.s.DefaultListableBeanFactory - Returning cached instance of singleton bean 'org.springframework.transaction.config.internalTransactionAdvisor'
2025-11-28 16:42:29 [restartedMain] TRACE o.s.b.f.s.DefaultListableBeanFactory - Returning cached instance of singleton bean 'org.springframework.transaction.config.internalTransactionAdvisor'
2025-11-28 16:42:29 [restartedMain] TRACE o.s.b.f.s.DefaultListableBeanFactory - Finished creating instance of bean 'sslBundleRegistry'
2025-11-28 16:42:29 [restartedMain] TRACE o.s.b.f.s.DefaultListableBeanFactory - Returning cached instance of singleton bean 'org.springframework.transaction.config.internalTransactionAdvisor'
2025-11-28 16:42:29 [restartedMain] TRACE o.s.b.f.s.DefaultListableBeanFactory - Returning cached instance of singleton bean 'org.springframework.transaction.config.internalTransactionAdvisor'
2025-11-28 16:42:29 [restartedMain] TRACE o.s.b.f.s.DefaultListableBeanFactory - Finished creating instance of bean 'servletWebServerFactoryCustomizer'
2025-11-28 16:42:29 [restartedMain] DEBUG o.s.b.f.s.DefaultListableBeanFactory - Creating shared instance of singleton bean 'tomcatServletWebServerFactoryCustomizer'
2025-11-28 16:42:29 [restartedMain] TRACE o.s.b.f.s.DefaultListableBeanFactory - Creating instance of bean 'tomcatServletWebServerFactoryCustomizer'
2025-11-28 16:42:29 [restartedMain] TRACE o.s.b.f.s.DefaultListableBeanFactory - Returning cached instance of singleton bean 'org.springframework.transaction.config.internalTransactionAdvisor'
2025-11-28 16:42:29 [restartedMain] TRACE o.s.b.f.s.DefaultListableBeanFactory - Returning cached instance of singleton bean 'org.springframework.boot.autoconfigure.web.servlet.ServletWebServerFactoryAutoConfiguration'
2025-11-28 16:42:29 [restartedMain] TRACE o.s.b.f.s.DefaultListableBeanFactory - Returning cached instance of singleton bean 'server-org.springframework.boot.autoconfigure.web.ServerProperties'
2025-11-28 16:42:29 [restartedMain] DEBUG o.s.b.f.s.DefaultListableBeanFactory - Autowiring by type from bean name 'tomcatServletWebServerFactoryCustomizer' via factory method to bean named 'server-org.springframework.boot.autoconfigure.web.ServerProperties'
2025-11-28 16:42:29 [restartedMain] TRACE o.s.b.f.s.DefaultListableBeanFactory - Returning cached instance of singleton bean 'org.springframework.transaction.config.internalTransactionAdvisor'
2025-11-28 16:42:29 [restartedMain] TRACE o.s.b.f.s.DefaultListableBeanFactory - Returning cached instance of singleton bean 'org.springframework.transaction.config.internalTransactionAdvisor'
2025-11-28 16:42:29 [restartedMain] TRACE o.s.b.f.s.DefaultListableBeanFactory - Finished creating instance of bean 'tomcatServletWebServerFactoryCustomizer'
2025-11-28 16:42:29 [restartedMain] DEBUG o.s.b.f.s.DefaultListableBeanFactory - Creating shared instance of singleton bean 'tomcatWebServerFactoryCustomizer'
2025-11-28 16:42:29 [restartedMain] TRACE o.s.b.f.s.DefaultListableBeanFactory - Creating instance of bean 'tomcatWebServerFactoryCustomizer'
2025-11-28 16:42:29 [restartedMain] TRACE o.s.b.f.s.DefaultListableBeanFactory - Returning cached instance of singleton bean 'org.springframework.transaction.config.internalTransactionAdvisor'
2025-11-28 16:42:29 [restartedMain] DEBUG o.s.b.f.s.DefaultListableBeanFactory - Creating shared instance of singleton bean 'org.springframework.boot.autoconfigure.web.embedded.EmbeddedWebServerFactoryCustomizerAutoConfiguration$TomcatWebServerFactoryCustomizerConfiguration'
2025-11-28 16:42:29 [restartedMain] TRACE o.s.b.f.s.DefaultListableBeanFactory - Creating instance of bean 'org.springframework.boot.autoconfigure.web.embedded.EmbeddedWebServerFactoryCustomizerAutoConfiguration$TomcatWebServerFactoryCustomizerConfiguration'
2025-11-28 16:42:29 [restartedMain] TRACE o.s.b.f.s.DefaultListableBeanFactory - Returning cached instance of singleton bean 'org.springframework.transaction.config.internalTransactionAdvisor'
2025-11-28 16:42:29 [restartedMain] TRACE o.s.b.f.s.DefaultListableBeanFactory - Returning cached instance of singleton bean 'org.springframework.transaction.config.internalTransactionAdvisor'
2025-11-28 16:42:29 [restartedMain] TRACE o.s.b.f.s.DefaultListableBeanFactory - Returning cached instance of singleton bean 'org.springframework.transaction.config.internalTransactionAdvisor'
2025-11-28 16:42:29 [restartedMain] TRACE o.s.b.f.s.DefaultListableBeanFactory - Finished creating instance of bean 'org.springframework.boot.autoconfigure.web.embedded.EmbeddedWebServerFactoryCustomizerAutoConfiguration$TomcatWebServerFactoryCustomizerConfiguration'
2025-11-28 16:42:29 [restartedMain] TRACE o.s.b.f.s.DefaultListableBeanFactory - Returning cached instance of singleton bean 'environment'
2025-11-28 16:42:29 [restartedMain] TRACE o.s.b.f.s.DefaultListableBeanFactory - Returning cached instance of singleton bean 'server-org.springframework.boot.autoconfigure.web.ServerProperties'
2025-11-28 16:42:29 [restartedMain] DEBUG o.s.b.f.s.DefaultListableBeanFactory - Autowiring by type from bean name 'tomcatWebServerFactoryCustomizer' via factory method to bean named 'environment'
2025-11-28 16:42:29 [restartedMain] DEBUG o.s.b.f.s.DefaultListableBeanFactory - Autowiring by type from bean name 'tomcatWebServerFactoryCustomizer' via factory method to bean named 'server-org.springframework.boot.autoconfigure.web.ServerProperties'
2025-11-28 16:42:29 [restartedMain] TRACE o.s.b.f.s.DefaultListableBeanFactory - Returning cached instance of singleton bean 'org.springframework.transaction.config.internalTransactionAdvisor'
2025-11-28 16:42:29 [restartedMain] TRACE o.s.b.f.s.DefaultListableBeanFactory - Returning cached instance of singleton bean 'org.springframework.transaction.config.internalTransactionAdvisor'
2025-11-28 16:42:29 [restartedMain] TRACE o.s.b.f.s.DefaultListableBeanFactory - Finished creating instance of bean 'tomcatWebServerFactoryCustomizer'
2025-11-28 16:42:29 [restartedMain] DEBUG o.s.b.f.s.DefaultListableBeanFactory - Creating shared instance of singleton bean 'localeCharsetMappingsCustomizer'
2025-11-28 16:42:29 [restartedMain] TRACE o.s.b.f.s.DefaultListableBeanFactory - Creating instance of bean 'localeCharsetMappingsCustomizer'
2025-11-28 16:42:29 [restartedMain] TRACE o.s.b.f.s.DefaultListableBeanFactory - Returning cached instance of singleton bean 'org.springframework.transaction.config.internalTransactionAdvisor'
2025-11-28 16:42:29 [restartedMain] DEBUG o.s.b.f.s.DefaultListableBeanFactory - Creating shared instance of singleton bean 'org.springframework.boot.autoconfigure.web.servlet.HttpEncodingAutoConfiguration'
2025-11-28 16:42:29 [restartedMain] TRACE o.s.b.f.s.DefaultListableBeanFactory - Creating instance of bean 'org.springframework.boot.autoconfigure.web.servlet.HttpEncodingAutoConfiguration'
2025-11-28 16:42:29 [restartedMain] TRACE o.s.b.f.s.DefaultListableBeanFactory - Returning cached instance of singleton bean 'org.springframework.transaction.config.internalTransactionAdvisor'
2025-11-28 16:42:29 [restartedMain] TRACE o.s.b.f.s.DefaultListableBeanFactory - Returning cached instance of singleton bean 'server-org.springframework.boot.autoconfigure.web.ServerProperties'
2025-11-28 16:42:29 [restartedMain] DEBUG o.s.b.f.s.DefaultListableBeanFactory - Autowiring by type from bean name 'org.springframework.boot.autoconfigure.web.servlet.HttpEncodingAutoConfiguration' via constructor to bean named 'server-org.springframework.boot.autoconfigure.web.ServerProperties'
2025-11-28 16:42:29 [restartedMain] TRACE o.s.b.f.s.DefaultListableBeanFactory - Returning cached instance of singleton bean 'org.springframework.transaction.config.internalTransactionAdvisor'
2025-11-28 16:42:29 [restartedMain] TRACE o.s.b.f.s.DefaultListableBeanFactory - Returning cached instance of singleton bean 'org.springframework.transaction.config.internalTransactionAdvisor'
2025-11-28 16:42:29 [restartedMain] TRACE o.s.b.f.s.DefaultListableBeanFactory - Finished creating instance of bean 'org.springframework.boot.autoconfigure.web.servlet.HttpEncodingAutoConfiguration'
2025-11-28 16:42:29 [restartedMain] TRACE o.s.b.f.s.DefaultListableBeanFactory - Returning cached instance of singleton bean 'org.springframework.transaction.config.internalTransactionAdvisor'
2025-11-28 16:42:29 [restartedMain] TRACE o.s.b.f.s.DefaultListableBeanFactory - Returning cached instance of singleton bean 'org.springframework.transaction.config.internalTransactionAdvisor'
2025-11-28 16:42:29 [restartedMain] TRACE o.s.b.f.s.DefaultListableBeanFactory - Finished creating instance of bean 'localeCharsetMappingsCustomizer'
2025-11-28 16:42:29 [restartedMain] DEBUG o.s.b.f.s.DefaultListableBeanFactory - Creating shared instance of singleton bean 'errorPageCustomizer'
2025-11-28 16:42:29 [restartedMain] TRACE o.s.b.f.s.DefaultListableBeanFactory - Creating instance of bean 'errorPageCustomizer'
2025-11-28 16:42:29 [restartedMain] TRACE o.s.b.f.s.DefaultListableBeanFactory - Returning cached instance of singleton bean 'org.springframework.transaction.config.internalTransactionAdvisor'
2025-11-28 16:42:29 [restartedMain] DEBUG o.s.b.f.s.DefaultListableBeanFactory - Creating shared instance of singleton bean 'org.springframework.boot.autoconfigure.web.servlet.error.ErrorMvcAutoConfiguration'
2025-11-28 16:42:29 [restartedMain] TRACE o.s.b.f.s.DefaultListableBeanFactory - Creating instance of bean 'org.springframework.boot.autoconfigure.web.servlet.error.ErrorMvcAutoConfiguration'
2025-11-28 16:42:29 [restartedMain] TRACE o.s.b.f.s.DefaultListableBeanFactory - Returning cached instance of singleton bean 'org.springframework.transaction.config.internalTransactionAdvisor'
2025-11-28 16:42:29 [restartedMain] TRACE o.s.b.f.s.DefaultListableBeanFactory - Returning cached instance of singleton bean 'server-org.springframework.boot.autoconfigure.web.ServerProperties'
2025-11-28 16:42:29 [restartedMain] DEBUG o.s.b.f.s.DefaultListableBeanFactory - Autowiring by type from bean name 'org.springframework.boot.autoconfigure.web.servlet.error.ErrorMvcAutoConfiguration' via constructor to bean named 'server-org.springframework.boot.autoconfigure.web.ServerProperties'
2025-11-28 16:42:29 [restartedMain] TRACE o.s.b.f.s.DefaultListableBeanFactory - Returning cached instance of singleton bean 'org.springframework.transaction.config.internalTransactionAdvisor'
2025-11-28 16:42:29 [restartedMain] TRACE o.s.b.f.s.DefaultListableBeanFactory - Returning cached instance of singleton bean 'org.springframework.transaction.config.internalTransactionAdvisor'
2025-11-28 16:42:29 [restartedMain] TRACE o.s.b.f.s.DefaultListableBeanFactory - Finished creating instance of bean 'org.springframework.boot.autoconfigure.web.servlet.error.ErrorMvcAutoConfiguration'
2025-11-28 16:42:29 [restartedMain] DEBUG o.s.b.f.s.DefaultListableBeanFactory - Creating shared instance of singleton bean 'dispatcherServletRegistration'
2025-11-28 16:42:29 [restartedMain] TRACE o.s.b.f.s.DefaultListableBeanFactory - Creating instance of bean 'dispatcherServletRegistration'
2025-11-28 16:42:29 [restartedMain] TRACE o.s.b.f.s.DefaultListableBeanFactory - Returning cached instance of singleton bean 'org.springframework.transaction.config.internalTransactionAdvisor'
2025-11-28 16:42:29 [restartedMain] DEBUG o.s.b.f.s.DefaultListableBeanFactory - Creating shared instance of singleton bean 'org.springframework.boot.autoconfigure.web.servlet.DispatcherServletAutoConfiguration$DispatcherServletRegistrationConfiguration'
2025-11-28 16:42:29 [restartedMain] TRACE o.s.b.f.s.DefaultListableBeanFactory - Creating instance of bean 'org.springframework.boot.autoconfigure.web.servlet.DispatcherServletAutoConfiguration$DispatcherServletRegistrationConfiguration'
2025-11-28 16:42:29 [restartedMain] TRACE o.s.b.f.s.DefaultListableBeanFactory - Returning cached instance of singleton bean 'org.springframework.transaction.config.internalTransactionAdvisor'
2025-11-28 16:42:29 [restartedMain] TRACE o.s.b.f.s.DefaultListableBeanFactory - Returning cached instance of singleton bean 'org.springframework.transaction.config.internalTransactionAdvisor'
2025-11-28 16:42:29 [restartedMain] TRACE o.s.b.f.s.DefaultListableBeanFactory - Returning cached instance of singleton bean 'org.springframework.transaction.config.internalTransactionAdvisor'
2025-11-28 16:42:29 [restartedMain] TRACE o.s.b.f.s.DefaultListableBeanFactory - Finished creating instance of bean 'org.springframework.boot.autoconfigure.web.servlet.DispatcherServletAutoConfiguration$DispatcherServletRegistrationConfiguration'
2025-11-28 16:42:29 [restartedMain] DEBUG o.s.b.f.s.DefaultListableBeanFactory - Creating shared instance of singleton bean 'dispatcherServlet'
2025-11-28 16:42:29 [restartedMain] TRACE o.s.b.f.s.DefaultListableBeanFactory - Creating instance of bean 'dispatcherServlet'
2025-11-28 16:42:29 [restartedMain] TRACE o.s.b.f.s.DefaultListableBeanFactory - Returning cached instance of singleton bean 'org.springframework.transaction.config.internalTransactionAdvisor'
2025-11-28 16:42:29 [restartedMain] DEBUG o.s.b.f.s.DefaultListableBeanFactory - Creating shared instance of singleton bean 'org.springframework.boot.autoconfigure.web.servlet.DispatcherServletAutoConfiguration$DispatcherServletConfiguration'
2025-11-28 16:42:29 [restartedMain] TRACE o.s.b.f.s.DefaultListableBeanFactory - Creating instance of bean 'org.springframework.boot.autoconfigure.web.servlet.DispatcherServletAutoConfiguration$DispatcherServletConfiguration'
2025-11-28 16:42:29 [restartedMain] TRACE o.s.b.f.s.DefaultListableBeanFactory - Returning cached instance of singleton bean 'org.springframework.transaction.config.internalTransactionAdvisor'
2025-11-28 16:42:29 [restartedMain] TRACE o.s.b.f.s.DefaultListableBeanFactory - Returning cached instance of singleton bean 'org.springframework.transaction.config.internalTransactionAdvisor'
2025-11-28 16:42:29 [restartedMain] TRACE o.s.b.f.s.DefaultListableBeanFactory - Returning cached instance of singleton bean 'org.springframework.transaction.config.internalTransactionAdvisor'
2025-11-28 16:42:29 [restartedMain] TRACE o.s.b.f.s.DefaultListableBeanFactory - Finished creating instance of bean 'org.springframework.boot.autoconfigure.web.servlet.DispatcherServletAutoConfiguration$DispatcherServletConfiguration'
2025-11-28 16:42:29 [restartedMain] DEBUG o.s.b.f.s.DefaultListableBeanFactory - Creating shared instance of singleton bean 'spring.mvc-org.springframework.boot.autoconfigure.web.servlet.WebMvcProperties'
2025-11-28 16:42:29 [restartedMain] TRACE o.s.b.f.s.DefaultListableBeanFactory - Creating instance of bean 'spring.mvc-org.springframework.boot.autoconfigure.web.servlet.WebMvcProperties'
2025-11-28 16:42:29 [restartedMain] TRACE o.s.b.f.s.DefaultListableBeanFactory - Returning cached instance of singleton bean 'org.springframework.transaction.config.internalTransactionAdvisor'
2025-11-28 16:42:29 [restartedMain] TRACE o.s.b.f.s.DefaultListableBeanFactory - Returning cached instance of singleton bean 'org.springframework.boot.context.properties.BoundConfigurationProperties'
2025-11-28 16:42:29 [restartedMain] TRACE o.s.b.f.s.DefaultListableBeanFactory - Returning cached instance of singleton bean 'org.springframework.transaction.config.internalTransactionAdvisor'
2025-11-28 16:42:29 [restartedMain] TRACE o.s.b.f.s.DefaultListableBeanFactory - Returning cached instance of singleton bean 'org.springframework.transaction.config.internalTransactionAdvisor'
2025-11-28 16:42:29 [restartedMain] TRACE o.s.b.f.s.DefaultListableBeanFactory - Finished creating instance of bean 'spring.mvc-org.springframework.boot.autoconfigure.web.servlet.WebMvcProperties'
2025-11-28 16:42:29 [restartedMain] DEBUG o.s.b.f.s.DefaultListableBeanFactory - Autowiring by type from bean name 'dispatcherServlet' via factory method to bean named 'spring.mvc-org.springframework.boot.autoconfigure.web.servlet.WebMvcProperties'
2025-11-28 16:42:29 [restartedMain] TRACE o.s.b.f.s.DefaultListableBeanFactory - Returning cached instance of singleton bean 'org.springframework.transaction.config.internalTransactionAdvisor'
2025-11-28 16:42:29 [restartedMain] TRACE o.s.b.f.s.DefaultListableBeanFactory - Returning cached instance of singleton bean 'org.springframework.transaction.config.internalTransactionAdvisor'
2025-11-28 16:42:29 [restartedMain] TRACE o.s.b.f.s.DefaultListableBeanFactory - Finished creating instance of bean 'dispatcherServlet'
2025-11-28 16:42:29 [restartedMain] TRACE o.s.b.f.s.DefaultListableBeanFactory - Returning cached instance of singleton bean 'spring.mvc-org.springframework.boot.autoconfigure.web.servlet.WebMvcProperties'
2025-11-28 16:42:29 [restartedMain] DEBUG o.s.b.f.s.DefaultListableBeanFactory - Autowiring by type from bean name 'dispatcherServletRegistration' via factory method to bean named 'dispatcherServlet'
2025-11-28 16:42:29 [restartedMain] DEBUG o.s.b.f.s.DefaultListableBeanFactory - Autowiring by type from bean name 'dispatcherServletRegistration' via factory method to bean named 'spring.mvc-org.springframework.boot.autoconfigure.web.servlet.WebMvcProperties'
2025-11-28 16:42:29 [restartedMain] DEBUG o.s.b.f.s.DefaultListableBeanFactory - Creating shared instance of singleton bean 'multipartConfigElement'
2025-11-28 16:42:29 [restartedMain] TRACE o.s.b.f.s.DefaultListableBeanFactory - Creating instance of bean 'multipartConfigElement'
2025-11-28 16:42:29 [restartedMain] TRACE o.s.b.f.s.DefaultListableBeanFactory - Returning cached instance of singleton bean 'org.springframework.transaction.config.internalTransactionAdvisor'
2025-11-28 16:42:29 [restartedMain] DEBUG o.s.b.f.s.DefaultListableBeanFactory - Creating shared instance of singleton bean 'org.springframework.boot.autoconfigure.web.servlet.MultipartAutoConfiguration'
2025-11-28 16:42:29 [restartedMain] TRACE o.s.b.f.s.DefaultListableBeanFactory - Creating instance of bean 'org.springframework.boot.autoconfigure.web.servlet.MultipartAutoConfiguration'
2025-11-28 16:42:29 [restartedMain] TRACE o.s.b.f.s.DefaultListableBeanFactory - Returning cached instance of singleton bean 'org.springframework.transaction.config.internalTransactionAdvisor'
2025-11-28 16:42:29 [restartedMain] DEBUG o.s.b.f.s.DefaultListableBeanFactory - Creating shared instance of singleton bean 'spring.servlet.multipart-org.springframework.boot.autoconfigure.web.servlet.MultipartProperties'
2025-11-28 16:42:29 [restartedMain] TRACE o.s.b.f.s.DefaultListableBeanFactory - Creating instance of bean 'spring.servlet.multipart-org.springframework.boot.autoconfigure.web.servlet.MultipartProperties'
2025-11-28 16:42:29 [restartedMain] TRACE o.s.b.f.s.DefaultListableBeanFactory - Returning cached instance of singleton bean 'org.springframework.transaction.config.internalTransactionAdvisor'
2025-11-28 16:42:29 [restartedMain] TRACE o.s.b.f.s.DefaultListableBeanFactory - Returning cached instance of singleton bean 'org.springframework.boot.context.properties.BoundConfigurationProperties'
2025-11-28 16:42:29 [restartedMain] TRACE o.s.b.f.s.DefaultListableBeanFactory - Returning cached instance of singleton bean 'org.springframework.transaction.config.internalTransactionAdvisor'
2025-11-28 16:42:29 [restartedMain] TRACE o.s.b.f.s.DefaultListableBeanFactory - Returning cached instance of singleton bean 'org.springframework.transaction.config.internalTransactionAdvisor'
2025-11-28 16:42:29 [restartedMain] TRACE o.s.b.f.s.DefaultListableBeanFactory - Finished creating instance of bean 'spring.servlet.multipart-org.springframework.boot.autoconfigure.web.servlet.MultipartProperties'
2025-11-28 16:42:29 [restartedMain] DEBUG o.s.b.f.s.DefaultListableBeanFactory - Autowiring by type from bean name 'org.springframework.boot.autoconfigure.web.servlet.MultipartAutoConfiguration' via constructor to bean named 'spring.servlet.multipart-org.springframework.boot.autoconfigure.web.servlet.MultipartProperties'
2025-11-28 16:42:29 [restartedMain] TRACE o.s.b.f.s.DefaultListableBeanFactory - Returning cached instance of singleton bean 'org.springframework.transaction.config.internalTransactionAdvisor'
2025-11-28 16:42:29 [restartedMain] TRACE o.s.b.f.s.DefaultListableBeanFactory - Returning cached instance of singleton bean 'org.springframework.transaction.config.internalTransactionAdvisor'
2025-11-28 16:42:29 [restartedMain] TRACE o.s.b.f.s.DefaultListableBeanFactory - Finished creating instance of bean 'org.springframework.boot.autoconfigure.web.servlet.MultipartAutoConfiguration'
2025-11-28 16:42:29 [restartedMain] TRACE o.s.b.f.s.DefaultListableBeanFactory - Returning cached instance of singleton bean 'org.springframework.transaction.config.internalTransactionAdvisor'
2025-11-28 16:42:29 [restartedMain] TRACE o.s.b.f.s.DefaultListableBeanFactory - Returning cached instance of singleton bean 'org.springframework.transaction.config.internalTransactionAdvisor'
2025-11-28 16:42:29 [restartedMain] TRACE o.s.b.f.s.DefaultListableBeanFactory - Finished creating instance of bean 'multipartConfigElement'
2025-11-28 16:42:29 [restartedMain] TRACE o.s.b.f.s.DefaultListableBeanFactory - Returning cached instance of singleton bean 'org.springframework.transaction.config.internalTransactionAdvisor'
2025-11-28 16:42:29 [restartedMain] TRACE o.s.b.f.s.DefaultListableBeanFactory - Returning cached instance of singleton bean 'org.springframework.transaction.config.internalTransactionAdvisor'
2025-11-28 16:42:29 [restartedMain] TRACE o.s.b.f.s.DefaultListableBeanFactory - Finished creating instance of bean 'dispatcherServletRegistration'
2025-11-28 16:42:29 [restartedMain] DEBUG o.s.b.f.s.DefaultListableBeanFactory - Autowiring by type from bean name 'errorPageCustomizer' via factory method to bean named 'dispatcherServletRegistration'
2025-11-28 16:42:29 [restartedMain] TRACE o.s.b.f.s.DefaultListableBeanFactory - Returning cached instance of singleton bean 'org.springframework.transaction.config.internalTransactionAdvisor'
2025-11-28 16:42:29 [restartedMain] TRACE o.s.b.f.s.DefaultListableBeanFactory - Returning cached instance of singleton bean 'org.springframework.transaction.config.internalTransactionAdvisor'
2025-11-28 16:42:29 [restartedMain] TRACE o.s.b.f.s.DefaultListableBeanFactory - Finished creating instance of bean 'errorPageCustomizer'
2025-11-28 16:42:29 [restartedMain] TRACE o.s.b.f.s.DefaultListableBeanFactory - Returning cached instance of singleton bean 'org.springframework.transaction.config.internalTransactionAdvisor'
2025-11-28 16:42:29 [restartedMain] TRACE o.s.b.f.s.DefaultListableBeanFactory - Returning cached instance of singleton bean 'org.springframework.transaction.config.internalTransactionAdvisor'
2025-11-28 16:42:29 [restartedMain] TRACE o.s.b.f.s.DefaultListableBeanFactory - Finished creating instance of bean 'tomcatServletWebServerFactory'
2025-11-28 16:42:29 [restartedMain] INFO  o.s.b.w.e.tomcat.TomcatWebServer - Tomcat initialized with port 8080 (http)
2025-11-28 16:42:29 [restartedMain] INFO  o.a.coyote.http11.Http11NioProtocol - Initializing ProtocolHandler ["http-nio-8080"]
2025-11-28 16:42:29 [restartedMain] INFO  o.a.catalina.core.StandardService - Starting service [Tomcat]
2025-11-28 16:42:29 [restartedMain] INFO  o.a.catalina.core.StandardEngine - Starting Servlet engine: [Apache Tomcat/10.1.34]
2025-11-28 16:42:29 [restartedMain] INFO  o.a.c.c.C.[Tomcat].[localhost].[/] - Initializing Spring embedded WebApplicationContext
2025-11-28 16:42:29 [restartedMain] INFO  o.s.b.w.s.c.ServletWebServerApplicationContext - Root WebApplicationContext: initialization completed in 2853 ms
2025-11-28 16:42:29 [restartedMain] TRACE o.s.b.f.s.DefaultListableBeanFactory - Registering scope 'application' with implementation [org.springframework.web.context.support.ServletContextScope@2e5ea01c]
2025-11-28 16:42:29 [restartedMain] TRACE o.s.b.f.s.DefaultListableBeanFactory - Returning cached instance of singleton bean 'dispatcherServletRegistration'
2025-11-28 16:42:29 [restartedMain] DEBUG o.s.b.f.s.DefaultListableBeanFactory - Creating shared instance of singleton bean 'h2Console'
2025-11-28 16:42:29 [restartedMain] TRACE o.s.b.f.s.DefaultListableBeanFactory - Creating instance of bean 'h2Console'
2025-11-28 16:42:29 [restartedMain] TRACE o.s.b.f.s.DefaultListableBeanFactory - Returning cached instance of singleton bean 'org.springframework.transaction.config.internalTransactionAdvisor'
2025-11-28 16:42:29 [restartedMain] DEBUG o.s.b.f.s.DefaultListableBeanFactory - Creating shared instance of singleton bean 'org.springframework.boot.autoconfigure.h2.H2ConsoleAutoConfiguration'
2025-11-28 16:42:29 [restartedMain] TRACE o.s.b.f.s.DefaultListableBeanFactory - Creating instance of bean 'org.springframework.boot.autoconfigure.h2.H2ConsoleAutoConfiguration'
2025-11-28 16:42:29 [restartedMain] TRACE o.s.b.f.s.DefaultListableBeanFactory - Returning cached instance of singleton bean 'org.springframework.transaction.config.internalTransactionAdvisor'
2025-11-28 16:42:29 [restartedMain] DEBUG o.s.b.f.s.DefaultListableBeanFactory - Creating shared instance of singleton bean 'spring.h2.console-org.springframework.boot.autoconfigure.h2.H2ConsoleProperties'
2025-11-28 16:42:29 [restartedMain] TRACE o.s.b.f.s.DefaultListableBeanFactory - Creating instance of bean 'spring.h2.console-org.springframework.boot.autoconfigure.h2.H2ConsoleProperties'
2025-11-28 16:42:29 [restartedMain] TRACE o.s.b.f.s.DefaultListableBeanFactory - Returning cached instance of singleton bean 'org.springframework.transaction.config.internalTransactionAdvisor'
2025-11-28 16:42:29 [restartedMain] TRACE o.s.b.f.s.DefaultListableBeanFactory - Returning cached instance of singleton bean 'org.springframework.boot.context.properties.BoundConfigurationProperties'
2025-11-28 16:42:29 [restartedMain] TRACE o.s.b.f.s.DefaultListableBeanFactory - Returning cached instance of singleton bean 'org.springframework.transaction.config.internalTransactionAdvisor'
2025-11-28 16:42:29 [restartedMain] TRACE o.s.b.f.s.DefaultListableBeanFactory - Returning cached instance of singleton bean 'org.springframework.transaction.config.internalTransactionAdvisor'
2025-11-28 16:42:29 [restartedMain] TRACE o.s.b.f.s.DefaultListableBeanFactory - Finished creating instance of bean 'spring.h2.console-org.springframework.boot.autoconfigure.h2.H2ConsoleProperties'
2025-11-28 16:42:29 [restartedMain] DEBUG o.s.b.f.s.DefaultListableBeanFactory - Autowiring by type from bean name 'org.springframework.boot.autoconfigure.h2.H2ConsoleAutoConfiguration' via constructor to bean named 'spring.h2.console-org.springframework.boot.autoconfigure.h2.H2ConsoleProperties'
2025-11-28 16:42:29 [restartedMain] TRACE o.s.b.f.s.DefaultListableBeanFactory - Returning cached instance of singleton bean 'org.springframework.transaction.config.internalTransactionAdvisor'
2025-11-28 16:42:29 [restartedMain] TRACE o.s.b.f.s.DefaultListableBeanFactory - Returning cached instance of singleton bean 'org.springframework.transaction.config.internalTransactionAdvisor'
2025-11-28 16:42:29 [restartedMain] TRACE o.s.b.f.s.DefaultListableBeanFactory - Finished creating instance of bean 'org.springframework.boot.autoconfigure.h2.H2ConsoleAutoConfiguration'
2025-11-28 16:42:29 [restartedMain] TRACE o.s.b.f.s.DefaultListableBeanFactory - Returning cached instance of singleton bean 'org.springframework.transaction.config.internalTransactionAdvisor'
2025-11-28 16:42:29 [restartedMain] TRACE o.s.b.f.s.DefaultListableBeanFactory - Returning cached instance of singleton bean 'org.springframework.transaction.config.internalTransactionAdvisor'
2025-11-28 16:42:29 [restartedMain] TRACE o.s.b.f.s.DefaultListableBeanFactory - Finished creating instance of bean 'h2Console'
2025-11-28 16:42:29 [restartedMain] DEBUG o.s.b.f.s.DefaultListableBeanFactory - Creating shared instance of singleton bean 'securityFilterChainRegistration'
2025-11-28 16:42:29 [restartedMain] TRACE o.s.b.f.s.DefaultListableBeanFactory - Creating instance of bean 'securityFilterChainRegistration'
2025-11-28 16:42:29 [restartedMain] TRACE o.s.b.f.s.DefaultListableBeanFactory - Returning cached instance of singleton bean 'org.springframework.transaction.config.internalTransactionAdvisor'
2025-11-28 16:42:29 [restartedMain] DEBUG o.s.b.f.s.DefaultListableBeanFactory - Creating shared instance of singleton bean 'org.springframework.boot.autoconfigure.security.servlet.SecurityFilterAutoConfiguration'
2025-11-28 16:42:29 [restartedMain] TRACE o.s.b.f.s.DefaultListableBeanFactory - Creating instance of bean 'org.springframework.boot.autoconfigure.security.servlet.SecurityFilterAutoConfiguration'
2025-11-28 16:42:29 [restartedMain] TRACE o.s.b.f.s.DefaultListableBeanFactory - Returning cached instance of singleton bean 'org.springframework.transaction.config.internalTransactionAdvisor'
2025-11-28 16:42:29 [restartedMain] TRACE o.s.b.f.s.DefaultListableBeanFactory - Returning cached instance of singleton bean 'org.springframework.transaction.config.internalTransactionAdvisor'
2025-11-28 16:42:29 [restartedMain] TRACE o.s.b.f.s.DefaultListableBeanFactory - Returning cached instance of singleton bean 'org.springframework.transaction.config.internalTransactionAdvisor'
2025-11-28 16:42:29 [restartedMain] TRACE o.s.b.f.s.DefaultListableBeanFactory - Finished creating instance of bean 'org.springframework.boot.autoconfigure.security.servlet.SecurityFilterAutoConfiguration'
2025-11-28 16:42:29 [restartedMain] DEBUG o.s.b.f.s.DefaultListableBeanFactory - Creating shared instance of singleton bean 'spring.security-org.springframework.boot.autoconfigure.security.SecurityProperties'
2025-11-28 16:42:29 [restartedMain] TRACE o.s.b.f.s.DefaultListableBeanFactory - Creating instance of bean 'spring.security-org.springframework.boot.autoconfigure.security.SecurityProperties'
2025-11-28 16:42:29 [restartedMain] TRACE o.s.b.f.s.DefaultListableBeanFactory - Returning cached instance of singleton bean 'org.springframework.transaction.config.internalTransactionAdvisor'
2025-11-28 16:42:29 [restartedMain] TRACE o.s.b.f.s.DefaultListableBeanFactory - Returning cached instance of singleton bean 'org.springframework.boot.context.properties.BoundConfigurationProperties'
2025-11-28 16:42:29 [restartedMain] TRACE o.s.b.f.s.DefaultListableBeanFactory - Returning cached instance of singleton bean 'org.springframework.transaction.config.internalTransactionAdvisor'
2025-11-28 16:42:29 [restartedMain] TRACE o.s.b.f.s.DefaultListableBeanFactory - Returning cached instance of singleton bean 'org.springframework.transaction.config.internalTransactionAdvisor'
2025-11-28 16:42:29 [restartedMain] TRACE o.s.b.f.s.DefaultListableBeanFactory - Finished creating instance of bean 'spring.security-org.springframework.boot.autoconfigure.security.SecurityProperties'
2025-11-28 16:42:29 [restartedMain] DEBUG o.s.b.f.s.DefaultListableBeanFactory - Autowiring by type from bean name 'securityFilterChainRegistration' via factory method to bean named 'spring.security-org.springframework.boot.autoconfigure.security.SecurityProperties'
2025-11-28 16:42:29 [restartedMain] TRACE o.s.b.f.s.DefaultListableBeanFactory - Returning cached instance of singleton bean 'org.springframework.transaction.config.internalTransactionAdvisor'
2025-11-28 16:42:29 [restartedMain] TRACE o.s.b.f.s.DefaultListableBeanFactory - Returning cached instance of singleton bean 'org.springframework.transaction.config.internalTransactionAdvisor'
2025-11-28 16:42:29 [restartedMain] TRACE o.s.b.f.s.DefaultListableBeanFactory - Finished creating instance of bean 'securityFilterChainRegistration'
2025-11-28 16:42:29 [restartedMain] TRACE o.s.b.f.s.DefaultListableBeanFactory - Returning cached instance of singleton bean 'multipartConfigElement'
2025-11-28 16:42:29 [restartedMain] TRACE o.s.b.f.s.DefaultListableBeanFactory - Returning cached instance of singleton bean 'dispatcherServlet'
2025-11-28 16:42:29 [restartedMain] DEBUG o.s.b.f.s.DefaultListableBeanFactory - Creating shared instance of singleton bean 'jwtFilter'
2025-11-28 16:42:29 [restartedMain] TRACE o.s.b.f.s.DefaultListableBeanFactory - Creating instance of bean 'jwtFilter'
2025-11-28 16:42:29 [restartedMain] TRACE o.s.b.f.s.DefaultListableBeanFactory - Returning cached instance of singleton bean 'org.springframework.transaction.config.internalTransactionAdvisor'
2025-11-28 16:42:29 [restartedMain] DEBUG o.s.b.f.s.DefaultListableBeanFactory - Creating shared instance of singleton bean 'jwtUtil'
2025-11-28 16:42:29 [restartedMain] TRACE o.s.b.f.s.DefaultListableBeanFactory - Creating instance of bean 'jwtUtil'
2025-11-28 16:42:29 [restartedMain] TRACE o.s.b.f.s.DefaultListableBeanFactory - Returning cached instance of singleton bean 'org.springframework.transaction.config.internalTransactionAdvisor'
2025-11-28 16:42:29 [restartedMain] TRACE o.s.b.f.s.DefaultListableBeanFactory - Returning cached instance of singleton bean 'org.springframework.transaction.config.internalTransactionAdvisor'
2025-11-28 16:42:29 [restartedMain] TRACE o.s.b.f.s.DefaultListableBeanFactory - Returning cached instance of singleton bean 'org.springframework.transaction.config.internalTransactionAdvisor'
2025-11-28 16:42:29 [restartedMain] TRACE o.s.b.f.s.DefaultListableBeanFactory - Finished creating instance of bean 'jwtUtil'
2025-11-28 16:42:29 [restartedMain] TRACE o.s.b.f.a.AutowiredAnnotationBeanPostProcessor - Autowiring by type from bean name 'jwtFilter' to bean named 'jwtUtil'
2025-11-28 16:42:29 [restartedMain] DEBUG o.s.b.f.s.DefaultListableBeanFactory - Creating shared instance of singleton bean 'customUserDetailsService'
2025-11-28 16:42:29 [restartedMain] TRACE o.s.b.f.s.DefaultListableBeanFactory - Creating instance of bean 'customUserDetailsService'
2025-11-28 16:42:29 [restartedMain] TRACE o.s.b.f.s.DefaultListableBeanFactory - Returning cached instance of singleton bean 'org.springframework.transaction.config.internalTransactionAdvisor'
2025-11-28 16:42:29 [restartedMain] DEBUG o.s.b.f.s.DefaultListableBeanFactory - Creating shared instance of singleton bean 'userRepository'
2025-11-28 16:42:29 [restartedMain] TRACE o.s.b.f.s.DefaultListableBeanFactory - Creating instance of bean 'userRepository'
2025-11-28 16:42:29 [restartedMain] TRACE o.s.b.f.s.DefaultListableBeanFactory - Returning cached instance of singleton bean 'org.springframework.transaction.config.internalTransactionAdvisor'
2025-11-28 16:42:29 [restartedMain] DEBUG o.s.b.f.s.DefaultListableBeanFactory - Creating shared instance of singleton bean 'jpa.named-queries#2'
2025-11-28 16:42:29 [restartedMain] TRACE o.s.b.f.s.DefaultListableBeanFactory - Creating instance of bean 'jpa.named-queries#2'
2025-11-28 16:42:29 [restartedMain] TRACE o.s.b.f.s.DefaultListableBeanFactory - Returning cached instance of singleton bean 'org.springframework.transaction.config.internalTransactionAdvisor'
2025-11-28 16:42:29 [restartedMain] TRACE o.s.b.f.s.DefaultListableBeanFactory - Invoking afterPropertiesSet() on bean with name 'jpa.named-queries#2'
2025-11-28 16:42:29 [restartedMain] TRACE o.s.b.f.s.DefaultListableBeanFactory - Returning cached instance of singleton bean 'org.springframework.transaction.config.internalTransactionAdvisor'
2025-11-28 16:42:29 [restartedMain] TRACE o.s.b.f.s.DefaultListableBeanFactory - Returning cached instance of singleton bean 'org.springframework.transaction.config.internalTransactionAdvisor'
2025-11-28 16:42:29 [restartedMain] TRACE o.s.b.f.s.DefaultListableBeanFactory - Finished creating instance of bean 'jpa.named-queries#2'
2025-11-28 16:42:29 [restartedMain] TRACE o.s.b.f.s.DefaultListableBeanFactory - Returning cached instance of singleton bean 'org.springframework.transaction.config.internalTransactionAdvisor'
2025-11-28 16:42:29 [restartedMain] TRACE o.s.b.f.s.DefaultListableBeanFactory - Returning cached instance of singleton bean 'org.springframework.transaction.config.internalTransactionAdvisor'
2025-11-28 16:42:29 [restartedMain] DEBUG o.s.b.f.s.DefaultListableBeanFactory - Creating shared instance of singleton bean 'jpa.UserRepository.fragments#0'
2025-11-28 16:42:29 [restartedMain] TRACE o.s.b.f.s.DefaultListableBeanFactory - Creating instance of bean 'jpa.UserRepository.fragments#0'
2025-11-28 16:42:29 [restartedMain] TRACE o.s.b.f.s.DefaultListableBeanFactory - Returning cached instance of singleton bean 'org.springframework.transaction.config.internalTransactionAdvisor'
2025-11-28 16:42:29 [restartedMain] TRACE o.s.b.f.s.DefaultListableBeanFactory - Invoking afterPropertiesSet() on bean with name 'jpa.UserRepository.fragments#0'
2025-11-28 16:42:29 [restartedMain] TRACE o.s.b.f.s.DefaultListableBeanFactory - Returning cached instance of singleton bean 'org.springframework.transaction.config.internalTransactionAdvisor'
2025-11-28 16:42:29 [restartedMain] TRACE o.s.b.f.s.DefaultListableBeanFactory - Returning cached instance of singleton bean 'org.springframework.transaction.config.internalTransactionAdvisor'
2025-11-28 16:42:29 [restartedMain] TRACE o.s.b.f.s.DefaultListableBeanFactory - Finished creating instance of bean 'jpa.UserRepository.fragments#0'
2025-11-28 16:42:29 [restartedMain] TRACE o.s.b.f.s.DefaultListableBeanFactory - Returning cached instance of singleton bean 'org.springframework.transaction.config.internalTransactionAdvisor'
2025-11-28 16:42:29 [restartedMain] TRACE o.s.b.f.s.DefaultListableBeanFactory - Returning cached instance of singleton bean 'org.springframework.transaction.config.internalTransactionAdvisor'
2025-11-28 16:42:29 [restartedMain] DEBUG o.s.b.f.s.DefaultListableBeanFactory - Creating shared instance of singleton bean 'jpaSharedEM_entityManagerFactory'
2025-11-28 16:42:29 [restartedMain] TRACE o.s.b.f.s.DefaultListableBeanFactory - Creating instance of bean 'jpaSharedEM_entityManagerFactory'
2025-11-28 16:42:29 [restartedMain] TRACE o.s.b.f.s.DefaultListableBeanFactory - Returning cached instance of singleton bean 'org.springframework.transaction.config.internalTransactionAdvisor'
2025-11-28 16:42:29 [restartedMain] DEBUG o.s.b.f.s.DefaultListableBeanFactory - Creating shared instance of singleton bean 'dataSourceScriptDatabaseInitializer'
2025-11-28 16:42:29 [restartedMain] TRACE o.s.b.f.s.DefaultListableBeanFactory - Creating instance of bean 'dataSourceScriptDatabaseInitializer'
2025-11-28 16:42:29 [restartedMain] TRACE o.s.b.f.s.DefaultListableBeanFactory - Returning cached instance of singleton bean 'org.springframework.transaction.config.internalTransactionAdvisor'
2025-11-28 16:42:29 [restartedMain] DEBUG o.s.b.f.s.DefaultListableBeanFactory - Creating shared instance of singleton bean 'org.springframework.boot.autoconfigure.sql.init.DataSourceInitializationConfiguration'
2025-11-28 16:42:29 [restartedMain] TRACE o.s.b.f.s.DefaultListableBeanFactory - Creating instance of bean 'org.springframework.boot.autoconfigure.sql.init.DataSourceInitializationConfiguration'
2025-11-28 16:42:29 [restartedMain] TRACE o.s.b.f.s.DefaultListableBeanFactory - Returning cached instance of singleton bean 'org.springframework.transaction.config.internalTransactionAdvisor'
2025-11-28 16:42:29 [restartedMain] TRACE o.s.b.f.s.DefaultListableBeanFactory - Returning cached instance of singleton bean 'org.springframework.transaction.config.internalTransactionAdvisor'
2025-11-28 16:42:29 [restartedMain] TRACE o.s.b.f.s.DefaultListableBeanFactory - Returning cached instance of singleton bean 'org.springframework.transaction.config.internalTransactionAdvisor'
2025-11-28 16:42:29 [restartedMain] TRACE o.s.b.f.s.DefaultListableBeanFactory - Finished creating instance of bean 'org.springframework.boot.autoconfigure.sql.init.DataSourceInitializationConfiguration'
2025-11-28 16:42:29 [restartedMain] DEBUG o.s.b.f.s.DefaultListableBeanFactory - Creating shared instance of singleton bean 'dataSource'
2025-11-28 16:42:29 [restartedMain] TRACE o.s.b.f.s.DefaultListableBeanFactory - Creating instance of bean 'dataSource'
2025-11-28 16:42:29 [restartedMain] TRACE o.s.b.f.s.DefaultListableBeanFactory - Returning cached instance of singleton bean 'org.springframework.transaction.config.internalTransactionAdvisor'
2025-11-28 16:42:29 [restartedMain] DEBUG o.s.b.f.s.DefaultListableBeanFactory - Creating shared instance of singleton bean 'org.springframework.boot.autoconfigure.jdbc.DataSourceConfiguration$Hikari'
2025-11-28 16:42:29 [restartedMain] TRACE o.s.b.f.s.DefaultListableBeanFactory - Creating instance of bean 'org.springframework.boot.autoconfigure.jdbc.DataSourceConfiguration$Hikari'
2025-11-28 16:42:29 [restartedMain] TRACE o.s.b.f.s.DefaultListableBeanFactory - Returning cached instance of singleton bean 'org.springframework.transaction.config.internalTransactionAdvisor'
2025-11-28 16:42:29 [restartedMain] TRACE o.s.b.f.s.DefaultListableBeanFactory - Returning cached instance of singleton bean 'org.springframework.transaction.config.internalTransactionAdvisor'
2025-11-28 16:42:29 [restartedMain] TRACE o.s.b.f.s.DefaultListableBeanFactory - Returning cached instance of singleton bean 'org.springframework.transaction.config.internalTransactionAdvisor'
2025-11-28 16:42:29 [restartedMain] TRACE o.s.b.f.s.DefaultListableBeanFactory - Finished creating instance of bean 'org.springframework.boot.autoconfigure.jdbc.DataSourceConfiguration$Hikari'
2025-11-28 16:42:29 [restartedMain] DEBUG o.s.b.f.s.DefaultListableBeanFactory - Creating shared instance of singleton bean 'spring.datasource-org.springframework.boot.autoconfigure.jdbc.DataSourceProperties'
2025-11-28 16:42:29 [restartedMain] TRACE o.s.b.f.s.DefaultListableBeanFactory - Creating instance of bean 'spring.datasource-org.springframework.boot.autoconfigure.jdbc.DataSourceProperties'
2025-11-28 16:42:29 [restartedMain] TRACE o.s.b.f.s.DefaultListableBeanFactory - Returning cached instance of singleton bean 'org.springframework.transaction.config.internalTransactionAdvisor'
2025-11-28 16:42:29 [restartedMain] TRACE o.s.b.f.s.DefaultListableBeanFactory - Returning cached instance of singleton bean 'org.springframework.boot.context.properties.BoundConfigurationProperties'
2025-11-28 16:42:29 [restartedMain] TRACE o.s.b.f.s.DefaultListableBeanFactory - Invoking afterPropertiesSet() on bean with name 'spring.datasource-org.springframework.boot.autoconfigure.jdbc.DataSourceProperties'
2025-11-28 16:42:29 [restartedMain] TRACE o.s.b.f.s.DefaultListableBeanFactory - Returning cached instance of singleton bean 'org.springframework.transaction.config.internalTransactionAdvisor'
2025-11-28 16:42:29 [restartedMain] TRACE o.s.b.f.s.DefaultListableBeanFactory - Returning cached instance of singleton bean 'org.springframework.transaction.config.internalTransactionAdvisor'
2025-11-28 16:42:29 [restartedMain] TRACE o.s.b.f.s.DefaultListableBeanFactory - Finished creating instance of bean 'spring.datasource-org.springframework.boot.autoconfigure.jdbc.DataSourceProperties'
2025-11-28 16:42:29 [restartedMain] DEBUG o.s.b.f.s.DefaultListableBeanFactory - Creating shared instance of singleton bean 'jdbcConnectionDetails'
2025-11-28 16:42:29 [restartedMain] TRACE o.s.b.f.s.DefaultListableBeanFactory - Creating instance of bean 'jdbcConnectionDetails'
2025-11-28 16:42:29 [restartedMain] TRACE o.s.b.f.s.DefaultListableBeanFactory - Returning cached instance of singleton bean 'org.springframework.transaction.config.internalTransactionAdvisor'
2025-11-28 16:42:29 [restartedMain] DEBUG o.s.b.f.s.DefaultListableBeanFactory - Creating shared instance of singleton bean 'org.springframework.boot.autoconfigure.jdbc.DataSourceAutoConfiguration$PooledDataSourceConfiguration'
2025-11-28 16:42:29 [restartedMain] TRACE o.s.b.f.s.DefaultListableBeanFactory - Creating instance of bean 'org.springframework.boot.autoconfigure.jdbc.DataSourceAutoConfiguration$PooledDataSourceConfiguration'
2025-11-28 16:42:29 [restartedMain] TRACE o.s.b.f.s.DefaultListableBeanFactory - Returning cached instance of singleton bean 'org.springframework.transaction.config.internalTransactionAdvisor'
2025-11-28 16:42:29 [restartedMain] TRACE o.s.b.f.s.DefaultListableBeanFactory - Returning cached instance of singleton bean 'org.springframework.transaction.config.internalTransactionAdvisor'
2025-11-28 16:42:29 [restartedMain] TRACE o.s.b.f.s.DefaultListableBeanFactory - Returning cached instance of singleton bean 'org.springframework.transaction.config.internalTransactionAdvisor'
2025-11-28 16:42:29 [restartedMain] TRACE o.s.b.f.s.DefaultListableBeanFactory - Finished creating instance of bean 'org.springframework.boot.autoconfigure.jdbc.DataSourceAutoConfiguration$PooledDataSourceConfiguration'
2025-11-28 16:42:29 [restartedMain] TRACE o.s.b.f.s.DefaultListableBeanFactory - Returning cached instance of singleton bean 'spring.datasource-org.springframework.boot.autoconfigure.jdbc.DataSourceProperties'
2025-11-28 16:42:29 [restartedMain] DEBUG o.s.b.f.s.DefaultListableBeanFactory - Autowiring by type from bean name 'jdbcConnectionDetails' via factory method to bean named 'spring.datasource-org.springframework.boot.autoconfigure.jdbc.DataSourceProperties'
2025-11-28 16:42:29 [restartedMain] TRACE o.s.b.f.s.DefaultListableBeanFactory - Returning cached instance of singleton bean 'org.springframework.transaction.config.internalTransactionAdvisor'
2025-11-28 16:42:29 [restartedMain] TRACE o.s.b.f.s.DefaultListableBeanFactory - Returning cached instance of singleton bean 'org.springframework.transaction.config.internalTransactionAdvisor'
2025-11-28 16:42:29 [restartedMain] TRACE o.s.b.f.s.DefaultListableBeanFactory - Finished creating instance of bean 'jdbcConnectionDetails'
2025-11-28 16:42:29 [restartedMain] DEBUG o.s.b.f.s.DefaultListableBeanFactory - Autowiring by type from bean name 'dataSource' via factory method to bean named 'spring.datasource-org.springframework.boot.autoconfigure.jdbc.DataSourceProperties'
2025-11-28 16:42:29 [restartedMain] DEBUG o.s.b.f.s.DefaultListableBeanFactory - Autowiring by type from bean name 'dataSource' via factory method to bean named 'jdbcConnectionDetails'
2025-11-28 16:42:30 [restartedMain] TRACE o.s.b.f.s.DefaultListableBeanFactory - Returning cached instance of singleton bean 'org.springframework.boot.context.properties.BoundConfigurationProperties'
2025-11-28 16:42:30 [restartedMain] TRACE o.s.b.f.s.DefaultListableBeanFactory - Returning cached instance of singleton bean 'jdbcConnectionDetails'
2025-11-28 16:42:30 [restartedMain] TRACE o.s.b.f.s.DefaultListableBeanFactory - Returning cached instance of singleton bean 'org.springframework.transaction.config.internalTransactionAdvisor'
2025-11-28 16:42:30 [restartedMain] TRACE o.s.b.f.s.DefaultListableBeanFactory - Returning cached instance of singleton bean 'org.springframework.transaction.config.internalTransactionAdvisor'
2025-11-28 16:42:30 [restartedMain] TRACE o.s.b.f.s.DefaultListableBeanFactory - Finished creating instance of bean 'dataSource'
2025-11-28 16:42:30 [restartedMain] DEBUG o.s.b.f.s.DefaultListableBeanFactory - Creating shared instance of singleton bean 'spring.sql.init-org.springframework.boot.autoconfigure.sql.init.SqlInitializationProperties'
2025-11-28 16:42:30 [restartedMain] TRACE o.s.b.f.s.DefaultListableBeanFactory - Creating instance of bean 'spring.sql.init-org.springframework.boot.autoconfigure.sql.init.SqlInitializationProperties'
2025-11-28 16:42:30 [restartedMain] TRACE o.s.b.f.s.DefaultListableBeanFactory - Returning cached instance of singleton bean 'org.springframework.transaction.config.internalTransactionAdvisor'
2025-11-28 16:42:30 [restartedMain] TRACE o.s.b.f.s.DefaultListableBeanFactory - Returning cached instance of singleton bean 'org.springframework.boot.context.properties.BoundConfigurationProperties'
2025-11-28 16:42:30 [restartedMain] TRACE o.s.b.f.s.DefaultListableBeanFactory - Returning cached instance of singleton bean 'org.springframework.transaction.config.internalTransactionAdvisor'
2025-11-28 16:42:30 [restartedMain] TRACE o.s.b.f.s.DefaultListableBeanFactory - Returning cached instance of singleton bean 'org.springframework.transaction.config.internalTransactionAdvisor'
2025-11-28 16:42:30 [restartedMain] TRACE o.s.b.f.s.DefaultListableBeanFactory - Finished creating instance of bean 'spring.sql.init-org.springframework.boot.autoconfigure.sql.init.SqlInitializationProperties'
2025-11-28 16:42:30 [restartedMain] DEBUG o.s.b.f.s.DefaultListableBeanFactory - Autowiring by type from bean name 'dataSourceScriptDatabaseInitializer' via factory method to bean named 'dataSource'
2025-11-28 16:42:30 [restartedMain] DEBUG o.s.b.f.s.DefaultListableBeanFactory - Autowiring by type from bean name 'dataSourceScriptDatabaseInitializer' via factory method to bean named 'spring.sql.init-org.springframework.boot.autoconfigure.sql.init.SqlInitializationProperties'
2025-11-28 16:42:30 [restartedMain] TRACE o.s.b.f.s.DefaultListableBeanFactory - Invoking afterPropertiesSet() on bean with name 'dataSourceScriptDatabaseInitializer'
2025-11-28 16:42:30 [restartedMain] TRACE o.s.b.f.s.DefaultListableBeanFactory - Returning cached instance of singleton bean 'org.springframework.transaction.config.internalTransactionAdvisor'
2025-11-28 16:42:30 [restartedMain] TRACE o.s.b.f.s.DefaultListableBeanFactory - Returning cached instance of singleton bean 'org.springframework.transaction.config.internalTransactionAdvisor'
2025-11-28 16:42:30 [restartedMain] TRACE o.s.b.f.s.DefaultListableBeanFactory - Finished creating instance of bean 'dataSourceScriptDatabaseInitializer'
2025-11-28 16:42:30 [restartedMain] DEBUG o.s.b.f.s.DefaultListableBeanFactory - Creating shared instance of singleton bean 'inMemoryDatabaseShutdownExecutor'
2025-11-28 16:42:30 [restartedMain] TRACE o.s.b.f.s.DefaultListableBeanFactory - Creating instance of bean 'inMemoryDatabaseShutdownExecutor'
2025-11-28 16:42:30 [restartedMain] TRACE o.s.b.f.s.DefaultListableBeanFactory - Returning cached instance of singleton bean 'org.springframework.transaction.config.internalTransactionAdvisor'
2025-11-28 16:42:30 [restartedMain] DEBUG o.s.b.f.s.DefaultListableBeanFactory - Creating shared instance of singleton bean 'org.springframework.boot.devtools.autoconfigure.DevToolsDataSourceAutoConfiguration'
2025-11-28 16:42:30 [restartedMain] TRACE o.s.b.f.s.DefaultListableBeanFactory - Creating instance of bean 'org.springframework.boot.devtools.autoconfigure.DevToolsDataSourceAutoConfiguration'
2025-11-28 16:42:30 [restartedMain] TRACE o.s.b.f.s.DefaultListableBeanFactory - Returning cached instance of singleton bean 'org.springframework.transaction.config.internalTransactionAdvisor'
2025-11-28 16:42:30 [restartedMain] TRACE o.s.b.f.s.DefaultListableBeanFactory - Returning cached instance of singleton bean 'org.springframework.transaction.config.internalTransactionAdvisor'
2025-11-28 16:42:30 [restartedMain] TRACE o.s.b.f.s.DefaultListableBeanFactory - Returning cached instance of singleton bean 'org.springframework.transaction.config.internalTransactionAdvisor'
2025-11-28 16:42:30 [restartedMain] TRACE o.s.b.f.s.DefaultListableBeanFactory - Finished creating instance of bean 'org.springframework.boot.devtools.autoconfigure.DevToolsDataSourceAutoConfiguration'
2025-11-28 16:42:30 [restartedMain] TRACE o.s.b.f.s.DefaultListableBeanFactory - Returning cached instance of singleton bean 'dataSource'
2025-11-28 16:42:30 [restartedMain] TRACE o.s.b.f.s.DefaultListableBeanFactory - Returning cached instance of singleton bean 'spring.datasource-org.springframework.boot.autoconfigure.jdbc.DataSourceProperties'
2025-11-28 16:42:30 [restartedMain] DEBUG o.s.b.f.s.DefaultListableBeanFactory - Autowiring by type from bean name 'inMemoryDatabaseShutdownExecutor' via factory method to bean named 'dataSource'
2025-11-28 16:42:30 [restartedMain] DEBUG o.s.b.f.s.DefaultListableBeanFactory - Autowiring by type from bean name 'inMemoryDatabaseShutdownExecutor' via factory method to bean named 'spring.datasource-org.springframework.boot.autoconfigure.jdbc.DataSourceProperties'
2025-11-28 16:42:30 [restartedMain] TRACE o.s.b.f.s.DefaultListableBeanFactory - Returning cached instance of singleton bean 'org.springframework.transaction.config.internalTransactionAdvisor'
2025-11-28 16:42:30 [restartedMain] TRACE o.s.b.f.s.DefaultListableBeanFactory - Returning cached instance of singleton bean 'org.springframework.transaction.config.internalTransactionAdvisor'
2025-11-28 16:42:30 [restartedMain] TRACE o.s.b.f.s.DefaultListableBeanFactory - Finished creating instance of bean 'inMemoryDatabaseShutdownExecutor'
2025-11-28 16:42:30 [restartedMain] DEBUG o.s.b.f.s.DefaultListableBeanFactory - Creating shared instance of singleton bean 'entityManagerFactory'
2025-11-28 16:42:30 [restartedMain] TRACE o.s.b.f.s.DefaultListableBeanFactory - Creating instance of bean 'entityManagerFactory'
2025-11-28 16:42:30 [restartedMain] TRACE o.s.b.f.s.DefaultListableBeanFactory - Returning cached instance of singleton bean 'org.springframework.transaction.config.internalTransactionAdvisor'
2025-11-28 16:42:30 [restartedMain] DEBUG o.s.b.f.s.DefaultListableBeanFactory - Creating shared instance of singleton bean 'org.springframework.boot.autoconfigure.orm.jpa.HibernateJpaConfiguration'
2025-11-28 16:42:30 [restartedMain] TRACE o.s.b.f.s.DefaultListableBeanFactory - Creating instance of bean 'org.springframework.boot.autoconfigure.orm.jpa.HibernateJpaConfiguration'
2025-11-28 16:42:30 [restartedMain] TRACE o.s.b.f.s.DefaultListableBeanFactory - Returning cached instance of singleton bean 'org.springframework.transaction.config.internalTransactionAdvisor'
2025-11-28 16:42:30 [restartedMain] TRACE o.s.b.f.s.DefaultListableBeanFactory - Returning cached instance of singleton bean 'dataSource'
2025-11-28 16:42:30 [restartedMain] DEBUG o.s.b.f.s.DefaultListableBeanFactory - Creating shared instance of singleton bean 'spring.jpa-org.springframework.boot.autoconfigure.orm.jpa.JpaProperties'
2025-11-28 16:42:30 [restartedMain] TRACE o.s.b.f.s.DefaultListableBeanFactory - Creating instance of bean 'spring.jpa-org.springframework.boot.autoconfigure.orm.jpa.JpaProperties'
2025-11-28 16:42:30 [restartedMain] TRACE o.s.b.f.s.DefaultListableBeanFactory - Returning cached instance of singleton bean 'org.springframework.transaction.config.internalTransactionAdvisor'
2025-11-28 16:42:30 [restartedMain] TRACE o.s.b.f.s.DefaultListableBeanFactory - Returning cached instance of singleton bean 'org.springframework.boot.context.properties.BoundConfigurationProperties'
2025-11-28 16:42:30 [restartedMain] TRACE o.s.b.f.s.DefaultListableBeanFactory - Returning cached instance of singleton bean 'org.springframework.transaction.config.internalTransactionAdvisor'
2025-11-28 16:42:30 [restartedMain] TRACE o.s.b.f.s.DefaultListableBeanFactory - Returning cached instance of singleton bean 'org.springframework.transaction.config.internalTransactionAdvisor'
2025-11-28 16:42:30 [restartedMain] TRACE o.s.b.f.s.DefaultListableBeanFactory - Finished creating instance of bean 'spring.jpa-org.springframework.boot.autoconfigure.orm.jpa.JpaProperties'
2025-11-28 16:42:30 [restartedMain] DEBUG o.s.b.f.s.DefaultListableBeanFactory - Creating shared instance of singleton bean 'spring.jpa.hibernate-org.springframework.boot.autoconfigure.orm.jpa.HibernateProperties'
2025-11-28 16:42:30 [restartedMain] TRACE o.s.b.f.s.DefaultListableBeanFactory - Creating instance of bean 'spring.jpa.hibernate-org.springframework.boot.autoconfigure.orm.jpa.HibernateProperties'
2025-11-28 16:42:30 [restartedMain] TRACE o.s.b.f.s.DefaultListableBeanFactory - Returning cached instance of singleton bean 'org.springframework.transaction.config.internalTransactionAdvisor'
2025-11-28 16:42:30 [restartedMain] TRACE o.s.b.f.s.DefaultListableBeanFactory - Returning cached instance of singleton bean 'org.springframework.boot.context.properties.BoundConfigurationProperties'
2025-11-28 16:42:30 [restartedMain] TRACE o.s.b.f.s.DefaultListableBeanFactory - Returning cached instance of singleton bean 'org.springframework.transaction.config.internalTransactionAdvisor'
2025-11-28 16:42:30 [restartedMain] TRACE o.s.b.f.s.DefaultListableBeanFactory - Returning cached instance of singleton bean 'org.springframework.transaction.config.internalTransactionAdvisor'
2025-11-28 16:42:30 [restartedMain] TRACE o.s.b.f.s.DefaultListableBeanFactory - Finished creating instance of bean 'spring.jpa.hibernate-org.springframework.boot.autoconfigure.orm.jpa.HibernateProperties'
2025-11-28 16:42:30 [restartedMain] DEBUG o.s.b.f.s.DefaultListableBeanFactory - Autowiring by type from bean name 'org.springframework.boot.autoconfigure.orm.jpa.HibernateJpaConfiguration' via constructor to bean named 'dataSource'
2025-11-28 16:42:30 [restartedMain] DEBUG o.s.b.f.s.DefaultListableBeanFactory - Autowiring by type from bean name 'org.springframework.boot.autoconfigure.orm.jpa.HibernateJpaConfiguration' via constructor to bean named 'spring.jpa-org.springframework.boot.autoconfigure.orm.jpa.JpaProperties'
2025-11-28 16:42:30 [restartedMain] DEBUG o.s.b.f.s.DefaultListableBeanFactory - Autowiring by type from bean name 'org.springframework.boot.autoconfigure.orm.jpa.HibernateJpaConfiguration' via constructor to bean named 'org.springframework.beans.factory.support.DefaultListableBeanFactory@79128d90'
2025-11-28 16:42:30 [restartedMain] DEBUG o.s.b.f.s.DefaultListableBeanFactory - Autowiring by type from bean name 'org.springframework.boot.autoconfigure.orm.jpa.HibernateJpaConfiguration' via constructor to bean named 'spring.jpa.hibernate-org.springframework.boot.autoconfigure.orm.jpa.HibernateProperties'
2025-11-28 16:42:30 [restartedMain] DEBUG o.s.b.f.s.DefaultListableBeanFactory - Creating shared instance of singleton bean 'hikariPoolDataSourceMetadataProvider'
2025-11-28 16:42:30 [restartedMain] TRACE o.s.b.f.s.DefaultListableBeanFactory - Creating instance of bean 'hikariPoolDataSourceMetadataProvider'
2025-11-28 16:42:30 [restartedMain] TRACE o.s.b.f.s.DefaultListableBeanFactory - Returning cached instance of singleton bean 'org.springframework.transaction.config.internalTransactionAdvisor'
2025-11-28 16:42:30 [restartedMain] DEBUG o.s.b.f.s.DefaultListableBeanFactory - Creating shared instance of singleton bean 'org.springframework.boot.autoconfigure.jdbc.metadata.DataSourcePoolMetadataProvidersConfiguration$HikariPoolDataSourceMetadataProviderConfiguration'
2025-11-28 16:42:30 [restartedMain] TRACE o.s.b.f.s.DefaultListableBeanFactory - Creating instance of bean 'org.springframework.boot.autoconfigure.jdbc.metadata.DataSourcePoolMetadataProvidersConfiguration$HikariPoolDataSourceMetadataProviderConfiguration'
2025-11-28 16:42:30 [restartedMain] TRACE o.s.b.f.s.DefaultListableBeanFactory - Returning cached instance of singleton bean 'org.springframework.transaction.config.internalTransactionAdvisor'
2025-11-28 16:42:30 [restartedMain] TRACE o.s.b.f.s.DefaultListableBeanFactory - Returning cached instance of singleton bean 'org.springframework.transaction.config.internalTransactionAdvisor'
2025-11-28 16:42:30 [restartedMain] TRACE o.s.b.f.s.DefaultListableBeanFactory - Returning cached instance of singleton bean 'org.springframework.transaction.config.internalTransactionAdvisor'
2025-11-28 16:42:30 [restartedMain] TRACE o.s.b.f.s.DefaultListableBeanFactory - Finished creating instance of bean 'org.springframework.boot.autoconfigure.jdbc.metadata.DataSourcePoolMetadataProvidersConfiguration$HikariPoolDataSourceMetadataProviderConfiguration'
2025-11-28 16:42:30 [restartedMain] TRACE o.s.b.f.s.DefaultListableBeanFactory - Returning cached instance of singleton bean 'org.springframework.transaction.config.internalTransactionAdvisor'
2025-11-28 16:42:30 [restartedMain] TRACE o.s.b.f.s.DefaultListableBeanFactory - Returning cached instance of singleton bean 'org.springframework.transaction.config.internalTransactionAdvisor'
2025-11-28 16:42:30 [restartedMain] TRACE o.s.b.f.s.DefaultListableBeanFactory - Finished creating instance of bean 'hikariPoolDataSourceMetadataProvider'
2025-11-28 16:42:30 [restartedMain] TRACE o.s.b.f.s.DefaultListableBeanFactory - Returning cached instance of singleton bean 'org.springframework.transaction.config.internalTransactionAdvisor'
2025-11-28 16:42:30 [restartedMain] TRACE o.s.b.f.s.DefaultListableBeanFactory - Returning cached instance of singleton bean 'org.springframework.transaction.config.internalTransactionAdvisor'
2025-11-28 16:42:30 [restartedMain] TRACE o.s.b.f.s.DefaultListableBeanFactory - Finished creating instance of bean 'org.springframework.boot.autoconfigure.orm.jpa.HibernateJpaConfiguration'
2025-11-28 16:42:30 [restartedMain] DEBUG o.s.b.f.s.DefaultListableBeanFactory - Creating shared instance of singleton bean 'entityManagerFactoryBuilder'
2025-11-28 16:42:30 [restartedMain] TRACE o.s.b.f.s.DefaultListableBeanFactory - Creating instance of bean 'entityManagerFactoryBuilder'
2025-11-28 16:42:30 [restartedMain] TRACE o.s.b.f.s.DefaultListableBeanFactory - Returning cached instance of singleton bean 'org.springframework.transaction.config.internalTransactionAdvisor'
2025-11-28 16:42:30 [restartedMain] TRACE o.s.b.f.s.DefaultListableBeanFactory - Returning cached instance of singleton bean 'org.springframework.boot.autoconfigure.orm.jpa.HibernateJpaConfiguration'
2025-11-28 16:42:30 [restartedMain] DEBUG o.s.b.f.s.DefaultListableBeanFactory - Creating shared instance of singleton bean 'jpaVendorAdapter'
2025-11-28 16:42:30 [restartedMain] TRACE o.s.b.f.s.DefaultListableBeanFactory - Creating instance of bean 'jpaVendorAdapter'
2025-11-28 16:42:30 [restartedMain] TRACE o.s.b.f.s.DefaultListableBeanFactory - Returning cached instance of singleton bean 'org.springframework.transaction.config.internalTransactionAdvisor'
2025-11-28 16:42:30 [restartedMain] TRACE o.s.b.f.s.DefaultListableBeanFactory - Returning cached instance of singleton bean 'org.springframework.boot.autoconfigure.orm.jpa.HibernateJpaConfiguration'
2025-11-28 16:42:30 [restartedMain] TRACE o.s.b.f.s.DefaultListableBeanFactory - Returning cached instance of singleton bean 'org.springframework.transaction.config.internalTransactionAdvisor'
2025-11-28 16:42:30 [restartedMain] TRACE o.s.b.f.s.DefaultListableBeanFactory - Returning cached instance of singleton bean 'org.springframework.transaction.config.internalTransactionAdvisor'
2025-11-28 16:42:30 [restartedMain] TRACE o.s.b.f.s.DefaultListableBeanFactory - Finished creating instance of bean 'jpaVendorAdapter'
2025-11-28 16:42:30 [restartedMain] DEBUG o.s.b.f.s.DefaultListableBeanFactory - Autowiring by type from bean name 'entityManagerFactoryBuilder' via factory method to bean named 'jpaVendorAdapter'
2025-11-28 16:42:30 [restartedMain] TRACE o.s.b.f.s.DefaultListableBeanFactory - Returning cached instance of singleton bean 'org.springframework.transaction.config.internalTransactionAdvisor'
2025-11-28 16:42:30 [restartedMain] TRACE o.s.b.f.s.DefaultListableBeanFactory - Returning cached instance of singleton bean 'org.springframework.transaction.config.internalTransactionAdvisor'
2025-11-28 16:42:30 [restartedMain] TRACE o.s.b.f.s.DefaultListableBeanFactory - Finished creating instance of bean 'entityManagerFactoryBuilder'
2025-11-28 16:42:30 [restartedMain] DEBUG o.s.b.f.s.DefaultListableBeanFactory - Creating shared instance of singleton bean 'persistenceManagedTypes'
2025-11-28 16:42:30 [restartedMain] TRACE o.s.b.f.s.DefaultListableBeanFactory - Creating instance of bean 'persistenceManagedTypes'
2025-11-28 16:42:30 [restartedMain] TRACE o.s.b.f.s.DefaultListableBeanFactory - Returning cached instance of singleton bean 'org.springframework.transaction.config.internalTransactionAdvisor'
2025-11-28 16:42:30 [restartedMain] DEBUG o.s.b.f.s.DefaultListableBeanFactory - Autowiring by type from bean name 'persistenceManagedTypes' via factory method to bean named 'org.springframework.beans.factory.support.DefaultListableBeanFactory@79128d90'
2025-11-28 16:42:30 [restartedMain] DEBUG o.s.b.f.s.DefaultListableBeanFactory - Autowiring by type from bean name 'persistenceManagedTypes' via factory method to bean named 'org.springframework.boot.web.servlet.context.AnnotationConfigServletWebServerApplicationContext@2aa80228'
2025-11-28 16:42:30 [restartedMain] TRACE o.s.b.f.s.DefaultListableBeanFactory - No bean named 'org.springframework.boot.autoconfigure.domain.EntityScanPackages' found in org.springframework.beans.factory.support.DefaultListableBeanFactory@79128d90: defining beans [org.springframework.context.annotation.internalConfigurationAnnotationProcessor,org.springframework.context.annotation.internalAutowiredAnnotationProcessor,org.springframework.context.annotation.internalCommonAnnotationProcessor,org.springframework.context.annotation.internalPersistenceAnnotationProcessor,org.springframework.context.event.internalEventListenerProcessor,org.springframework.context.event.internalEventListenerFactory,movieRecommendationSystemApplication,org.springframework.boot.autoconfigure.internalCachingMetadataReaderFactory,customUserDetailsService,jwtFilter,jwtUtil,openApiConfig,securityConfig,authController,genreController,movieController,ratingController,userController,globalExceptionHandler,emailService,genreServiceImple,movieServiceImple,ratingServiceImple,recommendationServiceImple,userServiceImple,customOpenAPI,org.springframework.security.config.annotation.configuration.ObjectPostProcessorConfiguration,objectPostProcessor,org.springframework.security.config.annotation.authentication.configuration.AuthenticationConfiguration,authenticationManagerBuilder,enableGlobalAuthenticationAutowiredConfigurer,initializeUserDetailsBeanManagerConfigurer,initializeAuthenticationProviderBeanManagerConfigurer,org.springframework.security.config.annotation.web.configuration.WebSecurityConfiguration,delegatingApplicationListener,webSecurityExpressionHandler,privilegeEvaluator,conversionServicePostProcessor,org.springframework.security.config.annotation.web.configuration.WebMvcSecurityConfiguration,requestDataValueProcessor,springSecurityHandlerMappingIntrospectorBeanDefinitionRegistryPostProcessor,org.springframework.security.config.annotation.web.configuration.HttpSecurityConfiguration,org.springframework.security.config.annotation.web.configuration.HttpSecurityConfiguration.httpSecurity,org.springframework.security.config.annotation.web.configuration.ObservationConfiguration,webAuthorizationManagerPostProcessor,authenticationManagerPostProcessor,filterChainDecoratorPostProcessor,filterChain,authProvider,passwordEncoder,authenticationManager,org.springframework.boot.autoconfigure.AutoConfigurationPackages,org.springframework.boot.autoconfigure.context.PropertyPlaceholderAutoConfiguration,propertySourcesPlaceholderConfigurer,org.springframework.boot.autoconfigure.ssl.SslAutoConfiguration,fileWatcher,sslPropertiesSslBundleRegistrar,sslBundleRegistry,org.springframework.boot.context.properties.ConfigurationPropertiesBindingPostProcessor,org.springframework.boot.context.internalConfigurationPropertiesBinder,org.springframework.boot.context.properties.BoundConfigurationProperties,org.springframework.boot.context.properties.EnableConfigurationPropertiesRegistrar.methodValidationExcludeFilter,spring.ssl-org.springframework.boot.autoconfigure.ssl.SslProperties,org.springframework.boot.autoconfigure.websocket.servlet.WebSocketServletAutoConfiguration$TomcatWebSocketConfiguration,websocketServletWebServerCustomizer,org.springframework.boot.autoconfigure.websocket.servlet.WebSocketServletAutoConfiguration,org.springframework.boot.autoconfigure.web.servlet.ServletWebServerFactoryConfiguration$EmbeddedTomcat,tomcatServletWebServerFactory,org.springframework.boot.autoconfigure.web.servlet.ServletWebServerFactoryAutoConfiguration,servletWebServerFactoryCustomizer,tomcatServletWebServerFactoryCustomizer,server-org.springframework.boot.autoconfigure.web.ServerProperties,webServerFactoryCustomizerBeanPostProcessor,errorPageRegistrarBeanPostProcessor,org.springframework.boot.autoconfigure.web.servlet.DispatcherServletAutoConfiguration$DispatcherServletConfiguration,dispatcherServlet,spring.mvc-org.springframework.boot.autoconfigure.web.servlet.WebMvcProperties,org.springframework.boot.autoconfigure.web.servlet.DispatcherServletAutoConfiguration$DispatcherServletRegistrationConfiguration,dispatcherServletRegistration,org.springframework.boot.autoconfigure.web.servlet.DispatcherServletAutoConfiguration,org.springframework.boot.autoconfigure.task.TaskExecutorConfigurations$ThreadPoolTaskExecutorBuilderConfiguration,threadPoolTaskExecutorBuilder,org.springframework.boot.autoconfigure.task.TaskExecutorConfigurations$SimpleAsyncTaskExecutorBuilderConfiguration,simpleAsyncTaskExecutorBuilder,org.springframework.boot.autoconfigure.task.TaskExecutorConfigurations$TaskExecutorConfiguration,applicationTaskExecutor,org.springframework.boot.autoconfigure.task.TaskExecutionAutoConfiguration,spring.task.execution-org.springframework.boot.autoconfigure.task.TaskExecutionProperties,org.springframework.boot.autoconfigure.validation.ValidationAutoConfiguration,defaultValidator,methodValidationPostProcessor,org.springframework.boot.autoconfigure.web.servlet.error.ErrorMvcAutoConfiguration$WhitelabelErrorViewConfiguration,error,beanNameViewResolver,org.springframework.boot.autoconfigure.web.servlet.error.ErrorMvcAutoConfiguration$DefaultErrorViewResolverConfiguration,conventionErrorViewResolver,spring.web-org.springframework.boot.autoconfigure.web.WebProperties,org.springframework.boot.autoconfigure.web.servlet.error.ErrorMvcAutoConfiguration,errorAttributes,basicErrorController,errorPageCustomizer,preserveErrorControllerTargetClassPostProcessor,org.springframework.boot.autoconfigure.web.servlet.WebMvcAutoConfiguration$EnableWebMvcConfiguration,welcomePageHandlerMapping,welcomePageNotAcceptableHandlerMapping,localeResolver,themeResolver,flashMapManager,viewNameTranslator,mvcConversionService,mvcValidator,mvcContentNegotiationManager,requestMappingHandlerMapping,mvcPatternParser,mvcUrlPathHelper,mvcPathMatcher,viewControllerHandlerMapping,beanNameHandlerMapping,routerFunctionMapping,resourceHandlerMapping,mvcResourceUrlProvider,defaultServletHandlerMapping,requestMappingHandlerAdapter,handlerFunctionAdapter,mvcUriComponentsContributor,httpRequestHandlerAdapter,simpleControllerHandlerAdapter,handlerExceptionResolver,mvcViewResolver,mvcHandlerMappingIntrospector,org.springframework.boot.autoconfigure.web.servlet.WebMvcAutoConfiguration$WebMvcAutoConfigurationAdapter,defaultViewResolver,viewResolver,requestContextFilter,org.springframework.boot.autoconfigure.web.servlet.WebMvcAutoConfiguration$ResourceChainCustomizerConfiguration,resourceHandlerRegistrationCustomizer,org.springframework.boot.autoconfigure.web.servlet.WebMvcAutoConfiguration,formContentFilter,org.springdoc.core.configuration.SpringDocConfiguration$QuerydslProvider,queryDslQuerydslPredicateOperationCustomizer,org.springdoc.core.configuration.SpringDocConfiguration$OpenApiResourceAdvice,org.springdoc.core.configuration.SpringDocConfiguration$SpringDocSpringDataWebPropertiesProvider,springDataWebPropertiesProvider,org.springdoc.core.configuration.SpringDocConfiguration$WebConversionServiceConfiguration,webConversionServiceProvider,org.springdoc.core.configuration.SpringDocConfiguration,localSpringDocParameterNameDiscoverer,additionalModelsConverter,fileSupportConverter,responseSupportConverter,schemaPropertyDeprecatingConverter,polymorphicModelConverter,openAPIBuilder,modelConverterRegistrar,operationBuilder,propertyResolverUtils,requestBodyBuilder,securityParser,parameterBuilder,springDocProviders,springdocObjectMapperProvider,springDocCustomizers,parameterObjectNamingStrategyCustomizer,globalOpenApiCustomizer,org.springdoc.core.configuration.SpringDocPageableConfiguration,pageableOpenAPIConverter,pageOpenAPIConverter,dataRestDelegatingMethodParameterCustomizer,org.springdoc.core.configuration.SpringDocSecurityConfiguration$SpringSecurityLoginEndpointConfiguration,org.springdoc.core.configuration.SpringDocSecurityConfiguration,org.springdoc.core.configuration.SpringDocSortConfiguration,sortOpenAPIConverter,org.springdoc.core.configuration.SpringDocUIConfiguration,org.springdoc.core.properties.SpringDocConfigProperties,org.springdoc.core.properties.SwaggerUiConfigProperties,org.springdoc.core.properties.SwaggerUiOAuthProperties,org.springdoc.webmvc.core.configuration.SpringDocWebMvcConfiguration$SpringDocWebMvcRouterConfiguration,routerFunctionProvider,org.springdoc.webmvc.core.configuration.SpringDocWebMvcConfiguration,openApiResource,requestBuilder,springWebProvider,responseBuilder,org.springdoc.webmvc.ui.SwaggerConfig,swaggerWelcome,swaggerConfigResource,indexPageTransformer,swaggerWebMvcConfigurer,swaggerResourceResolver,org.springframework.boot.autoconfigure.jmx.JmxAutoConfiguration,mbeanExporter,objectNamingStrategy,mbeanServer,spring.jmx-org.springframework.boot.autoconfigure.jmx.JmxProperties,org.springframework.boot.autoconfigure.admin.SpringApplicationAdminJmxAutoConfiguration,springApplicationAdminRegistrar,org.springframework.boot.autoconfigure.aop.AopAutoConfiguration$AspectJAutoProxyingConfiguration$CglibAutoProxyConfiguration,org.springframework.aop.config.internalAutoProxyCreator,org.springframework.boot.autoconfigure.aop.AopAutoConfiguration$AspectJAutoProxyingConfiguration,org.springframework.boot.autoconfigure.aop.AopAutoConfiguration,org.springframework.boot.autoconfigure.availability.ApplicationAvailabilityAutoConfiguration,applicationAvailability,org.springframework.boot.autoconfigure.transaction.jta.JtaAutoConfiguration,org.springframework.boot.autoconfigure.jdbc.DataSourceConfiguration$Hikari,jdbcConnectionDetailsHikariBeanPostProcessor,dataSource,org.springframework.boot.autoconfigure.jdbc.DataSourceJmxConfiguration$Hikari,org.springframework.boot.autoconfigure.jdbc.DataSourceJmxConfiguration,org.springframework.boot.autoconfigure.jdbc.DataSourceAutoConfiguration$PooledDataSourceConfiguration,jdbcConnectionDetails,org.springframework.boot.autoconfigure.jdbc.metadata.DataSourcePoolMetadataProvidersConfiguration$HikariPoolDataSourceMetadataProviderConfiguration,hikariPoolDataSourceMetadataProvider,org.springframework.boot.autoconfigure.jdbc.metadata.DataSourcePoolMetadataProvidersConfiguration,org.springframework.boot.autoconfigure.jdbc.DataSourceAutoConfiguration,spring.datasource-org.springframework.boot.autoconfigure.jdbc.DataSourceProperties,org.springframework.boot.autoconfigure.transaction.TransactionManagerCustomizationAutoConfiguration,platformTransactionManagerCustomizers,transactionExecutionListeners,spring.transaction-org.springframework.boot.autoconfigure.transaction.TransactionProperties,org.springframework.boot.autoconfigure.orm.jpa.JpaBaseConfiguration$JpaWebConfiguration,openEntityManagerInViewInterceptor,openEntityManagerInViewInterceptorConfigurer,org.springframework.boot.autoconfigure.orm.jpa.JpaBaseConfiguration$PersistenceManagedTypesConfiguration,persistenceManagedTypes,org.springframework.boot.autoconfigure.orm.jpa.HibernateJpaConfiguration,transactionManager,jpaVendorAdapter,entityManagerFactoryBuilder,entityManagerFactory,spring.jpa.hibernate-org.springframework.boot.autoconfigure.orm.jpa.HibernateProperties,spring.jpa-org.springframework.boot.autoconfigure.orm.jpa.JpaProperties,org.springframework.boot.autoconfigure.orm.jpa.HibernateJpaAutoConfiguration,org.springframework.boot.autoconfigure.jackson.JacksonAutoConfiguration$Jackson2ObjectMapperBuilderCustomizerConfiguration,standardJacksonObjectMapperBuilderCustomizer,spring.jackson-org.springframework.boot.autoconfigure.jackson.JacksonProperties,org.springframework.boot.autoconfigure.jackson.JacksonAutoConfiguration$JacksonObjectMapperBuilderConfiguration,jacksonObjectMapperBuilder,org.springframework.boot.autoconfigure.jackson.JacksonAutoConfiguration$ParameterNamesModuleConfiguration,parameterNamesModule,org.springframework.boot.autoconfigure.jackson.JacksonAutoConfiguration$JacksonObjectMapperConfiguration,jacksonObjectMapper,org.springframework.boot.autoconfigure.jackson.JacksonAutoConfiguration$JacksonMixinConfiguration,jsonMixinModuleEntries,jsonMixinModule,org.springframework.boot.autoconfigure.jackson.JacksonAutoConfiguration,jsonComponentModule,org.springframework.boot.autoconfigure.context.ConfigurationPropertiesAutoConfiguration,org.springframework.boot.autoconfigure.context.LifecycleAutoConfiguration,lifecycleProcessor,spring.lifecycle-org.springframework.boot.autoconfigure.context.LifecycleProperties,org.springframework.boot.autoconfigure.dao.PersistenceExceptionTranslationAutoConfiguration,persistenceExceptionTranslationPostProcessor,org.springframework.boot.autoconfigure.data.jpa.JpaRepositoriesAutoConfiguration,jpaSharedEM_entityManagerFactory,emBeanDefinitionRegistrarPostProcessor,jpaMappingContext,jpaContext,org.springframework.data.jpa.util.JpaMetamodelCacheCleanup,org.springframework.data.jpa.repository.support.JpaEvaluationContextExtension,jpa.named-queries#0,jpa.GenreRepository.fragments#0,genreRepository,jpa.named-queries#1,jpa.RatingRepository.fragments#0,ratingRepository,jpa.named-queries#2,jpa.UserRepository.fragments#0,userRepository,jpa.named-queries#3,jpa.MovieRepository.fragments#0,movieRepository,data-jpa.repository-aot-processor#0,org.springframework.boot.autoconfigure.http.HttpMessageConvertersAutoConfiguration$StringHttpMessageConverterConfiguration,stringHttpMessageConverter,org.springframework.boot.autoconfigure.http.JacksonHttpMessageConvertersConfiguration$MappingJackson2XmlHttpMessageConverterConfiguration,mappingJackson2XmlHttpMessageConverter,org.springframework.boot.autoconfigure.http.JacksonHttpMessageConvertersConfiguration$MappingJackson2HttpMessageConverterConfiguration,mappingJackson2HttpMessageConverter,org.springframework.boot.autoconfigure.http.JacksonHttpMessageConvertersConfiguration,org.springframework.boot.autoconfigure.http.HttpMessageConvertersAutoConfiguration,messageConverters,org.springframework.data.web.config.ProjectingArgumentResolverRegistrar,projectingArgumentResolverBeanPostProcessor,org.springframework.data.web.config.SpringDataWebConfiguration,pageableResolver,sortResolver,offsetResolver,org.springframework.data.web.config.SpringDataJacksonConfiguration,jacksonGeoModule,pageModule,org.springframework.boot.autoconfigure.data.web.SpringDataWebAutoConfiguration,pageableCustomizer,sortCustomizer,springDataWebSettings,spring.data.web-org.springframework.boot.autoconfigure.data.web.SpringDataWebProperties,org.springframework.boot.autoconfigure.h2.H2ConsoleAutoConfiguration,h2Console,h2ConsoleLogger,spring.h2.console-org.springframework.boot.autoconfigure.h2.H2ConsoleProperties,org.springframework.boot.autoconfigure.http.client.HttpClientAutoConfiguration,clientHttpRequestFactoryBuilder,clientHttpRequestFactorySettings,spring.http.client-org.springframework.boot.autoconfigure.http.client.HttpClientProperties,org.springframework.boot.autoconfigure.info.ProjectInfoAutoConfiguration,spring.info-org.springframework.boot.autoconfigure.info.ProjectInfoProperties,org.springframework.boot.autoconfigure.jdbc.JdbcTemplateConfiguration,jdbcTemplate,org.springframework.boot.autoconfigure.jdbc.NamedParameterJdbcTemplateConfiguration,namedParameterJdbcTemplate,org.springframework.boot.autoconfigure.jdbc.JdbcTemplateAutoConfiguration,spring.jdbc-org.springframework.boot.autoconfigure.jdbc.JdbcProperties,org.springframework.boot.sql.init.dependency.DatabaseInitializationDependencyConfigurer$DependsOnDatabaseInitializationPostProcessor,org.springframework.boot.autoconfigure.jdbc.JdbcClientAutoConfiguration,jdbcClient,org.springframework.boot.autoconfigure.mail.MailSenderPropertiesConfiguration,mailSender,org.springframework.boot.autoconfigure.mail.MailSenderAutoConfiguration,spring.mail-org.springframework.boot.autoconfigure.mail.MailProperties,org.springframework.boot.autoconfigure.security.servlet.SpringBootWebSecurityConfiguration,org.springframework.boot.autoconfigure.security.servlet.SecurityAutoConfiguration,authenticationEventPublisher,spring.security-org.springframework.boot.autoconfigure.security.SecurityProperties,org.springframework.boot.autoconfigure.security.servlet.SecurityFilterAutoConfiguration,securityFilterChainRegistration,org.springframework.boot.autoconfigure.sql.init.DataSourceInitializationConfiguration,dataSourceScriptDatabaseInitializer,org.springframework.boot.autoconfigure.sql.init.SqlInitializationAutoConfiguration,spring.sql.init-org.springframework.boot.autoconfigure.sql.init.SqlInitializationProperties,org.springframework.boot.autoconfigure.task.TaskSchedulingConfigurations$ThreadPoolTaskSchedulerBuilderConfiguration,threadPoolTaskSchedulerBuilder,org.springframework.boot.autoconfigure.task.TaskSchedulingConfigurations$SimpleAsyncTaskSchedulerBuilderConfiguration,simpleAsyncTaskSchedulerBuilder,org.springframework.boot.autoconfigure.task.TaskSchedulingAutoConfiguration,spring.task.scheduling-org.springframework.boot.autoconfigure.task.TaskSchedulingProperties,org.springframework.boot.autoconfigure.jdbc.DataSourceTransactionManagerAutoConfiguration$JdbcTransactionManagerConfiguration,org.springframework.boot.autoconfigure.jdbc.DataSourceTransactionManagerAutoConfiguration,org.springframework.transaction.annotation.ProxyTransactionManagementConfiguration,org.springframework.transaction.config.internalTransactionAdvisor,transactionInterceptor,transactionAttributeSource,org.springframework.transaction.config.internalTransactionalEventListenerFactory,org.springframework.boot.autoconfigure.transaction.TransactionAutoConfiguration$EnableTransactionManagementConfiguration$CglibAutoProxyConfiguration,org.springframework.boot.autoconfigure.transaction.TransactionAutoConfiguration$EnableTransactionManagementConfiguration,org.springframework.boot.autoconfigure.transaction.TransactionAutoConfiguration$TransactionTemplateConfiguration,transactionTemplate,org.springframework.boot.autoconfigure.transaction.TransactionAutoConfiguration,org.springframework.boot.autoconfigure.web.client.RestClientAutoConfiguration,httpMessageConvertersRestClientCustomizer,restClientSsl,restClientBuilderConfigurer,restClientBuilder,org.springframework.boot.autoconfigure.web.client.RestTemplateAutoConfiguration,restTemplateBuilderConfigurer,restTemplateBuilder,org.springframework.boot.autoconfigure.web.embedded.EmbeddedWebServerFactoryCustomizerAutoConfiguration$TomcatWebServerFactoryCustomizerConfiguration,tomcatWebServerFactoryCustomizer,org.springframework.boot.autoconfigure.web.embedded.EmbeddedWebServerFactoryCustomizerAutoConfiguration,org.springframework.boot.autoconfigure.web.servlet.HttpEncodingAutoConfiguration,characterEncodingFilter,localeCharsetMappingsCustomizer,org.springframework.boot.autoconfigure.web.servlet.MultipartAutoConfiguration,multipartConfigElement,multipartResolver,spring.servlet.multipart-org.springframework.boot.autoconfigure.web.servlet.MultipartProperties,org.springframework.boot.devtools.autoconfigure.DevToolsDataSourceAutoConfiguration$DatabaseShutdownExecutorEntityManagerFactoryDependsOnPostProcessor,org.springframework.boot.devtools.autoconfigure.DevToolsDataSourceAutoConfiguration,inMemoryDatabaseShutdownExecutor,org.springframework.boot.devtools.autoconfigure.LocalDevToolsAutoConfiguration$RestartConfiguration,restartingClassPathChangedEventListener,classPathFileSystemWatcher,classPathRestartStrategy,fileSystemWatcherFactory,conditionEvaluationDeltaLoggingListener,org.springframework.boot.devtools.autoconfigure.LocalDevToolsAutoConfiguration$LiveReloadConfiguration,liveReloadServer,optionalLiveReloadServer,liveReloadServerEventListener,org.springframework.boot.devtools.autoconfigure.LocalDevToolsAutoConfiguration,spring.devtools-org.springframework.boot.devtools.autoconfigure.DevToolsProperties,mvcHandlerMappingIntrospectorRequestTransformer,springSecurityFilterChain,jpaSharedEM_AWC_entityManagerFactory]; root of factory hierarchy
2025-11-28 16:42:30 [restartedMain] TRACE o.s.b.f.s.DefaultListableBeanFactory - Returning cached instance of singleton bean 'org.springframework.boot.autoconfigure.AutoConfigurationPackages'
2025-11-28 16:42:30 [restartedMain] TRACE o.s.b.f.s.DefaultListableBeanFactory - Returning cached instance of singleton bean 'org.springframework.boot.autoconfigure.AutoConfigurationPackages'
2025-11-28 16:42:30 [restartedMain] TRACE o.s.b.f.s.DefaultListableBeanFactory - Returning cached instance of singleton bean 'org.springframework.transaction.config.internalTransactionAdvisor'
2025-11-28 16:42:30 [restartedMain] TRACE o.s.b.f.s.DefaultListableBeanFactory - Returning cached instance of singleton bean 'org.springframework.transaction.config.internalTransactionAdvisor'
2025-11-28 16:42:30 [restartedMain] TRACE o.s.b.f.s.DefaultListableBeanFactory - Finished creating instance of bean 'persistenceManagedTypes'
2025-11-28 16:42:30 [restartedMain] DEBUG o.s.b.f.s.DefaultListableBeanFactory - Autowiring by type from bean name 'entityManagerFactory' via factory method to bean named 'entityManagerFactoryBuilder'
2025-11-28 16:42:30 [restartedMain] DEBUG o.s.b.f.s.DefaultListableBeanFactory - Autowiring by type from bean name 'entityManagerFactory' via factory method to bean named 'persistenceManagedTypes'
2025-11-28 16:42:30 [restartedMain] TRACE o.s.b.f.s.DefaultListableBeanFactory - Invoking afterPropertiesSet() on bean with name 'entityManagerFactory'
2025-11-28 16:42:30 [restartedMain] INFO  o.h.jpa.internal.util.LogHelper - HHH000204: Processing PersistenceUnitInfo [name: default]
2025-11-28 16:42:30 [restartedMain] INFO  org.hibernate.Version - HHH000412: Hibernate ORM core version 6.6.5.Final
2025-11-28 16:42:30 [restartedMain] INFO  o.h.c.i.RegionFactoryInitiator - HHH000026: Second-level cache disabled
2025-11-28 16:42:30 [restartedMain] INFO  o.s.o.j.p.SpringPersistenceUnitInfo - No LoadTimeWeaver setup: ignoring JPA class transformer
2025-11-28 16:42:30 [restartedMain] INFO  com.zaxxer.hikari.HikariDataSource - HikariPool-1 - Starting...
2025-11-28 16:42:30 [restartedMain] INFO  com.zaxxer.hikari.pool.HikariPool - HikariPool-1 - Added connection org.postgresql.jdbc.PgConnection@7d0c6ac1
2025-11-28 16:42:30 [restartedMain] INFO  com.zaxxer.hikari.HikariDataSource - HikariPool-1 - Start completed.
2025-11-28 16:42:30 [restartedMain] WARN  org.hibernate.orm.deprecation - HHH90000025: PostgreSQLDialect does not need to be specified explicitly using 'hibernate.dialect' (remove the property setting and it will be selected by default)
2025-11-28 16:42:30 [restartedMain] INFO  o.hibernate.orm.connections.pooling - HHH10001005: Database info:
	Database JDBC URL [Connecting through datasource 'HikariDataSource (HikariPool-1)']
	Database driver: undefined/unknown
	Database version: 14.19
	Autocommit mode: undefined/unknown
	Isolation level: undefined/unknown
	Minimum pool size: undefined/unknown
	Maximum pool size: undefined/unknown
2025-11-28 16:42:32 [restartedMain] INFO  o.h.e.t.j.p.i.JtaPlatformInitiator - HHH000489: No JTA platform available (set 'hibernate.transaction.jta.platform' to enable JTA platform integration)
2025-11-28 16:42:32 [restartedMain] INFO  o.s.o.j.LocalContainerEntityManagerFactoryBean - Initialized JPA EntityManagerFactory for persistence unit 'default'
2025-11-28 16:42:32 [restartedMain] TRACE o.s.b.f.s.DefaultListableBeanFactory - Returning cached instance of singleton bean 'org.springframework.transaction.config.internalTransactionAdvisor'
2025-11-28 16:42:32 [restartedMain] TRACE o.s.b.f.s.DefaultListableBeanFactory - Returning cached instance of singleton bean 'org.springframework.transaction.config.internalTransactionAdvisor'
2025-11-28 16:42:32 [restartedMain] TRACE o.s.b.f.s.DefaultListableBeanFactory - Finished creating instance of bean 'entityManagerFactory'
2025-11-28 16:42:32 [restartedMain] TRACE o.s.b.f.s.DefaultListableBeanFactory - Returning cached instance of singleton bean 'org.springframework.transaction.config.internalTransactionAdvisor'
2025-11-28 16:42:32 [restartedMain] TRACE o.s.b.f.s.DefaultListableBeanFactory - Returning cached instance of singleton bean 'org.springframework.transaction.config.internalTransactionAdvisor'
2025-11-28 16:42:32 [restartedMain] TRACE o.s.b.f.s.DefaultListableBeanFactory - Ignoring factory method [public static jakarta.persistence.EntityManager org.springframework.orm.jpa.SharedEntityManagerCreator.createSharedEntityManager(jakarta.persistence.EntityManagerFactory,java.util.Map,boolean,java.lang.Class[])] of bean 'jpaSharedEM_entityManagerFactory': org.springframework.beans.factory.UnsatisfiedDependencyException: Error creating bean with name 'jpaSharedEM_entityManagerFactory': Unsatisfied dependency expressed through method 'createSharedEntityManager' parameter 1: Ambiguous argument values for parameter of type [java.util.Map] - did you specify the correct bean references as arguments?
2025-11-28 16:42:32 [restartedMain] TRACE o.s.b.f.s.DefaultListableBeanFactory - Ignoring factory method [public static jakarta.persistence.EntityManager org.springframework.orm.jpa.SharedEntityManagerCreator.createSharedEntityManager(jakarta.persistence.EntityManagerFactory,java.util.Map,java.lang.Class[])] of bean 'jpaSharedEM_entityManagerFactory': org.springframework.beans.factory.UnsatisfiedDependencyException: Error creating bean with name 'jpaSharedEM_entityManagerFactory': Unsatisfied dependency expressed through method 'createSharedEntityManager' parameter 1: Ambiguous argument values for parameter of type [java.util.Map] - did you specify the correct bean references as arguments?
2025-11-28 16:42:32 [restartedMain] TRACE o.s.b.f.s.DefaultListableBeanFactory - Ignoring factory method [public static jakarta.persistence.EntityManager org.springframework.orm.jpa.SharedEntityManagerCreator.createSharedEntityManager(jakarta.persistence.EntityManagerFactory,java.util.Map,boolean)] of bean 'jpaSharedEM_entityManagerFactory': org.springframework.beans.factory.UnsatisfiedDependencyException: Error creating bean with name 'jpaSharedEM_entityManagerFactory': Unsatisfied dependency expressed through method 'createSharedEntityManager' parameter 1: Ambiguous argument values for parameter of type [java.util.Map] - did you specify the correct bean references as arguments?
2025-11-28 16:42:32 [restartedMain] TRACE o.s.b.f.s.DefaultListableBeanFactory - Ignoring factory method [public static jakarta.persistence.EntityManager org.springframework.orm.jpa.SharedEntityManagerCreator.createSharedEntityManager(jakarta.persistence.EntityManagerFactory,java.util.Map)] of bean 'jpaSharedEM_entityManagerFactory': org.springframework.beans.factory.UnsatisfiedDependencyException: Error creating bean with name 'jpaSharedEM_entityManagerFactory': Unsatisfied dependency expressed through method 'createSharedEntityManager' parameter 1: Ambiguous argument values for parameter of type [java.util.Map] - did you specify the correct bean references as arguments?
2025-11-28 16:42:32 [restartedMain] TRACE o.s.b.f.s.DefaultListableBeanFactory - Returning cached instance of singleton bean 'org.springframework.transaction.config.internalTransactionAdvisor'
2025-11-28 16:42:32 [restartedMain] TRACE o.s.b.f.s.DefaultListableBeanFactory - Returning cached instance of singleton bean 'org.springframework.transaction.config.internalTransactionAdvisor'
2025-11-28 16:42:32 [restartedMain] TRACE o.s.b.f.s.DefaultListableBeanFactory - Finished creating instance of bean 'jpaSharedEM_entityManagerFactory'
2025-11-28 16:42:32 [restartedMain] DEBUG o.s.b.f.s.DefaultListableBeanFactory - Creating shared instance of singleton bean 'jpaMappingContext'
2025-11-28 16:42:32 [restartedMain] TRACE o.s.b.f.s.DefaultListableBeanFactory - Creating instance of bean 'jpaMappingContext'
2025-11-28 16:42:32 [restartedMain] TRACE o.s.b.f.s.DefaultListableBeanFactory - Returning cached instance of singleton bean 'org.springframework.transaction.config.internalTransactionAdvisor'
2025-11-28 16:42:32 [restartedMain] TRACE o.s.b.f.s.DefaultListableBeanFactory - Invoking afterPropertiesSet() on bean with name 'jpaMappingContext'
2025-11-28 16:42:32 [restartedMain] TRACE o.s.b.f.s.DefaultListableBeanFactory - Returning cached instance of singleton bean 'entityManagerFactory'
2025-11-28 16:42:32 [restartedMain] TRACE o.s.b.f.s.DefaultListableBeanFactory - Returning cached instance of singleton bean 'org.springframework.transaction.config.internalTransactionAdvisor'
2025-11-28 16:42:32 [restartedMain] TRACE o.s.b.f.s.DefaultListableBeanFactory - Returning cached instance of singleton bean 'org.springframework.transaction.config.internalTransactionAdvisor'
2025-11-28 16:42:32 [restartedMain] TRACE o.s.b.f.s.DefaultListableBeanFactory - Finished creating instance of bean 'jpaMappingContext'
2025-11-28 16:42:32 [restartedMain] TRACE o.s.b.f.s.DefaultListableBeanFactory - Returning cached instance of singleton bean 'org.springframework.transaction.config.internalTransactionAdvisor'
2025-11-28 16:42:32 [restartedMain] TRACE o.s.b.f.s.DefaultListableBeanFactory - Returning cached instance of singleton bean 'org.springframework.transaction.config.internalTransactionAdvisor'
2025-11-28 16:42:32 [restartedMain] TRACE o.s.b.f.s.DefaultListableBeanFactory - Invoking afterPropertiesSet() on bean with name 'userRepository'
2025-11-28 16:42:32 [restartedMain] TRACE o.s.b.f.s.DefaultListableBeanFactory - Returning cached instance of singleton bean 'applicationStartup'
2025-11-28 16:42:32 [restartedMain] TRACE o.s.b.f.s.DefaultListableBeanFactory - Returning cached instance of singleton bean 'org.springframework.transaction.config.internalTransactionAdvisor'
2025-11-28 16:42:32 [restartedMain] TRACE o.s.b.f.s.DefaultListableBeanFactory - Returning cached instance of singleton bean 'org.springframework.transaction.config.internalTransactionAdvisor'
2025-11-28 16:42:32 [restartedMain] TRACE o.s.b.f.s.DefaultListableBeanFactory - Finished creating instance of bean 'userRepository'
2025-11-28 16:42:32 [restartedMain] TRACE o.s.b.f.s.DefaultListableBeanFactory - Returning cached instance of singleton bean 'org.springframework.transaction.config.internalTransactionAdvisor'
2025-11-28 16:42:32 [restartedMain] TRACE o.s.b.f.s.DefaultListableBeanFactory - Returning cached instance of singleton bean 'org.springframework.transaction.config.internalTransactionAdvisor'
2025-11-28 16:42:32 [restartedMain] TRACE o.s.b.f.a.AutowiredAnnotationBeanPostProcessor - Autowiring by type from bean name 'customUserDetailsService' to bean named 'userRepository'
2025-11-28 16:42:32 [restartedMain] TRACE o.s.b.f.s.DefaultListableBeanFactory - Returning cached instance of singleton bean 'org.springframework.transaction.config.internalTransactionAdvisor'
2025-11-28 16:42:32 [restartedMain] TRACE o.s.b.f.s.DefaultListableBeanFactory - Returning cached instance of singleton bean 'org.springframework.transaction.config.internalTransactionAdvisor'
2025-11-28 16:42:32 [restartedMain] TRACE o.s.b.f.s.DefaultListableBeanFactory - Finished creating instance of bean 'customUserDetailsService'
2025-11-28 16:42:32 [restartedMain] TRACE o.s.b.f.a.AutowiredAnnotationBeanPostProcessor - Autowiring by type from bean name 'jwtFilter' to bean named 'customUserDetailsService'
2025-11-28 16:42:32 [restartedMain] TRACE o.s.b.f.s.DefaultListableBeanFactory - Invoking afterPropertiesSet() on bean with name 'jwtFilter'
2025-11-28 16:42:32 [restartedMain] TRACE o.s.b.f.s.DefaultListableBeanFactory - Returning cached instance of singleton bean 'org.springframework.transaction.config.internalTransactionAdvisor'
2025-11-28 16:42:32 [restartedMain] TRACE o.s.b.f.s.DefaultListableBeanFactory - Returning cached instance of singleton bean 'org.springframework.transaction.config.internalTransactionAdvisor'
2025-11-28 16:42:32 [restartedMain] TRACE o.s.b.f.s.DefaultListableBeanFactory - Finished creating instance of bean 'jwtFilter'
2025-11-28 16:42:32 [restartedMain] DEBUG o.s.b.f.s.DefaultListableBeanFactory - Creating shared instance of singleton bean 'requestContextFilter'
2025-11-28 16:42:32 [restartedMain] TRACE o.s.b.f.s.DefaultListableBeanFactory - Creating instance of bean 'requestContextFilter'
2025-11-28 16:42:32 [restartedMain] TRACE o.s.b.f.s.DefaultListableBeanFactory - Returning cached instance of singleton bean 'org.springframework.transaction.config.internalTransactionAdvisor'
2025-11-28 16:42:32 [restartedMain] TRACE o.s.b.f.s.DefaultListableBeanFactory - Invoking afterPropertiesSet() on bean with name 'requestContextFilter'
2025-11-28 16:42:32 [restartedMain] TRACE o.s.b.f.s.DefaultListableBeanFactory - Returning cached instance of singleton bean 'org.springframework.transaction.config.internalTransactionAdvisor'
2025-11-28 16:42:32 [restartedMain] TRACE o.s.b.f.s.DefaultListableBeanFactory - Returning cached instance of singleton bean 'org.springframework.transaction.config.internalTransactionAdvisor'
2025-11-28 16:42:32 [restartedMain] TRACE o.s.b.f.s.DefaultListableBeanFactory - Finished creating instance of bean 'requestContextFilter'
2025-11-28 16:42:32 [restartedMain] DEBUG o.s.b.f.s.DefaultListableBeanFactory - Creating shared instance of singleton bean 'formContentFilter'
2025-11-28 16:42:32 [restartedMain] TRACE o.s.b.f.s.DefaultListableBeanFactory - Creating instance of bean 'formContentFilter'
2025-11-28 16:42:32 [restartedMain] TRACE o.s.b.f.s.DefaultListableBeanFactory - Returning cached instance of singleton bean 'org.springframework.transaction.config.internalTransactionAdvisor'
2025-11-28 16:42:32 [restartedMain] DEBUG o.s.b.f.s.DefaultListableBeanFactory - Creating shared instance of singleton bean 'org.springframework.boot.autoconfigure.web.servlet.WebMvcAutoConfiguration'
2025-11-28 16:42:32 [restartedMain] TRACE o.s.b.f.s.DefaultListableBeanFactory - Creating instance of bean 'org.springframework.boot.autoconfigure.web.servlet.WebMvcAutoConfiguration'
2025-11-28 16:42:32 [restartedMain] TRACE o.s.b.f.s.DefaultListableBeanFactory - Returning cached instance of singleton bean 'org.springframework.transaction.config.internalTransactionAdvisor'
2025-11-28 16:42:32 [restartedMain] TRACE o.s.b.f.s.DefaultListableBeanFactory - Returning cached instance of singleton bean 'org.springframework.transaction.config.internalTransactionAdvisor'
2025-11-28 16:42:32 [restartedMain] TRACE o.s.b.f.s.DefaultListableBeanFactory - Returning cached instance of singleton bean 'org.springframework.transaction.config.internalTransactionAdvisor'
2025-11-28 16:42:32 [restartedMain] TRACE o.s.b.f.s.DefaultListableBeanFactory - Finished creating instance of bean 'org.springframework.boot.autoconfigure.web.servlet.WebMvcAutoConfiguration'
2025-11-28 16:42:32 [restartedMain] TRACE o.s.b.f.s.DefaultListableBeanFactory - Invoking afterPropertiesSet() on bean with name 'formContentFilter'
2025-11-28 16:42:32 [restartedMain] TRACE o.s.b.f.s.DefaultListableBeanFactory - Returning cached instance of singleton bean 'org.springframework.transaction.config.internalTransactionAdvisor'
2025-11-28 16:42:32 [restartedMain] TRACE o.s.b.f.s.DefaultListableBeanFactory - Returning cached instance of singleton bean 'org.springframework.transaction.config.internalTransactionAdvisor'
2025-11-28 16:42:32 [restartedMain] TRACE o.s.b.f.s.DefaultListableBeanFactory - Finished creating instance of bean 'formContentFilter'
2025-11-28 16:42:32 [restartedMain] DEBUG o.s.b.f.s.DefaultListableBeanFactory - Creating shared instance of singleton bean 'characterEncodingFilter'
2025-11-28 16:42:32 [restartedMain] TRACE o.s.b.f.s.DefaultListableBeanFactory - Creating instance of bean 'characterEncodingFilter'
2025-11-28 16:42:32 [restartedMain] TRACE o.s.b.f.s.DefaultListableBeanFactory - Returning cached instance of singleton bean 'org.springframework.transaction.config.internalTransactionAdvisor'
2025-11-28 16:42:32 [restartedMain] TRACE o.s.b.f.s.DefaultListableBeanFactory - Returning cached instance of singleton bean 'org.springframework.boot.autoconfigure.web.servlet.HttpEncodingAutoConfiguration'
2025-11-28 16:42:32 [restartedMain] TRACE o.s.b.f.s.DefaultListableBeanFactory - Invoking afterPropertiesSet() on bean with name 'characterEncodingFilter'
2025-11-28 16:42:32 [restartedMain] TRACE o.s.b.f.s.DefaultListableBeanFactory - Returning cached instance of singleton bean 'org.springframework.transaction.config.internalTransactionAdvisor'
2025-11-28 16:42:32 [restartedMain] TRACE o.s.b.f.s.DefaultListableBeanFactory - Returning cached instance of singleton bean 'org.springframework.transaction.config.internalTransactionAdvisor'
2025-11-28 16:42:32 [restartedMain] TRACE o.s.b.f.s.DefaultListableBeanFactory - Finished creating instance of bean 'characterEncodingFilter'
2025-11-28 16:42:32 [restartedMain] TRACE o.s.b.f.s.DefaultListableBeanFactory - Returning cached instance of singleton bean 'entityManagerFactory'
2025-11-28 16:42:32 [restartedMain] TRACE o.s.b.f.s.DefaultListableBeanFactory - Pre-instantiating singletons in org.springframework.beans.factory.support.DefaultListableBeanFactory@79128d90: defining beans [org.springframework.context.annotation.internalConfigurationAnnotationProcessor,org.springframework.context.annotation.internalAutowiredAnnotationProcessor,org.springframework.context.annotation.internalCommonAnnotationProcessor,org.springframework.context.annotation.internalPersistenceAnnotationProcessor,org.springframework.context.event.internalEventListenerProcessor,org.springframework.context.event.internalEventListenerFactory,movieRecommendationSystemApplication,org.springframework.boot.autoconfigure.internalCachingMetadataReaderFactory,customUserDetailsService,jwtFilter,jwtUtil,openApiConfig,securityConfig,authController,genreController,movieController,ratingController,userController,globalExceptionHandler,emailService,genreServiceImple,movieServiceImple,ratingServiceImple,recommendationServiceImple,userServiceImple,customOpenAPI,org.springframework.security.config.annotation.configuration.ObjectPostProcessorConfiguration,objectPostProcessor,org.springframework.security.config.annotation.authentication.configuration.AuthenticationConfiguration,authenticationManagerBuilder,enableGlobalAuthenticationAutowiredConfigurer,initializeUserDetailsBeanManagerConfigurer,initializeAuthenticationProviderBeanManagerConfigurer,org.springframework.security.config.annotation.web.configuration.WebSecurityConfiguration,delegatingApplicationListener,webSecurityExpressionHandler,privilegeEvaluator,conversionServicePostProcessor,org.springframework.security.config.annotation.web.configuration.WebMvcSecurityConfiguration,requestDataValueProcessor,springSecurityHandlerMappingIntrospectorBeanDefinitionRegistryPostProcessor,org.springframework.security.config.annotation.web.configuration.HttpSecurityConfiguration,org.springframework.security.config.annotation.web.configuration.HttpSecurityConfiguration.httpSecurity,org.springframework.security.config.annotation.web.configuration.ObservationConfiguration,webAuthorizationManagerPostProcessor,authenticationManagerPostProcessor,filterChainDecoratorPostProcessor,filterChain,authProvider,passwordEncoder,authenticationManager,org.springframework.boot.autoconfigure.AutoConfigurationPackages,org.springframework.boot.autoconfigure.context.PropertyPlaceholderAutoConfiguration,propertySourcesPlaceholderConfigurer,org.springframework.boot.autoconfigure.ssl.SslAutoConfiguration,fileWatcher,sslPropertiesSslBundleRegistrar,sslBundleRegistry,org.springframework.boot.context.properties.ConfigurationPropertiesBindingPostProcessor,org.springframework.boot.context.internalConfigurationPropertiesBinder,org.springframework.boot.context.properties.BoundConfigurationProperties,org.springframework.boot.context.properties.EnableConfigurationPropertiesRegistrar.methodValidationExcludeFilter,spring.ssl-org.springframework.boot.autoconfigure.ssl.SslProperties,org.springframework.boot.autoconfigure.websocket.servlet.WebSocketServletAutoConfiguration$TomcatWebSocketConfiguration,websocketServletWebServerCustomizer,org.springframework.boot.autoconfigure.websocket.servlet.WebSocketServletAutoConfiguration,org.springframework.boot.autoconfigure.web.servlet.ServletWebServerFactoryConfiguration$EmbeddedTomcat,tomcatServletWebServerFactory,org.springframework.boot.autoconfigure.web.servlet.ServletWebServerFactoryAutoConfiguration,servletWebServerFactoryCustomizer,tomcatServletWebServerFactoryCustomizer,server-org.springframework.boot.autoconfigure.web.ServerProperties,webServerFactoryCustomizerBeanPostProcessor,errorPageRegistrarBeanPostProcessor,org.springframework.boot.autoconfigure.web.servlet.DispatcherServletAutoConfiguration$DispatcherServletConfiguration,dispatcherServlet,spring.mvc-org.springframework.boot.autoconfigure.web.servlet.WebMvcProperties,org.springframework.boot.autoconfigure.web.servlet.DispatcherServletAutoConfiguration$DispatcherServletRegistrationConfiguration,dispatcherServletRegistration,org.springframework.boot.autoconfigure.web.servlet.DispatcherServletAutoConfiguration,org.springframework.boot.autoconfigure.task.TaskExecutorConfigurations$ThreadPoolTaskExecutorBuilderConfiguration,threadPoolTaskExecutorBuilder,org.springframework.boot.autoconfigure.task.TaskExecutorConfigurations$SimpleAsyncTaskExecutorBuilderConfiguration,simpleAsyncTaskExecutorBuilder,org.springframework.boot.autoconfigure.task.TaskExecutorConfigurations$TaskExecutorConfiguration,applicationTaskExecutor,org.springframework.boot.autoconfigure.task.TaskExecutionAutoConfiguration,spring.task.execution-org.springframework.boot.autoconfigure.task.TaskExecutionProperties,org.springframework.boot.autoconfigure.validation.ValidationAutoConfiguration,defaultValidator,methodValidationPostProcessor,org.springframework.boot.autoconfigure.web.servlet.error.ErrorMvcAutoConfiguration$WhitelabelErrorViewConfiguration,error,beanNameViewResolver,org.springframework.boot.autoconfigure.web.servlet.error.ErrorMvcAutoConfiguration$DefaultErrorViewResolverConfiguration,conventionErrorViewResolver,spring.web-org.springframework.boot.autoconfigure.web.WebProperties,org.springframework.boot.autoconfigure.web.servlet.error.ErrorMvcAutoConfiguration,errorAttributes,basicErrorController,errorPageCustomizer,preserveErrorControllerTargetClassPostProcessor,org.springframework.boot.autoconfigure.web.servlet.WebMvcAutoConfiguration$EnableWebMvcConfiguration,welcomePageHandlerMapping,welcomePageNotAcceptableHandlerMapping,localeResolver,themeResolver,flashMapManager,viewNameTranslator,mvcConversionService,mvcValidator,mvcContentNegotiationManager,requestMappingHandlerMapping,mvcPatternParser,mvcUrlPathHelper,mvcPathMatcher,viewControllerHandlerMapping,beanNameHandlerMapping,routerFunctionMapping,resourceHandlerMapping,mvcResourceUrlProvider,defaultServletHandlerMapping,requestMappingHandlerAdapter,handlerFunctionAdapter,mvcUriComponentsContributor,httpRequestHandlerAdapter,simpleControllerHandlerAdapter,handlerExceptionResolver,mvcViewResolver,mvcHandlerMappingIntrospector,org.springframework.boot.autoconfigure.web.servlet.WebMvcAutoConfiguration$WebMvcAutoConfigurationAdapter,defaultViewResolver,viewResolver,requestContextFilter,org.springframework.boot.autoconfigure.web.servlet.WebMvcAutoConfiguration$ResourceChainCustomizerConfiguration,resourceHandlerRegistrationCustomizer,org.springframework.boot.autoconfigure.web.servlet.WebMvcAutoConfiguration,formContentFilter,org.springdoc.core.configuration.SpringDocConfiguration$QuerydslProvider,queryDslQuerydslPredicateOperationCustomizer,org.springdoc.core.configuration.SpringDocConfiguration$OpenApiResourceAdvice,org.springdoc.core.configuration.SpringDocConfiguration$SpringDocSpringDataWebPropertiesProvider,springDataWebPropertiesProvider,org.springdoc.core.configuration.SpringDocConfiguration$WebConversionServiceConfiguration,webConversionServiceProvider,org.springdoc.core.configuration.SpringDocConfiguration,localSpringDocParameterNameDiscoverer,additionalModelsConverter,fileSupportConverter,responseSupportConverter,schemaPropertyDeprecatingConverter,polymorphicModelConverter,openAPIBuilder,modelConverterRegistrar,operationBuilder,propertyResolverUtils,requestBodyBuilder,securityParser,parameterBuilder,springDocProviders,springdocObjectMapperProvider,springDocCustomizers,parameterObjectNamingStrategyCustomizer,globalOpenApiCustomizer,org.springdoc.core.configuration.SpringDocPageableConfiguration,pageableOpenAPIConverter,pageOpenAPIConverter,dataRestDelegatingMethodParameterCustomizer,org.springdoc.core.configuration.SpringDocSecurityConfiguration$SpringSecurityLoginEndpointConfiguration,org.springdoc.core.configuration.SpringDocSecurityConfiguration,org.springdoc.core.configuration.SpringDocSortConfiguration,sortOpenAPIConverter,org.springdoc.core.configuration.SpringDocUIConfiguration,org.springdoc.core.properties.SpringDocConfigProperties,org.springdoc.core.properties.SwaggerUiConfigProperties,org.springdoc.core.properties.SwaggerUiOAuthProperties,org.springdoc.webmvc.core.configuration.SpringDocWebMvcConfiguration$SpringDocWebMvcRouterConfiguration,routerFunctionProvider,org.springdoc.webmvc.core.configuration.SpringDocWebMvcConfiguration,openApiResource,requestBuilder,springWebProvider,responseBuilder,org.springdoc.webmvc.ui.SwaggerConfig,swaggerWelcome,swaggerConfigResource,indexPageTransformer,swaggerWebMvcConfigurer,swaggerResourceResolver,org.springframework.boot.autoconfigure.jmx.JmxAutoConfiguration,mbeanExporter,objectNamingStrategy,mbeanServer,spring.jmx-org.springframework.boot.autoconfigure.jmx.JmxProperties,org.springframework.boot.autoconfigure.admin.SpringApplicationAdminJmxAutoConfiguration,springApplicationAdminRegistrar,org.springframework.boot.autoconfigure.aop.AopAutoConfiguration$AspectJAutoProxyingConfiguration$CglibAutoProxyConfiguration,org.springframework.aop.config.internalAutoProxyCreator,org.springframework.boot.autoconfigure.aop.AopAutoConfiguration$AspectJAutoProxyingConfiguration,org.springframework.boot.autoconfigure.aop.AopAutoConfiguration,org.springframework.boot.autoconfigure.availability.ApplicationAvailabilityAutoConfiguration,applicationAvailability,org.springframework.boot.autoconfigure.transaction.jta.JtaAutoConfiguration,org.springframework.boot.autoconfigure.jdbc.DataSourceConfiguration$Hikari,jdbcConnectionDetailsHikariBeanPostProcessor,dataSource,org.springframework.boot.autoconfigure.jdbc.DataSourceJmxConfiguration$Hikari,org.springframework.boot.autoconfigure.jdbc.DataSourceJmxConfiguration,org.springframework.boot.autoconfigure.jdbc.DataSourceAutoConfiguration$PooledDataSourceConfiguration,jdbcConnectionDetails,org.springframework.boot.autoconfigure.jdbc.metadata.DataSourcePoolMetadataProvidersConfiguration$HikariPoolDataSourceMetadataProviderConfiguration,hikariPoolDataSourceMetadataProvider,org.springframework.boot.autoconfigure.jdbc.metadata.DataSourcePoolMetadataProvidersConfiguration,org.springframework.boot.autoconfigure.jdbc.DataSourceAutoConfiguration,spring.datasource-org.springframework.boot.autoconfigure.jdbc.DataSourceProperties,org.springframework.boot.autoconfigure.transaction.TransactionManagerCustomizationAutoConfiguration,platformTransactionManagerCustomizers,transactionExecutionListeners,spring.transaction-org.springframework.boot.autoconfigure.transaction.TransactionProperties,org.springframework.boot.autoconfigure.orm.jpa.JpaBaseConfiguration$JpaWebConfiguration,openEntityManagerInViewInterceptor,openEntityManagerInViewInterceptorConfigurer,org.springframework.boot.autoconfigure.orm.jpa.JpaBaseConfiguration$PersistenceManagedTypesConfiguration,persistenceManagedTypes,org.springframework.boot.autoconfigure.orm.jpa.HibernateJpaConfiguration,transactionManager,jpaVendorAdapter,entityManagerFactoryBuilder,entityManagerFactory,spring.jpa.hibernate-org.springframework.boot.autoconfigure.orm.jpa.HibernateProperties,spring.jpa-org.springframework.boot.autoconfigure.orm.jpa.JpaProperties,org.springframework.boot.autoconfigure.orm.jpa.HibernateJpaAutoConfiguration,org.springframework.boot.autoconfigure.jackson.JacksonAutoConfiguration$Jackson2ObjectMapperBuilderCustomizerConfiguration,standardJacksonObjectMapperBuilderCustomizer,spring.jackson-org.springframework.boot.autoconfigure.jackson.JacksonProperties,org.springframework.boot.autoconfigure.jackson.JacksonAutoConfiguration$JacksonObjectMapperBuilderConfiguration,jacksonObjectMapperBuilder,org.springframework.boot.autoconfigure.jackson.JacksonAutoConfiguration$ParameterNamesModuleConfiguration,parameterNamesModule,org.springframework.boot.autoconfigure.jackson.JacksonAutoConfiguration$JacksonObjectMapperConfiguration,jacksonObjectMapper,org.springframework.boot.autoconfigure.jackson.JacksonAutoConfiguration$JacksonMixinConfiguration,jsonMixinModuleEntries,jsonMixinModule,org.springframework.boot.autoconfigure.jackson.JacksonAutoConfiguration,jsonComponentModule,org.springframework.boot.autoconfigure.context.ConfigurationPropertiesAutoConfiguration,org.springframework.boot.autoconfigure.context.LifecycleAutoConfiguration,lifecycleProcessor,spring.lifecycle-org.springframework.boot.autoconfigure.context.LifecycleProperties,org.springframework.boot.autoconfigure.dao.PersistenceExceptionTranslationAutoConfiguration,persistenceExceptionTranslationPostProcessor,org.springframework.boot.autoconfigure.data.jpa.JpaRepositoriesAutoConfiguration,jpaSharedEM_entityManagerFactory,emBeanDefinitionRegistrarPostProcessor,jpaMappingContext,jpaContext,org.springframework.data.jpa.util.JpaMetamodelCacheCleanup,org.springframework.data.jpa.repository.support.JpaEvaluationContextExtension,jpa.named-queries#0,jpa.GenreRepository.fragments#0,genreRepository,jpa.named-queries#1,jpa.RatingRepository.fragments#0,ratingRepository,jpa.named-queries#2,jpa.UserRepository.fragments#0,userRepository,jpa.named-queries#3,jpa.MovieRepository.fragments#0,movieRepository,data-jpa.repository-aot-processor#0,org.springframework.boot.autoconfigure.http.HttpMessageConvertersAutoConfiguration$StringHttpMessageConverterConfiguration,stringHttpMessageConverter,org.springframework.boot.autoconfigure.http.JacksonHttpMessageConvertersConfiguration$MappingJackson2XmlHttpMessageConverterConfiguration,mappingJackson2XmlHttpMessageConverter,org.springframework.boot.autoconfigure.http.JacksonHttpMessageConvertersConfiguration$MappingJackson2HttpMessageConverterConfiguration,mappingJackson2HttpMessageConverter,org.springframework.boot.autoconfigure.http.JacksonHttpMessageConvertersConfiguration,org.springframework.boot.autoconfigure.http.HttpMessageConvertersAutoConfiguration,messageConverters,org.springframework.data.web.config.ProjectingArgumentResolverRegistrar,projectingArgumentResolverBeanPostProcessor,org.springframework.data.web.config.SpringDataWebConfiguration,pageableResolver,sortResolver,offsetResolver,org.springframework.data.web.config.SpringDataJacksonConfiguration,jacksonGeoModule,pageModule,org.springframework.boot.autoconfigure.data.web.SpringDataWebAutoConfiguration,pageableCustomizer,sortCustomizer,springDataWebSettings,spring.data.web-org.springframework.boot.autoconfigure.data.web.SpringDataWebProperties,org.springframework.boot.autoconfigure.h2.H2ConsoleAutoConfiguration,h2Console,h2ConsoleLogger,spring.h2.console-org.springframework.boot.autoconfigure.h2.H2ConsoleProperties,org.springframework.boot.autoconfigure.http.client.HttpClientAutoConfiguration,clientHttpRequestFactoryBuilder,clientHttpRequestFactorySettings,spring.http.client-org.springframework.boot.autoconfigure.http.client.HttpClientProperties,org.springframework.boot.autoconfigure.info.ProjectInfoAutoConfiguration,spring.info-org.springframework.boot.autoconfigure.info.ProjectInfoProperties,org.springframework.boot.autoconfigure.jdbc.JdbcTemplateConfiguration,jdbcTemplate,org.springframework.boot.autoconfigure.jdbc.NamedParameterJdbcTemplateConfiguration,namedParameterJdbcTemplate,org.springframework.boot.autoconfigure.jdbc.JdbcTemplateAutoConfiguration,spring.jdbc-org.springframework.boot.autoconfigure.jdbc.JdbcProperties,org.springframework.boot.sql.init.dependency.DatabaseInitializationDependencyConfigurer$DependsOnDatabaseInitializationPostProcessor,org.springframework.boot.autoconfigure.jdbc.JdbcClientAutoConfiguration,jdbcClient,org.springframework.boot.autoconfigure.mail.MailSenderPropertiesConfiguration,mailSender,org.springframework.boot.autoconfigure.mail.MailSenderAutoConfiguration,spring.mail-org.springframework.boot.autoconfigure.mail.MailProperties,org.springframework.boot.autoconfigure.security.servlet.SpringBootWebSecurityConfiguration,org.springframework.boot.autoconfigure.security.servlet.SecurityAutoConfiguration,authenticationEventPublisher,spring.security-org.springframework.boot.autoconfigure.security.SecurityProperties,org.springframework.boot.autoconfigure.security.servlet.SecurityFilterAutoConfiguration,securityFilterChainRegistration,org.springframework.boot.autoconfigure.sql.init.DataSourceInitializationConfiguration,dataSourceScriptDatabaseInitializer,org.springframework.boot.autoconfigure.sql.init.SqlInitializationAutoConfiguration,spring.sql.init-org.springframework.boot.autoconfigure.sql.init.SqlInitializationProperties,org.springframework.boot.autoconfigure.task.TaskSchedulingConfigurations$ThreadPoolTaskSchedulerBuilderConfiguration,threadPoolTaskSchedulerBuilder,org.springframework.boot.autoconfigure.task.TaskSchedulingConfigurations$SimpleAsyncTaskSchedulerBuilderConfiguration,simpleAsyncTaskSchedulerBuilder,org.springframework.boot.autoconfigure.task.TaskSchedulingAutoConfiguration,spring.task.scheduling-org.springframework.boot.autoconfigure.task.TaskSchedulingProperties,org.springframework.boot.autoconfigure.jdbc.DataSourceTransactionManagerAutoConfiguration$JdbcTransactionManagerConfiguration,org.springframework.boot.autoconfigure.jdbc.DataSourceTransactionManagerAutoConfiguration,org.springframework.transaction.annotation.ProxyTransactionManagementConfiguration,org.springframework.transaction.config.internalTransactionAdvisor,transactionInterceptor,transactionAttributeSource,org.springframework.transaction.config.internalTransactionalEventListenerFactory,org.springframework.boot.autoconfigure.transaction.TransactionAutoConfiguration$EnableTransactionManagementConfiguration$CglibAutoProxyConfiguration,org.springframework.boot.autoconfigure.transaction.TransactionAutoConfiguration$EnableTransactionManagementConfiguration,org.springframework.boot.autoconfigure.transaction.TransactionAutoConfiguration$TransactionTemplateConfiguration,transactionTemplate,org.springframework.boot.autoconfigure.transaction.TransactionAutoConfiguration,org.springframework.boot.autoconfigure.web.client.RestClientAutoConfiguration,httpMessageConvertersRestClientCustomizer,restClientSsl,restClientBuilderConfigurer,restClientBuilder,org.springframework.boot.autoconfigure.web.client.RestTemplateAutoConfiguration,restTemplateBuilderConfigurer,restTemplateBuilder,org.springframework.boot.autoconfigure.web.embedded.EmbeddedWebServerFactoryCustomizerAutoConfiguration$TomcatWebServerFactoryCustomizerConfiguration,tomcatWebServerFactoryCustomizer,org.springframework.boot.autoconfigure.web.embedded.EmbeddedWebServerFactoryCustomizerAutoConfiguration,org.springframework.boot.autoconfigure.web.servlet.HttpEncodingAutoConfiguration,characterEncodingFilter,localeCharsetMappingsCustomizer,org.springframework.boot.autoconfigure.web.servlet.MultipartAutoConfiguration,multipartConfigElement,multipartResolver,spring.servlet.multipart-org.springframework.boot.autoconfigure.web.servlet.MultipartProperties,org.springframework.boot.devtools.autoconfigure.DevToolsDataSourceAutoConfiguration$DatabaseShutdownExecutorEntityManagerFactoryDependsOnPostProcessor,org.springframework.boot.devtools.autoconfigure.DevToolsDataSourceAutoConfiguration,inMemoryDatabaseShutdownExecutor,org.springframework.boot.devtools.autoconfigure.LocalDevToolsAutoConfiguration$RestartConfiguration,restartingClassPathChangedEventListener,classPathFileSystemWatcher,classPathRestartStrategy,fileSystemWatcherFactory,conditionEvaluationDeltaLoggingListener,org.springframework.boot.devtools.autoconfigure.LocalDevToolsAutoConfiguration$LiveReloadConfiguration,liveReloadServer,optionalLiveReloadServer,liveReloadServerEventListener,org.springframework.boot.devtools.autoconfigure.LocalDevToolsAutoConfiguration,spring.devtools-org.springframework.boot.devtools.autoconfigure.DevToolsProperties,mvcHandlerMappingIntrospectorRequestTransformer,springSecurityFilterChain,jpaSharedEM_AWC_entityManagerFactory]; root of factory hierarchy
2025-11-28 16:42:32 [restartedMain] TRACE o.s.b.f.s.DefaultListableBeanFactory - Returning cached instance of singleton bean 'org.springframework.context.annotation.internalConfigurationAnnotationProcessor'
2025-11-28 16:42:32 [restartedMain] TRACE o.s.b.f.s.DefaultListableBeanFactory - Returning cached instance of singleton bean 'org.springframework.context.annotation.internalAutowiredAnnotationProcessor'
2025-11-28 16:42:32 [restartedMain] TRACE o.s.b.f.s.DefaultListableBeanFactory - Returning cached instance of singleton bean 'org.springframework.context.annotation.internalCommonAnnotationProcessor'
2025-11-28 16:42:32 [restartedMain] TRACE o.s.b.f.s.DefaultListableBeanFactory - Returning cached instance of singleton bean 'org.springframework.context.annotation.internalPersistenceAnnotationProcessor'
2025-11-28 16:42:32 [restartedMain] TRACE o.s.b.f.s.DefaultListableBeanFactory - Returning cached instance of singleton bean 'org.springframework.context.event.internalEventListenerProcessor'
2025-11-28 16:42:32 [restartedMain] TRACE o.s.b.f.s.DefaultListableBeanFactory - Returning cached instance of singleton bean 'org.springframework.context.event.internalEventListenerFactory'
2025-11-28 16:42:32 [restartedMain] DEBUG o.s.b.f.s.DefaultListableBeanFactory - Creating shared instance of singleton bean 'movieRecommendationSystemApplication'
2025-11-28 16:42:32 [restartedMain] TRACE o.s.b.f.s.DefaultListableBeanFactory - Creating instance of bean 'movieRecommendationSystemApplication'
2025-11-28 16:42:32 [restartedMain] TRACE o.s.b.f.s.DefaultListableBeanFactory - Returning cached instance of singleton bean 'org.springframework.transaction.config.internalTransactionAdvisor'
2025-11-28 16:42:32 [restartedMain] TRACE o.s.b.f.s.DefaultListableBeanFactory - Returning cached instance of singleton bean 'org.springframework.transaction.config.internalTransactionAdvisor'
2025-11-28 16:42:32 [restartedMain] TRACE o.s.b.f.s.DefaultListableBeanFactory - Returning cached instance of singleton bean 'org.springframework.transaction.config.internalTransactionAdvisor'
2025-11-28 16:42:32 [restartedMain] TRACE o.s.b.f.s.DefaultListableBeanFactory - Finished creating instance of bean 'movieRecommendationSystemApplication'
2025-11-28 16:42:32 [restartedMain] TRACE o.s.b.f.s.DefaultListableBeanFactory - Returning cached instance of singleton bean 'org.springframework.boot.autoconfigure.internalCachingMetadataReaderFactory'
2025-11-28 16:42:32 [restartedMain] TRACE o.s.b.f.s.DefaultListableBeanFactory - Returning cached instance of singleton bean 'customUserDetailsService'
2025-11-28 16:42:32 [restartedMain] TRACE o.s.b.f.s.DefaultListableBeanFactory - Returning cached instance of singleton bean 'jwtFilter'
2025-11-28 16:42:32 [restartedMain] TRACE o.s.b.f.s.DefaultListableBeanFactory - Returning cached instance of singleton bean 'jwtUtil'
2025-11-28 16:42:32 [restartedMain] DEBUG o.s.b.f.s.DefaultListableBeanFactory - Creating shared instance of singleton bean 'openApiConfig'
2025-11-28 16:42:32 [restartedMain] TRACE o.s.b.f.s.DefaultListableBeanFactory - Creating instance of bean 'openApiConfig'
2025-11-28 16:42:32 [restartedMain] TRACE o.s.b.f.s.DefaultListableBeanFactory - Returning cached instance of singleton bean 'org.springframework.transaction.config.internalTransactionAdvisor'
2025-11-28 16:42:32 [restartedMain] TRACE o.s.b.f.s.DefaultListableBeanFactory - Returning cached instance of singleton bean 'org.springframework.transaction.config.internalTransactionAdvisor'
2025-11-28 16:42:32 [restartedMain] TRACE o.s.b.f.s.DefaultListableBeanFactory - Returning cached instance of singleton bean 'org.springframework.transaction.config.internalTransactionAdvisor'
2025-11-28 16:42:32 [restartedMain] TRACE o.s.b.f.s.DefaultListableBeanFactory - Finished creating instance of bean 'openApiConfig'
2025-11-28 16:42:32 [restartedMain] DEBUG o.s.b.f.s.DefaultListableBeanFactory - Creating shared instance of singleton bean 'securityConfig'
2025-11-28 16:42:32 [restartedMain] TRACE o.s.b.f.s.DefaultListableBeanFactory - Creating instance of bean 'securityConfig'
2025-11-28 16:42:32 [restartedMain] TRACE o.s.b.f.s.DefaultListableBeanFactory - Returning cached instance of singleton bean 'org.springframework.transaction.config.internalTransactionAdvisor'
2025-11-28 16:42:32 [restartedMain] TRACE o.s.b.f.s.DefaultListableBeanFactory - Returning cached instance of singleton bean 'customUserDetailsService'
2025-11-28 16:42:32 [restartedMain] TRACE o.s.b.f.a.AutowiredAnnotationBeanPostProcessor - Autowiring by type from bean name 'securityConfig' to bean named 'customUserDetailsService'
2025-11-28 16:42:32 [restartedMain] TRACE o.s.b.f.s.DefaultListableBeanFactory - Returning cached instance of singleton bean 'jwtFilter'
2025-11-28 16:42:32 [restartedMain] TRACE o.s.b.f.a.AutowiredAnnotationBeanPostProcessor - Autowiring by type from bean name 'securityConfig' to bean named 'jwtFilter'
2025-11-28 16:42:32 [restartedMain] TRACE o.s.b.f.s.DefaultListableBeanFactory - Returning cached instance of singleton bean 'org.springframework.transaction.config.internalTransactionAdvisor'
2025-11-28 16:42:32 [restartedMain] TRACE o.s.b.f.s.DefaultListableBeanFactory - Returning cached instance of singleton bean 'org.springframework.transaction.config.internalTransactionAdvisor'
2025-11-28 16:42:32 [restartedMain] TRACE o.s.b.f.s.DefaultListableBeanFactory - Finished creating instance of bean 'securityConfig'
2025-11-28 16:42:32 [restartedMain] DEBUG o.s.b.f.s.DefaultListableBeanFactory - Creating shared instance of singleton bean 'authController'
2025-11-28 16:42:32 [restartedMain] TRACE o.s.b.f.s.DefaultListableBeanFactory - Creating instance of bean 'authController'
2025-11-28 16:42:32 [restartedMain] TRACE o.s.b.f.s.DefaultListableBeanFactory - Returning cached instance of singleton bean 'org.springframework.transaction.config.internalTransactionAdvisor'
2025-11-28 16:42:32 [restartedMain] DEBUG o.s.b.f.s.DefaultListableBeanFactory - Creating shared instance of singleton bean 'authenticationManager'
2025-11-28 16:42:32 [restartedMain] TRACE o.s.b.f.s.DefaultListableBeanFactory - Creating instance of bean 'authenticationManager'
2025-11-28 16:42:32 [restartedMain] TRACE o.s.b.f.s.DefaultListableBeanFactory - Returning cached instance of singleton bean 'org.springframework.transaction.config.internalTransactionAdvisor'
2025-11-28 16:42:32 [restartedMain] TRACE o.s.b.f.s.DefaultListableBeanFactory - Returning cached instance of singleton bean 'securityConfig'
2025-11-28 16:42:32 [restartedMain] DEBUG o.s.b.f.s.DefaultListableBeanFactory - Creating shared instance of singleton bean 'org.springframework.security.config.annotation.authentication.configuration.AuthenticationConfiguration'
2025-11-28 16:42:32 [restartedMain] TRACE o.s.b.f.s.DefaultListableBeanFactory - Creating instance of bean 'org.springframework.security.config.annotation.authentication.configuration.AuthenticationConfiguration'
2025-11-28 16:42:32 [restartedMain] TRACE o.s.b.f.s.DefaultListableBeanFactory - Returning cached instance of singleton bean 'org.springframework.transaction.config.internalTransactionAdvisor'
2025-11-28 16:42:32 [restartedMain] DEBUG o.s.b.f.s.DefaultListableBeanFactory - Creating shared instance of singleton bean 'enableGlobalAuthenticationAutowiredConfigurer'
2025-11-28 16:42:32 [restartedMain] TRACE o.s.b.f.s.DefaultListableBeanFactory - Creating instance of bean 'enableGlobalAuthenticationAutowiredConfigurer'
2025-11-28 16:42:32 [restartedMain] TRACE o.s.b.f.s.DefaultListableBeanFactory - Returning cached instance of singleton bean 'org.springframework.transaction.config.internalTransactionAdvisor'
2025-11-28 16:42:32 [restartedMain] DEBUG o.s.b.f.s.DefaultListableBeanFactory - Autowiring by type from bean name 'enableGlobalAuthenticationAutowiredConfigurer' via factory method to bean named 'org.springframework.boot.web.servlet.context.AnnotationConfigServletWebServerApplicationContext@2aa80228'
2025-11-28 16:42:32 [restartedMain] TRACE o.s.b.f.s.DefaultListableBeanFactory - Returning cached instance of singleton bean 'org.springframework.transaction.config.internalTransactionAdvisor'
2025-11-28 16:42:32 [restartedMain] TRACE o.s.b.f.s.DefaultListableBeanFactory - Returning cached instance of singleton bean 'org.springframework.transaction.config.internalTransactionAdvisor'
2025-11-28 16:42:32 [restartedMain] TRACE o.s.b.f.s.DefaultListableBeanFactory - Finished creating instance of bean 'enableGlobalAuthenticationAutowiredConfigurer'
2025-11-28 16:42:32 [restartedMain] DEBUG o.s.b.f.s.DefaultListableBeanFactory - Creating shared instance of singleton bean 'initializeUserDetailsBeanManagerConfigurer'
2025-11-28 16:42:32 [restartedMain] TRACE o.s.b.f.s.DefaultListableBeanFactory - Creating instance of bean 'initializeUserDetailsBeanManagerConfigurer'
2025-11-28 16:42:32 [restartedMain] TRACE o.s.b.f.s.DefaultListableBeanFactory - Returning cached instance of singleton bean 'org.springframework.transaction.config.internalTransactionAdvisor'
2025-11-28 16:42:32 [restartedMain] DEBUG o.s.b.f.s.DefaultListableBeanFactory - Autowiring by type from bean name 'initializeUserDetailsBeanManagerConfigurer' via factory method to bean named 'org.springframework.boot.web.servlet.context.AnnotationConfigServletWebServerApplicationContext@2aa80228'
2025-11-28 16:42:32 [restartedMain] TRACE o.s.b.f.s.DefaultListableBeanFactory - Returning cached instance of singleton bean 'org.springframework.transaction.config.internalTransactionAdvisor'
2025-11-28 16:42:32 [restartedMain] TRACE o.s.b.f.s.DefaultListableBeanFactory - Returning cached instance of singleton bean 'org.springframework.transaction.config.internalTransactionAdvisor'
2025-11-28 16:42:32 [restartedMain] TRACE o.s.b.f.s.DefaultListableBeanFactory - Finished creating instance of bean 'initializeUserDetailsBeanManagerConfigurer'
2025-11-28 16:42:32 [restartedMain] DEBUG o.s.b.f.s.DefaultListableBeanFactory - Creating shared instance of singleton bean 'initializeAuthenticationProviderBeanManagerConfigurer'
2025-11-28 16:42:32 [restartedMain] TRACE o.s.b.f.s.DefaultListableBeanFactory - Creating instance of bean 'initializeAuthenticationProviderBeanManagerConfigurer'
2025-11-28 16:42:32 [restartedMain] TRACE o.s.b.f.s.DefaultListableBeanFactory - Returning cached instance of singleton bean 'org.springframework.transaction.config.internalTransactionAdvisor'
2025-11-28 16:42:32 [restartedMain] DEBUG o.s.b.f.s.DefaultListableBeanFactory - Autowiring by type from bean name 'initializeAuthenticationProviderBeanManagerConfigurer' via factory method to bean named 'org.springframework.boot.web.servlet.context.AnnotationConfigServletWebServerApplicationContext@2aa80228'
2025-11-28 16:42:32 [restartedMain] TRACE o.s.b.f.s.DefaultListableBeanFactory - Returning cached instance of singleton bean 'org.springframework.transaction.config.internalTransactionAdvisor'
2025-11-28 16:42:32 [restartedMain] TRACE o.s.b.f.s.DefaultListableBeanFactory - Returning cached instance of singleton bean 'org.springframework.transaction.config.internalTransactionAdvisor'
2025-11-28 16:42:32 [restartedMain] TRACE o.s.b.f.s.DefaultListableBeanFactory - Finished creating instance of bean 'initializeAuthenticationProviderBeanManagerConfigurer'
2025-11-28 16:42:32 [restartedMain] TRACE o.s.b.f.a.AutowiredAnnotationBeanPostProcessor - Autowiring by type from bean name 'org.springframework.security.config.annotation.authentication.configuration.AuthenticationConfiguration' to bean named 'enableGlobalAuthenticationAutowiredConfigurer'
2025-11-28 16:42:32 [restartedMain] TRACE o.s.b.f.a.AutowiredAnnotationBeanPostProcessor - Autowiring by type from bean name 'org.springframework.security.config.annotation.authentication.configuration.AuthenticationConfiguration' to bean named 'initializeUserDetailsBeanManagerConfigurer'
2025-11-28 16:42:32 [restartedMain] TRACE o.s.b.f.a.AutowiredAnnotationBeanPostProcessor - Autowiring by type from bean name 'org.springframework.security.config.annotation.authentication.configuration.AuthenticationConfiguration' to bean named 'initializeAuthenticationProviderBeanManagerConfigurer'
2025-11-28 16:42:32 [restartedMain] TRACE o.s.b.f.a.AutowiredAnnotationBeanPostProcessor - Autowiring by type from bean name 'org.springframework.security.config.annotation.authentication.configuration.AuthenticationConfiguration' to bean named 'org.springframework.boot.web.servlet.context.AnnotationConfigServletWebServerApplicationContext@2aa80228'
2025-11-28 16:42:32 [restartedMain] DEBUG o.s.b.f.s.DefaultListableBeanFactory - Creating shared instance of singleton bean 'objectPostProcessor'
2025-11-28 16:42:32 [restartedMain] TRACE o.s.b.f.s.DefaultListableBeanFactory - Creating instance of bean 'objectPostProcessor'
2025-11-28 16:42:32 [restartedMain] TRACE o.s.b.f.s.DefaultListableBeanFactory - Returning cached instance of singleton bean 'org.springframework.transaction.config.internalTransactionAdvisor'
2025-11-28 16:42:32 [restartedMain] DEBUG o.s.b.f.s.DefaultListableBeanFactory - Creating shared instance of singleton bean 'org.springframework.security.config.annotation.configuration.ObjectPostProcessorConfiguration'
2025-11-28 16:42:32 [restartedMain] TRACE o.s.b.f.s.DefaultListableBeanFactory - Creating instance of bean 'org.springframework.security.config.annotation.configuration.ObjectPostProcessorConfiguration'
2025-11-28 16:42:32 [restartedMain] TRACE o.s.b.f.s.DefaultListableBeanFactory - Returning cached instance of singleton bean 'org.springframework.transaction.config.internalTransactionAdvisor'
2025-11-28 16:42:32 [restartedMain] TRACE o.s.b.f.s.DefaultListableBeanFactory - Returning cached instance of singleton bean 'org.springframework.transaction.config.internalTransactionAdvisor'
2025-11-28 16:42:32 [restartedMain] TRACE o.s.b.f.s.DefaultListableBeanFactory - Returning cached instance of singleton bean 'org.springframework.transaction.config.internalTransactionAdvisor'
2025-11-28 16:42:32 [restartedMain] TRACE o.s.b.f.s.DefaultListableBeanFactory - Finished creating instance of bean 'org.springframework.security.config.annotation.configuration.ObjectPostProcessorConfiguration'
2025-11-28 16:42:32 [restartedMain] DEBUG o.s.b.f.s.DefaultListableBeanFactory - Autowiring by type from bean name 'objectPostProcessor' via factory method to bean named 'org.springframework.beans.factory.support.DefaultListableBeanFactory@79128d90'
2025-11-28 16:42:32 [restartedMain] TRACE o.s.b.f.s.DefaultListableBeanFactory - Returning cached instance of singleton bean 'org.springframework.transaction.config.internalTransactionAdvisor'
2025-11-28 16:42:32 [restartedMain] TRACE o.s.b.f.s.DefaultListableBeanFactory - Returning cached instance of singleton bean 'org.springframework.transaction.config.internalTransactionAdvisor'
2025-11-28 16:42:32 [restartedMain] TRACE o.s.b.f.s.DefaultListableBeanFactory - Finished creating instance of bean 'objectPostProcessor'
2025-11-28 16:42:32 [restartedMain] TRACE o.s.b.f.a.AutowiredAnnotationBeanPostProcessor - Autowiring by type from bean name 'org.springframework.security.config.annotation.authentication.configuration.AuthenticationConfiguration' to bean named 'objectPostProcessor'
2025-11-28 16:42:32 [restartedMain] TRACE o.s.b.f.s.DefaultListableBeanFactory - Returning cached instance of singleton bean 'org.springframework.transaction.config.internalTransactionAdvisor'
2025-11-28 16:42:32 [restartedMain] TRACE o.s.b.f.s.DefaultListableBeanFactory - Returning cached instance of singleton bean 'org.springframework.transaction.config.internalTransactionAdvisor'
2025-11-28 16:42:32 [restartedMain] TRACE o.s.b.f.s.DefaultListableBeanFactory - Finished creating instance of bean 'org.springframework.security.config.annotation.authentication.configuration.AuthenticationConfiguration'
2025-11-28 16:42:32 [restartedMain] DEBUG o.s.b.f.s.DefaultListableBeanFactory - Autowiring by type from bean name 'authenticationManager' via factory method to bean named 'org.springframework.security.config.annotation.authentication.configuration.AuthenticationConfiguration'
2025-11-28 16:42:32 [restartedMain] DEBUG o.s.b.f.s.DefaultListableBeanFactory - Creating shared instance of singleton bean 'authenticationManagerBuilder'
2025-11-28 16:42:32 [restartedMain] TRACE o.s.b.f.s.DefaultListableBeanFactory - Creating instance of bean 'authenticationManagerBuilder'
2025-11-28 16:42:32 [restartedMain] TRACE o.s.b.f.s.DefaultListableBeanFactory - Returning cached instance of singleton bean 'org.springframework.transaction.config.internalTransactionAdvisor'
2025-11-28 16:42:32 [restartedMain] TRACE o.s.b.f.s.DefaultListableBeanFactory - Returning cached instance of singleton bean 'org.springframework.security.config.annotation.authentication.configuration.AuthenticationConfiguration'
2025-11-28 16:42:32 [restartedMain] TRACE o.s.b.f.s.DefaultListableBeanFactory - Returning cached instance of singleton bean 'objectPostProcessor'
2025-11-28 16:42:32 [restartedMain] DEBUG o.s.b.f.s.DefaultListableBeanFactory - Autowiring by type from bean name 'authenticationManagerBuilder' via factory method to bean named 'objectPostProcessor'
2025-11-28 16:42:32 [restartedMain] DEBUG o.s.b.f.s.DefaultListableBeanFactory - Autowiring by type from bean name 'authenticationManagerBuilder' via factory method to bean named 'org.springframework.boot.web.servlet.context.AnnotationConfigServletWebServerApplicationContext@2aa80228'
2025-11-28 16:42:32 [restartedMain] DEBUG o.s.b.f.s.DefaultListableBeanFactory - Creating shared instance of singleton bean 'authenticationEventPublisher'
2025-11-28 16:42:32 [restartedMain] TRACE o.s.b.f.s.DefaultListableBeanFactory - Creating instance of bean 'authenticationEventPublisher'
2025-11-28 16:42:32 [restartedMain] TRACE o.s.b.f.s.DefaultListableBeanFactory - Returning cached instance of singleton bean 'org.springframework.transaction.config.internalTransactionAdvisor'
2025-11-28 16:42:32 [restartedMain] DEBUG o.s.b.f.s.DefaultListableBeanFactory - Creating shared instance of singleton bean 'org.springframework.boot.autoconfigure.security.servlet.SecurityAutoConfiguration'
2025-11-28 16:42:32 [restartedMain] TRACE o.s.b.f.s.DefaultListableBeanFactory - Creating instance of bean 'org.springframework.boot.autoconfigure.security.servlet.SecurityAutoConfiguration'
2025-11-28 16:42:32 [restartedMain] TRACE o.s.b.f.s.DefaultListableBeanFactory - Returning cached instance of singleton bean 'org.springframework.transaction.config.internalTransactionAdvisor'
2025-11-28 16:42:32 [restartedMain] TRACE o.s.b.f.s.DefaultListableBeanFactory - Returning cached instance of singleton bean 'org.springframework.transaction.config.internalTransactionAdvisor'
2025-11-28 16:42:32 [restartedMain] TRACE o.s.b.f.s.DefaultListableBeanFactory - Returning cached instance of singleton bean 'org.springframework.transaction.config.internalTransactionAdvisor'
2025-11-28 16:42:32 [restartedMain] TRACE o.s.b.f.s.DefaultListableBeanFactory - Finished creating instance of bean 'org.springframework.boot.autoconfigure.security.servlet.SecurityAutoConfiguration'
2025-11-28 16:42:32 [restartedMain] DEBUG o.s.b.f.s.DefaultListableBeanFactory - Autowiring by type from bean name 'authenticationEventPublisher' via factory method to bean named 'org.springframework.boot.web.servlet.context.AnnotationConfigServletWebServerApplicationContext@2aa80228'
2025-11-28 16:42:32 [restartedMain] TRACE o.s.b.f.s.DefaultListableBeanFactory - Returning cached instance of singleton bean 'org.springframework.transaction.config.internalTransactionAdvisor'
2025-11-28 16:42:32 [restartedMain] TRACE o.s.b.f.s.DefaultListableBeanFactory - Returning cached instance of singleton bean 'org.springframework.transaction.config.internalTransactionAdvisor'
2025-11-28 16:42:32 [restartedMain] TRACE o.s.b.f.s.DefaultListableBeanFactory - Finished creating instance of bean 'authenticationEventPublisher'
2025-11-28 16:42:32 [restartedMain] TRACE o.s.b.f.s.DefaultListableBeanFactory - Returning cached instance of singleton bean 'org.springframework.transaction.config.internalTransactionAdvisor'
2025-11-28 16:42:32 [restartedMain] TRACE o.s.b.f.s.DefaultListableBeanFactory - Returning cached instance of singleton bean 'org.springframework.transaction.config.internalTransactionAdvisor'
2025-11-28 16:42:32 [restartedMain] TRACE o.s.b.f.s.DefaultListableBeanFactory - Finished creating instance of bean 'authenticationManagerBuilder'
2025-11-28 16:42:32 [restartedMain] TRACE o.s.b.f.s.DefaultListableBeanFactory - Returning cached instance of singleton bean 'securityConfig'
2025-11-28 16:42:32 [restartedMain] DEBUG o.s.b.f.s.DefaultListableBeanFactory - Creating shared instance of singleton bean 'authProvider'
2025-11-28 16:42:32 [restartedMain] TRACE o.s.b.f.s.DefaultListableBeanFactory - Creating instance of bean 'authProvider'
2025-11-28 16:42:32 [restartedMain] TRACE o.s.b.f.s.DefaultListableBeanFactory - Returning cached instance of singleton bean 'org.springframework.transaction.config.internalTransactionAdvisor'
2025-11-28 16:42:32 [restartedMain] TRACE o.s.b.f.s.DefaultListableBeanFactory - Returning cached instance of singleton bean 'securityConfig'
2025-11-28 16:42:32 [restartedMain] DEBUG o.s.b.f.s.DefaultListableBeanFactory - Creating shared instance of singleton bean 'passwordEncoder'
2025-11-28 16:42:32 [restartedMain] TRACE o.s.b.f.s.DefaultListableBeanFactory - Creating instance of bean 'passwordEncoder'
2025-11-28 16:42:32 [restartedMain] TRACE o.s.b.f.s.DefaultListableBeanFactory - Returning cached instance of singleton bean 'org.springframework.transaction.config.internalTransactionAdvisor'
2025-11-28 16:42:32 [restartedMain] TRACE o.s.b.f.s.DefaultListableBeanFactory - Returning cached instance of singleton bean 'securityConfig'
2025-11-28 16:42:32 [restartedMain] TRACE o.s.b.f.s.DefaultListableBeanFactory - Returning cached instance of singleton bean 'org.springframework.transaction.config.internalTransactionAdvisor'
2025-11-28 16:42:32 [restartedMain] TRACE o.s.b.f.s.DefaultListableBeanFactory - Returning cached instance of singleton bean 'org.springframework.transaction.config.internalTransactionAdvisor'
2025-11-28 16:42:32 [restartedMain] TRACE o.s.b.f.s.DefaultListableBeanFactory - Finished creating instance of bean 'passwordEncoder'
2025-11-28 16:42:32 [restartedMain] TRACE o.s.b.f.s.DefaultListableBeanFactory - Invoking afterPropertiesSet() on bean with name 'authProvider'
2025-11-28 16:42:32 [restartedMain] TRACE o.s.b.f.s.DefaultListableBeanFactory - Returning cached instance of singleton bean 'org.springframework.transaction.config.internalTransactionAdvisor'
2025-11-28 16:42:32 [restartedMain] TRACE o.s.b.f.s.DefaultListableBeanFactory - Returning cached instance of singleton bean 'org.springframework.transaction.config.internalTransactionAdvisor'
2025-11-28 16:42:32 [restartedMain] TRACE o.s.b.f.s.DefaultListableBeanFactory - Finished creating instance of bean 'authProvider'
2025-11-28 16:42:32 [restartedMain] INFO  o.s.s.c.a.a.c.InitializeAuthenticationProviderBeanManagerConfigurer$InitializeAuthenticationProviderManagerConfigurer - Global AuthenticationManager configured with AuthenticationProvider bean with name authProvider
2025-11-28 16:42:32 [restartedMain] WARN  o.s.s.c.a.a.c.InitializeUserDetailsBeanManagerConfigurer$InitializeUserDetailsManagerConfigurer - Global AuthenticationManager configured with an AuthenticationProvider bean. UserDetailsService beans will not be used by Spring Security for automatically configuring username/password login. Consider removing the AuthenticationProvider bean. Alternatively, consider using the UserDetailsService in a manually instantiated DaoAuthenticationProvider. If the current configuration is intentional, to turn off this warning, increase the logging level of 'org.springframework.security.config.annotation.authentication.configuration.InitializeUserDetailsBeanManagerConfigurer' to ERROR
2025-11-28 16:42:32 [restartedMain] TRACE o.s.b.f.s.DefaultListableBeanFactory - Invoking afterPropertiesSet() on bean with name 'org.springframework.security.authentication.ProviderManager@59b14f0c'
2025-11-28 16:42:32 [restartedMain] TRACE o.s.b.f.s.DefaultListableBeanFactory - Returning cached instance of singleton bean 'org.springframework.transaction.config.internalTransactionAdvisor'
2025-11-28 16:42:32 [restartedMain] TRACE o.s.b.f.s.DefaultListableBeanFactory - Returning cached instance of singleton bean 'org.springframework.transaction.config.internalTransactionAdvisor'
2025-11-28 16:42:32 [restartedMain] TRACE o.s.b.f.s.DefaultListableBeanFactory - Invoking afterPropertiesSet() on bean with name 'authenticationManager'
2025-11-28 16:42:32 [restartedMain] TRACE o.s.b.f.s.DefaultListableBeanFactory - Returning cached instance of singleton bean 'org.springframework.transaction.config.internalTransactionAdvisor'
2025-11-28 16:42:32 [restartedMain] TRACE o.s.b.f.s.DefaultListableBeanFactory - Returning cached instance of singleton bean 'org.springframework.transaction.config.internalTransactionAdvisor'
2025-11-28 16:42:32 [restartedMain] TRACE o.s.b.f.s.DefaultListableBeanFactory - Finished creating instance of bean 'authenticationManager'
2025-11-28 16:42:32 [restartedMain] TRACE o.s.b.f.a.AutowiredAnnotationBeanPostProcessor - Autowiring by type from bean name 'authController' to bean named 'authenticationManager'
2025-11-28 16:42:32 [restartedMain] TRACE o.s.b.f.s.DefaultListableBeanFactory - Returning cached instance of singleton bean 'jwtUtil'
2025-11-28 16:42:32 [restartedMain] TRACE o.s.b.f.a.AutowiredAnnotationBeanPostProcessor - Autowiring by type from bean name 'authController' to bean named 'jwtUtil'
2025-11-28 16:42:32 [restartedMain] TRACE o.s.b.f.s.DefaultListableBeanFactory - Returning cached instance of singleton bean 'userRepository'
2025-11-28 16:42:32 [restartedMain] TRACE o.s.b.f.a.AutowiredAnnotationBeanPostProcessor - Autowiring by type from bean name 'authController' to bean named 'userRepository'
2025-11-28 16:42:32 [restartedMain] TRACE o.s.b.f.s.DefaultListableBeanFactory - Returning cached instance of singleton bean 'passwordEncoder'
2025-11-28 16:42:32 [restartedMain] TRACE o.s.b.f.a.AutowiredAnnotationBeanPostProcessor - Autowiring by type from bean name 'authController' to bean named 'passwordEncoder'
2025-11-28 16:42:32 [restartedMain] DEBUG o.s.b.f.s.DefaultListableBeanFactory - Creating shared instance of singleton bean 'emailService'
2025-11-28 16:42:32 [restartedMain] TRACE o.s.b.f.s.DefaultListableBeanFactory - Creating instance of bean 'emailService'
2025-11-28 16:42:32 [restartedMain] TRACE o.s.b.f.s.DefaultListableBeanFactory - Returning cached instance of singleton bean 'org.springframework.transaction.config.internalTransactionAdvisor'
2025-11-28 16:42:32 [restartedMain] DEBUG o.s.b.f.s.DefaultListableBeanFactory - Creating shared instance of singleton bean 'mailSender'
2025-11-28 16:42:32 [restartedMain] TRACE o.s.b.f.s.DefaultListableBeanFactory - Creating instance of bean 'mailSender'
2025-11-28 16:42:32 [restartedMain] TRACE o.s.b.f.s.DefaultListableBeanFactory - Returning cached instance of singleton bean 'org.springframework.transaction.config.internalTransactionAdvisor'
2025-11-28 16:42:32 [restartedMain] DEBUG o.s.b.f.s.DefaultListableBeanFactory - Creating shared instance of singleton bean 'org.springframework.boot.autoconfigure.mail.MailSenderPropertiesConfiguration'
2025-11-28 16:42:32 [restartedMain] TRACE o.s.b.f.s.DefaultListableBeanFactory - Creating instance of bean 'org.springframework.boot.autoconfigure.mail.MailSenderPropertiesConfiguration'
2025-11-28 16:42:32 [restartedMain] TRACE o.s.b.f.s.DefaultListableBeanFactory - Returning cached instance of singleton bean 'org.springframework.transaction.config.internalTransactionAdvisor'
2025-11-28 16:42:32 [restartedMain] TRACE o.s.b.f.s.DefaultListableBeanFactory - Returning cached instance of singleton bean 'org.springframework.transaction.config.internalTransactionAdvisor'
2025-11-28 16:42:32 [restartedMain] TRACE o.s.b.f.s.DefaultListableBeanFactory - Returning cached instance of singleton bean 'org.springframework.transaction.config.internalTransactionAdvisor'
2025-11-28 16:42:32 [restartedMain] TRACE o.s.b.f.s.DefaultListableBeanFactory - Finished creating instance of bean 'org.springframework.boot.autoconfigure.mail.MailSenderPropertiesConfiguration'
2025-11-28 16:42:32 [restartedMain] DEBUG o.s.b.f.s.DefaultListableBeanFactory - Creating shared instance of singleton bean 'spring.mail-org.springframework.boot.autoconfigure.mail.MailProperties'
2025-11-28 16:42:32 [restartedMain] TRACE o.s.b.f.s.DefaultListableBeanFactory - Creating instance of bean 'spring.mail-org.springframework.boot.autoconfigure.mail.MailProperties'
2025-11-28 16:42:32 [restartedMain] TRACE o.s.b.f.s.DefaultListableBeanFactory - Returning cached instance of singleton bean 'org.springframework.transaction.config.internalTransactionAdvisor'
2025-11-28 16:42:32 [restartedMain] TRACE o.s.b.f.s.DefaultListableBeanFactory - Returning cached instance of singleton bean 'org.springframework.boot.context.properties.BoundConfigurationProperties'
2025-11-28 16:42:32 [restartedMain] TRACE o.s.b.f.s.DefaultListableBeanFactory - Returning cached instance of singleton bean 'org.springframework.transaction.config.internalTransactionAdvisor'
2025-11-28 16:42:32 [restartedMain] TRACE o.s.b.f.s.DefaultListableBeanFactory - Returning cached instance of singleton bean 'org.springframework.transaction.config.internalTransactionAdvisor'
2025-11-28 16:42:32 [restartedMain] TRACE o.s.b.f.s.DefaultListableBeanFactory - Finished creating instance of bean 'spring.mail-org.springframework.boot.autoconfigure.mail.MailProperties'
2025-11-28 16:42:32 [restartedMain] DEBUG o.s.b.f.s.DefaultListableBeanFactory - Autowiring by type from bean name 'mailSender' via factory method to bean named 'spring.mail-org.springframework.boot.autoconfigure.mail.MailProperties'
2025-11-28 16:42:32 [restartedMain] TRACE o.s.b.f.s.DefaultListableBeanFactory - Returning cached instance of singleton bean 'sslBundleRegistry'
2025-11-28 16:42:32 [restartedMain] TRACE o.s.b.f.s.DefaultListableBeanFactory - Returning cached instance of singleton bean 'org.springframework.transaction.config.internalTransactionAdvisor'
2025-11-28 16:42:32 [restartedMain] TRACE o.s.b.f.s.DefaultListableBeanFactory - Returning cached instance of singleton bean 'org.springframework.transaction.config.internalTransactionAdvisor'
2025-11-28 16:42:32 [restartedMain] TRACE o.s.b.f.s.DefaultListableBeanFactory - Finished creating instance of bean 'mailSender'
2025-11-28 16:42:32 [restartedMain] TRACE o.s.b.f.a.AutowiredAnnotationBeanPostProcessor - Autowiring by type from bean name 'emailService' to bean named 'mailSender'
2025-11-28 16:42:32 [restartedMain] TRACE o.s.b.f.s.DefaultListableBeanFactory - Returning cached instance of singleton bean 'org.springframework.transaction.config.internalTransactionAdvisor'
2025-11-28 16:42:32 [restartedMain] TRACE o.s.b.f.s.DefaultListableBeanFactory - Returning cached instance of singleton bean 'org.springframework.transaction.config.internalTransactionAdvisor'
2025-11-28 16:42:32 [restartedMain] TRACE o.s.b.f.s.DefaultListableBeanFactory - Finished creating instance of bean 'emailService'
2025-11-28 16:42:32 [restartedMain] TRACE o.s.b.f.a.AutowiredAnnotationBeanPostProcessor - Autowiring by type from bean name 'authController' to bean named 'emailService'
2025-11-28 16:42:32 [restartedMain] TRACE o.s.b.f.s.DefaultListableBeanFactory - Returning cached instance of singleton bean 'org.springframework.transaction.config.internalTransactionAdvisor'
2025-11-28 16:42:32 [restartedMain] TRACE o.s.b.f.s.DefaultListableBeanFactory - Returning cached instance of singleton bean 'org.springframework.transaction.config.internalTransactionAdvisor'
2025-11-28 16:42:32 [restartedMain] TRACE o.s.b.f.s.DefaultListableBeanFactory - Finished creating instance of bean 'authController'
2025-11-28 16:42:32 [restartedMain] DEBUG o.s.b.f.s.DefaultListableBeanFactory - Creating shared instance of singleton bean 'genreController'
2025-11-28 16:42:32 [restartedMain] TRACE o.s.b.f.s.DefaultListableBeanFactory - Creating instance of bean 'genreController'
2025-11-28 16:42:32 [restartedMain] TRACE o.s.b.f.s.DefaultListableBeanFactory - Returning cached instance of singleton bean 'org.springframework.transaction.config.internalTransactionAdvisor'
2025-11-28 16:42:32 [restartedMain] DEBUG o.s.b.f.s.DefaultListableBeanFactory - Creating shared instance of singleton bean 'genreServiceImple'
2025-11-28 16:42:32 [restartedMain] TRACE o.s.b.f.s.DefaultListableBeanFactory - Creating instance of bean 'genreServiceImple'
2025-11-28 16:42:32 [restartedMain] TRACE o.s.b.f.s.DefaultListableBeanFactory - Returning cached instance of singleton bean 'org.springframework.transaction.config.internalTransactionAdvisor'
2025-11-28 16:42:32 [restartedMain] DEBUG o.s.b.f.s.DefaultListableBeanFactory - Creating shared instance of singleton bean 'genreRepository'
2025-11-28 16:42:32 [restartedMain] TRACE o.s.b.f.s.DefaultListableBeanFactory - Creating instance of bean 'genreRepository'
2025-11-28 16:42:32 [restartedMain] TRACE o.s.b.f.s.DefaultListableBeanFactory - Returning cached instance of singleton bean 'org.springframework.transaction.config.internalTransactionAdvisor'
2025-11-28 16:42:32 [restartedMain] DEBUG o.s.b.f.s.DefaultListableBeanFactory - Creating shared instance of singleton bean 'jpa.named-queries#0'
2025-11-28 16:42:32 [restartedMain] TRACE o.s.b.f.s.DefaultListableBeanFactory - Creating instance of bean 'jpa.named-queries#0'
2025-11-28 16:42:32 [restartedMain] TRACE o.s.b.f.s.DefaultListableBeanFactory - Returning cached instance of singleton bean 'org.springframework.transaction.config.internalTransactionAdvisor'
2025-11-28 16:42:32 [restartedMain] TRACE o.s.b.f.s.DefaultListableBeanFactory - Invoking afterPropertiesSet() on bean with name 'jpa.named-queries#0'
2025-11-28 16:42:32 [restartedMain] TRACE o.s.b.f.s.DefaultListableBeanFactory - Returning cached instance of singleton bean 'org.springframework.transaction.config.internalTransactionAdvisor'
2025-11-28 16:42:32 [restartedMain] TRACE o.s.b.f.s.DefaultListableBeanFactory - Returning cached instance of singleton bean 'org.springframework.transaction.config.internalTransactionAdvisor'
2025-11-28 16:42:32 [restartedMain] TRACE o.s.b.f.s.DefaultListableBeanFactory - Finished creating instance of bean 'jpa.named-queries#0'
2025-11-28 16:42:32 [restartedMain] TRACE o.s.b.f.s.DefaultListableBeanFactory - Returning cached instance of singleton bean 'org.springframework.transaction.config.internalTransactionAdvisor'
2025-11-28 16:42:32 [restartedMain] TRACE o.s.b.f.s.DefaultListableBeanFactory - Returning cached instance of singleton bean 'org.springframework.transaction.config.internalTransactionAdvisor'
2025-11-28 16:42:32 [restartedMain] DEBUG o.s.b.f.s.DefaultListableBeanFactory - Creating shared instance of singleton bean 'jpa.GenreRepository.fragments#0'
2025-11-28 16:42:32 [restartedMain] TRACE o.s.b.f.s.DefaultListableBeanFactory - Creating instance of bean 'jpa.GenreRepository.fragments#0'
2025-11-28 16:42:32 [restartedMain] TRACE o.s.b.f.s.DefaultListableBeanFactory - Returning cached instance of singleton bean 'org.springframework.transaction.config.internalTransactionAdvisor'
2025-11-28 16:42:32 [restartedMain] TRACE o.s.b.f.s.DefaultListableBeanFactory - Invoking afterPropertiesSet() on bean with name 'jpa.GenreRepository.fragments#0'
2025-11-28 16:42:32 [restartedMain] TRACE o.s.b.f.s.DefaultListableBeanFactory - Returning cached instance of singleton bean 'org.springframework.transaction.config.internalTransactionAdvisor'
2025-11-28 16:42:32 [restartedMain] TRACE o.s.b.f.s.DefaultListableBeanFactory - Returning cached instance of singleton bean 'org.springframework.transaction.config.internalTransactionAdvisor'
2025-11-28 16:42:32 [restartedMain] TRACE o.s.b.f.s.DefaultListableBeanFactory - Finished creating instance of bean 'jpa.GenreRepository.fragments#0'
2025-11-28 16:42:32 [restartedMain] TRACE o.s.b.f.s.DefaultListableBeanFactory - Returning cached instance of singleton bean 'org.springframework.transaction.config.internalTransactionAdvisor'
2025-11-28 16:42:32 [restartedMain] TRACE o.s.b.f.s.DefaultListableBeanFactory - Returning cached instance of singleton bean 'org.springframework.transaction.config.internalTransactionAdvisor'
2025-11-28 16:42:32 [restartedMain] TRACE o.s.b.f.s.DefaultListableBeanFactory - Returning cached instance of singleton bean 'jpaSharedEM_entityManagerFactory'
2025-11-28 16:42:32 [restartedMain] TRACE o.s.b.f.s.DefaultListableBeanFactory - Returning cached instance of singleton bean 'jpaMappingContext'
2025-11-28 16:42:32 [restartedMain] TRACE o.s.b.f.s.DefaultListableBeanFactory - Invoking afterPropertiesSet() on bean with name 'genreRepository'
2025-11-28 16:42:32 [restartedMain] TRACE o.s.b.f.s.DefaultListableBeanFactory - Returning cached instance of singleton bean 'applicationStartup'
2025-11-28 16:42:33 [restartedMain] INFO  o.s.d.j.r.query.QueryEnhancerFactory - Hibernate is in classpath; If applicable, HQL parser will be used.
2025-11-28 16:42:33 [restartedMain] TRACE o.s.b.f.s.DefaultListableBeanFactory - Returning cached instance of singleton bean 'org.springframework.transaction.config.internalTransactionAdvisor'
2025-11-28 16:42:33 [restartedMain] TRACE o.s.b.f.s.DefaultListableBeanFactory - Returning cached instance of singleton bean 'org.springframework.transaction.config.internalTransactionAdvisor'
2025-11-28 16:42:33 [restartedMain] TRACE o.s.b.f.s.DefaultListableBeanFactory - Finished creating instance of bean 'genreRepository'
2025-11-28 16:42:33 [restartedMain] TRACE o.s.b.f.s.DefaultListableBeanFactory - Returning cached instance of singleton bean 'org.springframework.transaction.config.internalTransactionAdvisor'
2025-11-28 16:42:33 [restartedMain] TRACE o.s.b.f.s.DefaultListableBeanFactory - Returning cached instance of singleton bean 'org.springframework.transaction.config.internalTransactionAdvisor'
2025-11-28 16:42:33 [restartedMain] TRACE o.s.b.f.a.AutowiredAnnotationBeanPostProcessor - Autowiring by type from bean name 'genreServiceImple' to bean named 'genreRepository'
2025-11-28 16:42:33 [restartedMain] TRACE o.s.b.f.s.DefaultListableBeanFactory - Returning cached instance of singleton bean 'org.springframework.transaction.config.internalTransactionAdvisor'
2025-11-28 16:42:33 [restartedMain] TRACE o.s.b.f.s.DefaultListableBeanFactory - Returning cached instance of singleton bean 'org.springframework.transaction.config.internalTransactionAdvisor'
2025-11-28 16:42:33 [restartedMain] TRACE o.s.b.f.s.DefaultListableBeanFactory - Finished creating instance of bean 'genreServiceImple'
2025-11-28 16:42:33 [restartedMain] TRACE o.s.b.f.a.AutowiredAnnotationBeanPostProcessor - Autowiring by type from bean name 'genreController' to bean named 'genreServiceImple'
2025-11-28 16:42:33 [restartedMain] TRACE o.s.b.f.s.DefaultListableBeanFactory - Returning cached instance of singleton bean 'org.springframework.transaction.config.internalTransactionAdvisor'
2025-11-28 16:42:33 [restartedMain] TRACE o.s.b.f.s.DefaultListableBeanFactory - Returning cached instance of singleton bean 'org.springframework.transaction.config.internalTransactionAdvisor'
2025-11-28 16:42:33 [restartedMain] TRACE o.s.b.f.s.DefaultListableBeanFactory - Finished creating instance of bean 'genreController'
2025-11-28 16:42:33 [restartedMain] DEBUG o.s.b.f.s.DefaultListableBeanFactory - Creating shared instance of singleton bean 'movieController'
2025-11-28 16:42:33 [restartedMain] TRACE o.s.b.f.s.DefaultListableBeanFactory - Creating instance of bean 'movieController'
2025-11-28 16:42:33 [restartedMain] TRACE o.s.b.f.s.DefaultListableBeanFactory - Returning cached instance of singleton bean 'org.springframework.transaction.config.internalTransactionAdvisor'
2025-11-28 16:42:33 [restartedMain] DEBUG o.s.b.f.s.DefaultListableBeanFactory - Creating shared instance of singleton bean 'movieServiceImple'
2025-11-28 16:42:33 [restartedMain] TRACE o.s.b.f.s.DefaultListableBeanFactory - Creating instance of bean 'movieServiceImple'
2025-11-28 16:42:33 [restartedMain] TRACE o.s.b.f.s.DefaultListableBeanFactory - Returning cached instance of singleton bean 'org.springframework.transaction.config.internalTransactionAdvisor'
2025-11-28 16:42:33 [restartedMain] DEBUG o.s.b.f.s.DefaultListableBeanFactory - Creating shared instance of singleton bean 'movieRepository'
2025-11-28 16:42:33 [restartedMain] TRACE o.s.b.f.s.DefaultListableBeanFactory - Creating instance of bean 'movieRepository'
2025-11-28 16:42:33 [restartedMain] TRACE o.s.b.f.s.DefaultListableBeanFactory - Returning cached instance of singleton bean 'org.springframework.transaction.config.internalTransactionAdvisor'
2025-11-28 16:42:33 [restartedMain] DEBUG o.s.b.f.s.DefaultListableBeanFactory - Creating shared instance of singleton bean 'jpa.named-queries#3'
2025-11-28 16:42:33 [restartedMain] TRACE o.s.b.f.s.DefaultListableBeanFactory - Creating instance of bean 'jpa.named-queries#3'
2025-11-28 16:42:33 [restartedMain] TRACE o.s.b.f.s.DefaultListableBeanFactory - Returning cached instance of singleton bean 'org.springframework.transaction.config.internalTransactionAdvisor'
2025-11-28 16:42:33 [restartedMain] TRACE o.s.b.f.s.DefaultListableBeanFactory - Invoking afterPropertiesSet() on bean with name 'jpa.named-queries#3'
2025-11-28 16:42:33 [restartedMain] TRACE o.s.b.f.s.DefaultListableBeanFactory - Returning cached instance of singleton bean 'org.springframework.transaction.config.internalTransactionAdvisor'
2025-11-28 16:42:33 [restartedMain] TRACE o.s.b.f.s.DefaultListableBeanFactory - Returning cached instance of singleton bean 'org.springframework.transaction.config.internalTransactionAdvisor'
2025-11-28 16:42:33 [restartedMain] TRACE o.s.b.f.s.DefaultListableBeanFactory - Finished creating instance of bean 'jpa.named-queries#3'
2025-11-28 16:42:33 [restartedMain] TRACE o.s.b.f.s.DefaultListableBeanFactory - Returning cached instance of singleton bean 'org.springframework.transaction.config.internalTransactionAdvisor'
2025-11-28 16:42:33 [restartedMain] TRACE o.s.b.f.s.DefaultListableBeanFactory - Returning cached instance of singleton bean 'org.springframework.transaction.config.internalTransactionAdvisor'
2025-11-28 16:42:33 [restartedMain] DEBUG o.s.b.f.s.DefaultListableBeanFactory - Creating shared instance of singleton bean 'jpa.MovieRepository.fragments#0'
2025-11-28 16:42:33 [restartedMain] TRACE o.s.b.f.s.DefaultListableBeanFactory - Creating instance of bean 'jpa.MovieRepository.fragments#0'
2025-11-28 16:42:33 [restartedMain] TRACE o.s.b.f.s.DefaultListableBeanFactory - Returning cached instance of singleton bean 'org.springframework.transaction.config.internalTransactionAdvisor'
2025-11-28 16:42:33 [restartedMain] TRACE o.s.b.f.s.DefaultListableBeanFactory - Invoking afterPropertiesSet() on bean with name 'jpa.MovieRepository.fragments#0'
2025-11-28 16:42:33 [restartedMain] TRACE o.s.b.f.s.DefaultListableBeanFactory - Returning cached instance of singleton bean 'org.springframework.transaction.config.internalTransactionAdvisor'
2025-11-28 16:42:33 [restartedMain] TRACE o.s.b.f.s.DefaultListableBeanFactory - Returning cached instance of singleton bean 'org.springframework.transaction.config.internalTransactionAdvisor'
2025-11-28 16:42:33 [restartedMain] TRACE o.s.b.f.s.DefaultListableBeanFactory - Finished creating instance of bean 'jpa.MovieRepository.fragments#0'
2025-11-28 16:42:33 [restartedMain] TRACE o.s.b.f.s.DefaultListableBeanFactory - Returning cached instance of singleton bean 'org.springframework.transaction.config.internalTransactionAdvisor'
2025-11-28 16:42:33 [restartedMain] TRACE o.s.b.f.s.DefaultListableBeanFactory - Returning cached instance of singleton bean 'org.springframework.transaction.config.internalTransactionAdvisor'
2025-11-28 16:42:33 [restartedMain] TRACE o.s.b.f.s.DefaultListableBeanFactory - Returning cached instance of singleton bean 'jpaSharedEM_entityManagerFactory'
2025-11-28 16:42:33 [restartedMain] TRACE o.s.b.f.s.DefaultListableBeanFactory - Returning cached instance of singleton bean 'jpaMappingContext'
2025-11-28 16:42:33 [restartedMain] TRACE o.s.b.f.s.DefaultListableBeanFactory - Invoking afterPropertiesSet() on bean with name 'movieRepository'
2025-11-28 16:42:33 [restartedMain] TRACE o.s.b.f.s.DefaultListableBeanFactory - Returning cached instance of singleton bean 'applicationStartup'
2025-11-28 16:42:33 [restartedMain] TRACE o.s.b.f.s.DefaultListableBeanFactory - Returning cached instance of singleton bean 'org.springframework.transaction.config.internalTransactionAdvisor'
2025-11-28 16:42:33 [restartedMain] TRACE o.s.b.f.s.DefaultListableBeanFactory - Returning cached instance of singleton bean 'org.springframework.transaction.config.internalTransactionAdvisor'
2025-11-28 16:42:33 [restartedMain] TRACE o.s.b.f.s.DefaultListableBeanFactory - Finished creating instance of bean 'movieRepository'
2025-11-28 16:42:33 [restartedMain] TRACE o.s.b.f.s.DefaultListableBeanFactory - Returning cached instance of singleton bean 'org.springframework.transaction.config.internalTransactionAdvisor'
2025-11-28 16:42:33 [restartedMain] TRACE o.s.b.f.s.DefaultListableBeanFactory - Returning cached instance of singleton bean 'org.springframework.transaction.config.internalTransactionAdvisor'
2025-11-28 16:42:33 [restartedMain] TRACE o.s.b.f.a.AutowiredAnnotationBeanPostProcessor - Autowiring by type from bean name 'movieServiceImple' to bean named 'movieRepository'
2025-11-28 16:42:33 [restartedMain] TRACE o.s.b.f.s.DefaultListableBeanFactory - Returning cached instance of singleton bean 'genreRepository'
2025-11-28 16:42:33 [restartedMain] TRACE o.s.b.f.a.AutowiredAnnotationBeanPostProcessor - Autowiring by type from bean name 'movieServiceImple' to bean named 'genreRepository'
2025-11-28 16:42:33 [restartedMain] TRACE o.s.b.f.s.DefaultListableBeanFactory - Returning cached instance of singleton bean 'org.springframework.transaction.config.internalTransactionAdvisor'
2025-11-28 16:42:33 [restartedMain] TRACE o.s.b.f.s.DefaultListableBeanFactory - Returning cached instance of singleton bean 'org.springframework.transaction.config.internalTransactionAdvisor'
2025-11-28 16:42:33 [restartedMain] TRACE o.s.b.f.s.DefaultListableBeanFactory - Finished creating instance of bean 'movieServiceImple'
2025-11-28 16:42:33 [restartedMain] TRACE o.s.b.f.a.AutowiredAnnotationBeanPostProcessor - Autowiring by type from bean name 'movieController' to bean named 'movieServiceImple'
2025-11-28 16:42:33 [restartedMain] DEBUG o.s.b.f.s.DefaultListableBeanFactory - Creating shared instance of singleton bean 'recommendationServiceImple'
2025-11-28 16:42:33 [restartedMain] TRACE o.s.b.f.s.DefaultListableBeanFactory - Creating instance of bean 'recommendationServiceImple'
2025-11-28 16:42:33 [restartedMain] TRACE o.s.b.f.s.DefaultListableBeanFactory - Returning cached instance of singleton bean 'org.springframework.transaction.config.internalTransactionAdvisor'
2025-11-28 16:42:33 [restartedMain] TRACE o.s.b.f.s.DefaultListableBeanFactory - Returning cached instance of singleton bean 'movieRepository'
2025-11-28 16:42:33 [restartedMain] TRACE o.s.b.f.a.AutowiredAnnotationBeanPostProcessor - Autowiring by type from bean name 'recommendationServiceImple' to bean named 'movieRepository'
2025-11-28 16:42:33 [restartedMain] DEBUG o.s.b.f.s.DefaultListableBeanFactory - Creating shared instance of singleton bean 'ratingRepository'
2025-11-28 16:42:33 [restartedMain] TRACE o.s.b.f.s.DefaultListableBeanFactory - Creating instance of bean 'ratingRepository'
2025-11-28 16:42:33 [restartedMain] TRACE o.s.b.f.s.DefaultListableBeanFactory - Returning cached instance of singleton bean 'org.springframework.transaction.config.internalTransactionAdvisor'
2025-11-28 16:42:33 [restartedMain] DEBUG o.s.b.f.s.DefaultListableBeanFactory - Creating shared instance of singleton bean 'jpa.named-queries#1'
2025-11-28 16:42:33 [restartedMain] TRACE o.s.b.f.s.DefaultListableBeanFactory - Creating instance of bean 'jpa.named-queries#1'
2025-11-28 16:42:33 [restartedMain] TRACE o.s.b.f.s.DefaultListableBeanFactory - Returning cached instance of singleton bean 'org.springframework.transaction.config.internalTransactionAdvisor'
2025-11-28 16:42:33 [restartedMain] TRACE o.s.b.f.s.DefaultListableBeanFactory - Invoking afterPropertiesSet() on bean with name 'jpa.named-queries#1'
2025-11-28 16:42:33 [restartedMain] TRACE o.s.b.f.s.DefaultListableBeanFactory - Returning cached instance of singleton bean 'org.springframework.transaction.config.internalTransactionAdvisor'
2025-11-28 16:42:33 [restartedMain] TRACE o.s.b.f.s.DefaultListableBeanFactory - Returning cached instance of singleton bean 'org.springframework.transaction.config.internalTransactionAdvisor'
2025-11-28 16:42:33 [restartedMain] TRACE o.s.b.f.s.DefaultListableBeanFactory - Finished creating instance of bean 'jpa.named-queries#1'
2025-11-28 16:42:33 [restartedMain] TRACE o.s.b.f.s.DefaultListableBeanFactory - Returning cached instance of singleton bean 'org.springframework.transaction.config.internalTransactionAdvisor'
2025-11-28 16:42:33 [restartedMain] TRACE o.s.b.f.s.DefaultListableBeanFactory - Returning cached instance of singleton bean 'org.springframework.transaction.config.internalTransactionAdvisor'
2025-11-28 16:42:33 [restartedMain] DEBUG o.s.b.f.s.DefaultListableBeanFactory - Creating shared instance of singleton bean 'jpa.RatingRepository.fragments#0'
2025-11-28 16:42:33 [restartedMain] TRACE o.s.b.f.s.DefaultListableBeanFactory - Creating instance of bean 'jpa.RatingRepository.fragments#0'
2025-11-28 16:42:33 [restartedMain] TRACE o.s.b.f.s.DefaultListableBeanFactory - Returning cached instance of singleton bean 'org.springframework.transaction.config.internalTransactionAdvisor'
2025-11-28 16:42:33 [restartedMain] TRACE o.s.b.f.s.DefaultListableBeanFactory - Invoking afterPropertiesSet() on bean with name 'jpa.RatingRepository.fragments#0'
2025-11-28 16:42:33 [restartedMain] TRACE o.s.b.f.s.DefaultListableBeanFactory - Returning cached instance of singleton bean 'org.springframework.transaction.config.internalTransactionAdvisor'
2025-11-28 16:42:33 [restartedMain] TRACE o.s.b.f.s.DefaultListableBeanFactory - Returning cached instance of singleton bean 'org.springframework.transaction.config.internalTransactionAdvisor'
2025-11-28 16:42:33 [restartedMain] TRACE o.s.b.f.s.DefaultListableBeanFactory - Finished creating instance of bean 'jpa.RatingRepository.fragments#0'
2025-11-28 16:42:33 [restartedMain] TRACE o.s.b.f.s.DefaultListableBeanFactory - Returning cached instance of singleton bean 'org.springframework.transaction.config.internalTransactionAdvisor'
2025-11-28 16:42:33 [restartedMain] TRACE o.s.b.f.s.DefaultListableBeanFactory - Returning cached instance of singleton bean 'org.springframework.transaction.config.internalTransactionAdvisor'
2025-11-28 16:42:33 [restartedMain] TRACE o.s.b.f.s.DefaultListableBeanFactory - Returning cached instance of singleton bean 'jpaSharedEM_entityManagerFactory'
2025-11-28 16:42:33 [restartedMain] TRACE o.s.b.f.s.DefaultListableBeanFactory - Returning cached instance of singleton bean 'jpaMappingContext'
2025-11-28 16:42:33 [restartedMain] TRACE o.s.b.f.s.DefaultListableBeanFactory - Invoking afterPropertiesSet() on bean with name 'ratingRepository'
2025-11-28 16:42:33 [restartedMain] TRACE o.s.b.f.s.DefaultListableBeanFactory - Returning cached instance of singleton bean 'applicationStartup'
2025-11-28 16:42:33 [restartedMain] TRACE o.s.b.f.s.DefaultListableBeanFactory - Returning cached instance of singleton bean 'org.springframework.transaction.config.internalTransactionAdvisor'
2025-11-28 16:42:33 [restartedMain] TRACE o.s.b.f.s.DefaultListableBeanFactory - Returning cached instance of singleton bean 'org.springframework.transaction.config.internalTransactionAdvisor'
2025-11-28 16:42:33 [restartedMain] TRACE o.s.b.f.s.DefaultListableBeanFactory - Finished creating instance of bean 'ratingRepository'
2025-11-28 16:42:33 [restartedMain] TRACE o.s.b.f.s.DefaultListableBeanFactory - Returning cached instance of singleton bean 'org.springframework.transaction.config.internalTransactionAdvisor'
2025-11-28 16:42:33 [restartedMain] TRACE o.s.b.f.s.DefaultListableBeanFactory - Returning cached instance of singleton bean 'org.springframework.transaction.config.internalTransactionAdvisor'
2025-11-28 16:42:33 [restartedMain] TRACE o.s.b.f.a.AutowiredAnnotationBeanPostProcessor - Autowiring by type from bean name 'recommendationServiceImple' to bean named 'ratingRepository'
2025-11-28 16:42:33 [restartedMain] TRACE o.s.b.f.s.DefaultListableBeanFactory - Returning cached instance of singleton bean 'org.springframework.transaction.config.internalTransactionAdvisor'
2025-11-28 16:42:33 [restartedMain] TRACE o.s.b.f.s.DefaultListableBeanFactory - Returning cached instance of singleton bean 'org.springframework.transaction.config.internalTransactionAdvisor'
2025-11-28 16:42:33 [restartedMain] TRACE o.s.b.f.s.DefaultListableBeanFactory - Finished creating instance of bean 'recommendationServiceImple'
2025-11-28 16:42:33 [restartedMain] TRACE o.s.b.f.a.AutowiredAnnotationBeanPostProcessor - Autowiring by type from bean name 'movieController' to bean named 'recommendationServiceImple'
2025-11-28 16:42:33 [restartedMain] TRACE o.s.b.f.s.DefaultListableBeanFactory - Returning cached instance of singleton bean 'org.springframework.transaction.config.internalTransactionAdvisor'
2025-11-28 16:42:33 [restartedMain] TRACE o.s.b.f.s.DefaultListableBeanFactory - Returning cached instance of singleton bean 'org.springframework.transaction.config.internalTransactionAdvisor'
2025-11-28 16:42:33 [restartedMain] TRACE o.s.b.f.s.DefaultListableBeanFactory - Finished creating instance of bean 'movieController'
2025-11-28 16:42:33 [restartedMain] DEBUG o.s.b.f.s.DefaultListableBeanFactory - Creating shared instance of singleton bean 'ratingController'
2025-11-28 16:42:33 [restartedMain] TRACE o.s.b.f.s.DefaultListableBeanFactory - Creating instance of bean 'ratingController'
2025-11-28 16:42:33 [restartedMain] TRACE o.s.b.f.s.DefaultListableBeanFactory - Returning cached instance of singleton bean 'org.springframework.transaction.config.internalTransactionAdvisor'
2025-11-28 16:42:33 [restartedMain] DEBUG o.s.b.f.s.DefaultListableBeanFactory - Creating shared instance of singleton bean 'ratingServiceImple'
2025-11-28 16:42:33 [restartedMain] TRACE o.s.b.f.s.DefaultListableBeanFactory - Creating instance of bean 'ratingServiceImple'
2025-11-28 16:42:33 [restartedMain] TRACE o.s.b.f.s.DefaultListableBeanFactory - Returning cached instance of singleton bean 'org.springframework.transaction.config.internalTransactionAdvisor'
2025-11-28 16:42:33 [restartedMain] TRACE o.s.b.f.s.DefaultListableBeanFactory - Returning cached instance of singleton bean 'ratingRepository'
2025-11-28 16:42:33 [restartedMain] TRACE o.s.b.f.a.AutowiredAnnotationBeanPostProcessor - Autowiring by type from bean name 'ratingServiceImple' to bean named 'ratingRepository'
2025-11-28 16:42:33 [restartedMain] TRACE o.s.b.f.s.DefaultListableBeanFactory - Returning cached instance of singleton bean 'movieRepository'
2025-11-28 16:42:33 [restartedMain] TRACE o.s.b.f.a.AutowiredAnnotationBeanPostProcessor - Autowiring by type from bean name 'ratingServiceImple' to bean named 'movieRepository'
2025-11-28 16:42:33 [restartedMain] TRACE o.s.b.f.s.DefaultListableBeanFactory - Returning cached instance of singleton bean 'userRepository'
2025-11-28 16:42:33 [restartedMain] TRACE o.s.b.f.a.AutowiredAnnotationBeanPostProcessor - Autowiring by type from bean name 'ratingServiceImple' to bean named 'userRepository'
2025-11-28 16:42:33 [restartedMain] TRACE o.s.b.f.s.DefaultListableBeanFactory - Returning cached instance of singleton bean 'org.springframework.transaction.config.internalTransactionAdvisor'
2025-11-28 16:42:33 [restartedMain] TRACE o.s.b.f.s.DefaultListableBeanFactory - Returning cached instance of singleton bean 'org.springframework.transaction.config.internalTransactionAdvisor'
2025-11-28 16:42:33 [restartedMain] TRACE o.s.b.f.s.DefaultListableBeanFactory - Finished creating instance of bean 'ratingServiceImple'
2025-11-28 16:42:33 [restartedMain] TRACE o.s.b.f.a.AutowiredAnnotationBeanPostProcessor - Autowiring by type from bean name 'ratingController' to bean named 'ratingServiceImple'
2025-11-28 16:42:33 [restartedMain] TRACE o.s.b.f.s.DefaultListableBeanFactory - Returning cached instance of singleton bean 'org.springframework.transaction.config.internalTransactionAdvisor'
2025-11-28 16:42:33 [restartedMain] TRACE o.s.b.f.s.DefaultListableBeanFactory - Returning cached instance of singleton bean 'org.springframework.transaction.config.internalTransactionAdvisor'
2025-11-28 16:42:33 [restartedMain] TRACE o.s.b.f.s.DefaultListableBeanFactory - Finished creating instance of bean 'ratingController'
2025-11-28 16:42:33 [restartedMain] DEBUG o.s.b.f.s.DefaultListableBeanFactory - Creating shared instance of singleton bean 'userController'
2025-11-28 16:42:33 [restartedMain] TRACE o.s.b.f.s.DefaultListableBeanFactory - Creating instance of bean 'userController'
2025-11-28 16:42:33 [restartedMain] TRACE o.s.b.f.s.DefaultListableBeanFactory - Returning cached instance of singleton bean 'org.springframework.transaction.config.internalTransactionAdvisor'
2025-11-28 16:42:33 [restartedMain] DEBUG o.s.b.f.s.DefaultListableBeanFactory - Creating shared instance of singleton bean 'userServiceImple'
2025-11-28 16:42:33 [restartedMain] TRACE o.s.b.f.s.DefaultListableBeanFactory - Creating instance of bean 'userServiceImple'
2025-11-28 16:42:33 [restartedMain] TRACE o.s.b.f.s.DefaultListableBeanFactory - Returning cached instance of singleton bean 'org.springframework.transaction.config.internalTransactionAdvisor'
2025-11-28 16:42:33 [restartedMain] TRACE o.s.b.f.s.DefaultListableBeanFactory - Returning cached instance of singleton bean 'userRepository'
2025-11-28 16:42:33 [restartedMain] TRACE o.s.b.f.a.AutowiredAnnotationBeanPostProcessor - Autowiring by type from bean name 'userServiceImple' to bean named 'userRepository'
2025-11-28 16:42:33 [restartedMain] TRACE o.s.b.f.s.DefaultListableBeanFactory - Returning cached instance of singleton bean 'org.springframework.transaction.config.internalTransactionAdvisor'
2025-11-28 16:42:33 [restartedMain] TRACE o.s.b.f.s.DefaultListableBeanFactory - Returning cached instance of singleton bean 'org.springframework.transaction.config.internalTransactionAdvisor'
2025-11-28 16:42:33 [restartedMain] TRACE o.s.b.f.s.DefaultListableBeanFactory - Finished creating instance of bean 'userServiceImple'
2025-11-28 16:42:33 [restartedMain] TRACE o.s.b.f.a.AutowiredAnnotationBeanPostProcessor - Autowiring by type from bean name 'userController' to bean named 'userServiceImple'
2025-11-28 16:42:33 [restartedMain] TRACE o.s.b.f.s.DefaultListableBeanFactory - Returning cached instance of singleton bean 'userRepository'
2025-11-28 16:42:33 [restartedMain] TRACE o.s.b.f.a.AutowiredAnnotationBeanPostProcessor - Autowiring by type from bean name 'userController' to bean named 'userRepository'
2025-11-28 16:42:33 [restartedMain] TRACE o.s.b.f.s.DefaultListableBeanFactory - Returning cached instance of singleton bean 'emailService'
2025-11-28 16:42:33 [restartedMain] TRACE o.s.b.f.a.AutowiredAnnotationBeanPostProcessor - Autowiring by type from bean name 'userController' to bean named 'emailService'
2025-11-28 16:42:33 [restartedMain] TRACE o.s.b.f.s.DefaultListableBeanFactory - Returning cached instance of singleton bean 'org.springframework.transaction.config.internalTransactionAdvisor'
2025-11-28 16:42:33 [restartedMain] TRACE o.s.b.f.s.DefaultListableBeanFactory - Returning cached instance of singleton bean 'org.springframework.transaction.config.internalTransactionAdvisor'
2025-11-28 16:42:33 [restartedMain] TRACE o.s.b.f.s.DefaultListableBeanFactory - Finished creating instance of bean 'userController'
2025-11-28 16:42:33 [restartedMain] DEBUG o.s.b.f.s.DefaultListableBeanFactory - Creating shared instance of singleton bean 'globalExceptionHandler'
2025-11-28 16:42:33 [restartedMain] TRACE o.s.b.f.s.DefaultListableBeanFactory - Creating instance of bean 'globalExceptionHandler'
2025-11-28 16:42:33 [restartedMain] TRACE o.s.b.f.s.DefaultListableBeanFactory - Returning cached instance of singleton bean 'org.springframework.transaction.config.internalTransactionAdvisor'
2025-11-28 16:42:33 [restartedMain] TRACE o.s.b.f.s.DefaultListableBeanFactory - Returning cached instance of singleton bean 'org.springframework.transaction.config.internalTransactionAdvisor'
2025-11-28 16:42:33 [restartedMain] TRACE o.s.b.f.s.DefaultListableBeanFactory - Returning cached instance of singleton bean 'org.springframework.transaction.config.internalTransactionAdvisor'
2025-11-28 16:42:33 [restartedMain] TRACE o.s.b.f.s.DefaultListableBeanFactory - Finished creating instance of bean 'globalExceptionHandler'
2025-11-28 16:42:33 [restartedMain] TRACE o.s.b.f.s.DefaultListableBeanFactory - Returning cached instance of singleton bean 'emailService'
2025-11-28 16:42:33 [restartedMain] TRACE o.s.b.f.s.DefaultListableBeanFactory - Returning cached instance of singleton bean 'genreServiceImple'
2025-11-28 16:42:33 [restartedMain] TRACE o.s.b.f.s.DefaultListableBeanFactory - Returning cached instance of singleton bean 'movieServiceImple'
2025-11-28 16:42:33 [restartedMain] TRACE o.s.b.f.s.DefaultListableBeanFactory - Returning cached instance of singleton bean 'ratingServiceImple'
2025-11-28 16:42:33 [restartedMain] TRACE o.s.b.f.s.DefaultListableBeanFactory - Returning cached instance of singleton bean 'recommendationServiceImple'
2025-11-28 16:42:33 [restartedMain] TRACE o.s.b.f.s.DefaultListableBeanFactory - Returning cached instance of singleton bean 'userServiceImple'
2025-11-28 16:42:33 [restartedMain] DEBUG o.s.b.f.s.DefaultListableBeanFactory - Creating shared instance of singleton bean 'customOpenAPI'
2025-11-28 16:42:33 [restartedMain] TRACE o.s.b.f.s.DefaultListableBeanFactory - Creating instance of bean 'customOpenAPI'
2025-11-28 16:42:33 [restartedMain] TRACE o.s.b.f.s.DefaultListableBeanFactory - Returning cached instance of singleton bean 'org.springframework.transaction.config.internalTransactionAdvisor'
2025-11-28 16:42:33 [restartedMain] TRACE o.s.b.f.s.DefaultListableBeanFactory - Returning cached instance of singleton bean 'openApiConfig'
2025-11-28 16:42:33 [restartedMain] TRACE o.s.b.f.s.DefaultListableBeanFactory - Returning cached instance of singleton bean 'org.springframework.transaction.config.internalTransactionAdvisor'
2025-11-28 16:42:33 [restartedMain] TRACE o.s.b.f.s.DefaultListableBeanFactory - Returning cached instance of singleton bean 'org.springframework.transaction.config.internalTransactionAdvisor'
2025-11-28 16:42:33 [restartedMain] TRACE o.s.b.f.s.DefaultListableBeanFactory - Finished creating instance of bean 'customOpenAPI'
2025-11-28 16:42:33 [restartedMain] TRACE o.s.b.f.s.DefaultListableBeanFactory - Returning cached instance of singleton bean 'org.springframework.security.config.annotation.configuration.ObjectPostProcessorConfiguration'
2025-11-28 16:42:33 [restartedMain] TRACE o.s.b.f.s.DefaultListableBeanFactory - Returning cached instance of singleton bean 'objectPostProcessor'
2025-11-28 16:42:33 [restartedMain] TRACE o.s.b.f.s.DefaultListableBeanFactory - Returning cached instance of singleton bean 'org.springframework.security.config.annotation.authentication.configuration.AuthenticationConfiguration'
2025-11-28 16:42:33 [restartedMain] TRACE o.s.b.f.s.DefaultListableBeanFactory - Returning cached instance of singleton bean 'authenticationManagerBuilder'
2025-11-28 16:42:33 [restartedMain] TRACE o.s.b.f.s.DefaultListableBeanFactory - Returning cached instance of singleton bean 'enableGlobalAuthenticationAutowiredConfigurer'
2025-11-28 16:42:33 [restartedMain] TRACE o.s.b.f.s.DefaultListableBeanFactory - Returning cached instance of singleton bean 'initializeUserDetailsBeanManagerConfigurer'
2025-11-28 16:42:33 [restartedMain] TRACE o.s.b.f.s.DefaultListableBeanFactory - Returning cached instance of singleton bean 'initializeAuthenticationProviderBeanManagerConfigurer'
2025-11-28 16:42:33 [restartedMain] DEBUG o.s.b.f.s.DefaultListableBeanFactory - Creating shared instance of singleton bean 'org.springframework.security.config.annotation.web.configuration.WebSecurityConfiguration'
2025-11-28 16:42:33 [restartedMain] TRACE o.s.b.f.s.DefaultListableBeanFactory - Creating instance of bean 'org.springframework.security.config.annotation.web.configuration.WebSecurityConfiguration'
2025-11-28 16:42:33 [restartedMain] TRACE o.s.b.f.s.DefaultListableBeanFactory - Returning cached instance of singleton bean 'org.springframework.transaction.config.internalTransactionAdvisor'
2025-11-28 16:42:33 [restartedMain] TRACE o.s.b.f.s.DefaultListableBeanFactory - Creating instance of bean 'org.springframework.security.config.annotation.web.configuration.HttpSecurityConfiguration.httpSecurity'
2025-11-28 16:42:33 [restartedMain] TRACE o.s.b.f.s.DefaultListableBeanFactory - Returning cached instance of singleton bean 'org.springframework.transaction.config.internalTransactionAdvisor'
2025-11-28 16:42:33 [restartedMain] DEBUG o.s.b.f.s.DefaultListableBeanFactory - Creating shared instance of singleton bean 'org.springframework.security.config.annotation.web.configuration.HttpSecurityConfiguration'
2025-11-28 16:42:33 [restartedMain] TRACE o.s.b.f.s.DefaultListableBeanFactory - Creating instance of bean 'org.springframework.security.config.annotation.web.configuration.HttpSecurityConfiguration'
2025-11-28 16:42:33 [restartedMain] TRACE o.s.b.f.s.DefaultListableBeanFactory - Returning cached instance of singleton bean 'org.springframework.transaction.config.internalTransactionAdvisor'
2025-11-28 16:42:33 [restartedMain] TRACE o.s.b.f.s.DefaultListableBeanFactory - Returning cached instance of singleton bean 'objectPostProcessor'
2025-11-28 16:42:33 [restartedMain] TRACE o.s.b.f.a.AutowiredAnnotationBeanPostProcessor - Autowiring by type from bean name 'org.springframework.security.config.annotation.web.configuration.HttpSecurityConfiguration' to bean named 'objectPostProcessor'
2025-11-28 16:42:33 [restartedMain] TRACE o.s.b.f.s.DefaultListableBeanFactory - Returning cached instance of singleton bean 'org.springframework.security.config.annotation.authentication.configuration.AuthenticationConfiguration'
2025-11-28 16:42:33 [restartedMain] TRACE o.s.b.f.a.AutowiredAnnotationBeanPostProcessor - Autowiring by type from bean name 'org.springframework.security.config.annotation.web.configuration.HttpSecurityConfiguration' to bean named 'org.springframework.security.config.annotation.authentication.configuration.AuthenticationConfiguration'
2025-11-28 16:42:33 [restartedMain] TRACE o.s.b.f.a.AutowiredAnnotationBeanPostProcessor - Autowiring by type from bean name 'org.springframework.security.config.annotation.web.configuration.HttpSecurityConfiguration' to bean named 'org.springframework.boot.web.servlet.context.AnnotationConfigServletWebServerApplicationContext@2aa80228'
2025-11-28 16:42:33 [restartedMain] DEBUG o.s.b.f.s.DefaultListableBeanFactory - Creating shared instance of singleton bean 'mvcContentNegotiationManager'
2025-11-28 16:42:33 [restartedMain] TRACE o.s.b.f.s.DefaultListableBeanFactory - Creating instance of bean 'mvcContentNegotiationManager'
2025-11-28 16:42:33 [restartedMain] TRACE o.s.b.f.s.DefaultListableBeanFactory - Returning cached instance of singleton bean 'org.springframework.transaction.config.internalTransactionAdvisor'
2025-11-28 16:42:33 [restartedMain] DEBUG o.s.b.f.s.DefaultListableBeanFactory - Creating shared instance of singleton bean 'org.springframework.boot.autoconfigure.web.servlet.WebMvcAutoConfiguration$EnableWebMvcConfiguration'
2025-11-28 16:42:33 [restartedMain] TRACE o.s.b.f.s.DefaultListableBeanFactory - Creating instance of bean 'org.springframework.boot.autoconfigure.web.servlet.WebMvcAutoConfiguration$EnableWebMvcConfiguration'
2025-11-28 16:42:33 [restartedMain] TRACE o.s.b.f.s.DefaultListableBeanFactory - Returning cached instance of singleton bean 'org.springframework.transaction.config.internalTransactionAdvisor'
2025-11-28 16:42:33 [restartedMain] TRACE o.s.b.f.s.DefaultListableBeanFactory - Returning cached instance of singleton bean 'spring.mvc-org.springframework.boot.autoconfigure.web.servlet.WebMvcProperties'
2025-11-28 16:42:33 [restartedMain] DEBUG o.s.b.f.s.DefaultListableBeanFactory - Creating shared instance of singleton bean 'spring.web-org.springframework.boot.autoconfigure.web.WebProperties'
2025-11-28 16:42:33 [restartedMain] TRACE o.s.b.f.s.DefaultListableBeanFactory - Creating instance of bean 'spring.web-org.springframework.boot.autoconfigure.web.WebProperties'
2025-11-28 16:42:33 [restartedMain] TRACE o.s.b.f.s.DefaultListableBeanFactory - Returning cached instance of singleton bean 'org.springframework.transaction.config.internalTransactionAdvisor'
2025-11-28 16:42:33 [restartedMain] TRACE o.s.b.f.s.DefaultListableBeanFactory - Returning cached instance of singleton bean 'org.springframework.boot.context.properties.BoundConfigurationProperties'
2025-11-28 16:42:33 [restartedMain] TRACE o.s.b.f.s.DefaultListableBeanFactory - Returning cached instance of singleton bean 'org.springframework.transaction.config.internalTransactionAdvisor'
2025-11-28 16:42:33 [restartedMain] TRACE o.s.b.f.s.DefaultListableBeanFactory - Returning cached instance of singleton bean 'org.springframework.transaction.config.internalTransactionAdvisor'
2025-11-28 16:42:33 [restartedMain] TRACE o.s.b.f.s.DefaultListableBeanFactory - Finished creating instance of bean 'spring.web-org.springframework.boot.autoconfigure.web.WebProperties'
2025-11-28 16:42:33 [restartedMain] DEBUG o.s.b.f.s.DefaultListableBeanFactory - Autowiring by type from bean name 'org.springframework.boot.autoconfigure.web.servlet.WebMvcAutoConfiguration$EnableWebMvcConfiguration' via constructor to bean named 'spring.mvc-org.springframework.boot.autoconfigure.web.servlet.WebMvcProperties'
2025-11-28 16:42:33 [restartedMain] DEBUG o.s.b.f.s.DefaultListableBeanFactory - Autowiring by type from bean name 'org.springframework.boot.autoconfigure.web.servlet.WebMvcAutoConfiguration$EnableWebMvcConfiguration' via constructor to bean named 'spring.web-org.springframework.boot.autoconfigure.web.WebProperties'
2025-11-28 16:42:33 [restartedMain] DEBUG o.s.b.f.s.DefaultListableBeanFactory - Autowiring by type from bean name 'org.springframework.boot.autoconfigure.web.servlet.WebMvcAutoConfiguration$EnableWebMvcConfiguration' via constructor to bean named 'org.springframework.beans.factory.support.DefaultListableBeanFactory@79128d90'
2025-11-28 16:42:33 [restartedMain] DEBUG o.s.b.f.s.DefaultListableBeanFactory - Creating shared instance of singleton bean 'org.springframework.security.config.annotation.web.configuration.WebMvcSecurityConfiguration'
2025-11-28 16:42:33 [restartedMain] TRACE o.s.b.f.s.DefaultListableBeanFactory - Creating instance of bean 'org.springframework.security.config.annotation.web.configuration.WebMvcSecurityConfiguration'
2025-11-28 16:42:33 [restartedMain] TRACE o.s.b.f.s.DefaultListableBeanFactory - Returning cached instance of singleton bean 'org.springframework.transaction.config.internalTransactionAdvisor'
2025-11-28 16:42:33 [restartedMain] TRACE o.s.b.f.s.DefaultListableBeanFactory - Returning cached instance of singleton bean 'org.springframework.transaction.config.internalTransactionAdvisor'
2025-11-28 16:42:33 [restartedMain] TRACE o.s.b.f.s.DefaultListableBeanFactory - Returning cached instance of singleton bean 'org.springframework.transaction.config.internalTransactionAdvisor'
2025-11-28 16:42:33 [restartedMain] TRACE o.s.b.f.s.DefaultListableBeanFactory - Finished creating instance of bean 'org.springframework.security.config.annotation.web.configuration.WebMvcSecurityConfiguration'
2025-11-28 16:42:33 [restartedMain] DEBUG o.s.b.f.s.DefaultListableBeanFactory - Creating shared instance of singleton bean 'org.springframework.boot.autoconfigure.web.servlet.WebMvcAutoConfiguration$WebMvcAutoConfigurationAdapter'
2025-11-28 16:42:33 [restartedMain] TRACE o.s.b.f.s.DefaultListableBeanFactory - Creating instance of bean 'org.springframework.boot.autoconfigure.web.servlet.WebMvcAutoConfiguration$WebMvcAutoConfigurationAdapter'
2025-11-28 16:42:33 [restartedMain] TRACE o.s.b.f.s.DefaultListableBeanFactory - Returning cached instance of singleton bean 'org.springframework.transaction.config.internalTransactionAdvisor'
2025-11-28 16:42:33 [restartedMain] TRACE o.s.b.f.s.DefaultListableBeanFactory - Returning cached instance of singleton bean 'spring.web-org.springframework.boot.autoconfigure.web.WebProperties'
2025-11-28 16:42:33 [restartedMain] TRACE o.s.b.f.s.DefaultListableBeanFactory - Returning cached instance of singleton bean 'spring.mvc-org.springframework.boot.autoconfigure.web.servlet.WebMvcProperties'
2025-11-28 16:42:33 [restartedMain] DEBUG o.s.b.f.s.DefaultListableBeanFactory - Autowiring by type from bean name 'org.springframework.boot.autoconfigure.web.servlet.WebMvcAutoConfiguration$WebMvcAutoConfigurationAdapter' via constructor to bean named 'spring.web-org.springframework.boot.autoconfigure.web.WebProperties'
2025-11-28 16:42:33 [restartedMain] DEBUG o.s.b.f.s.DefaultListableBeanFactory - Autowiring by type from bean name 'org.springframework.boot.autoconfigure.web.servlet.WebMvcAutoConfiguration$WebMvcAutoConfigurationAdapter' via constructor to bean named 'spring.mvc-org.springframework.boot.autoconfigure.web.servlet.WebMvcProperties'
2025-11-28 16:42:33 [restartedMain] DEBUG o.s.b.f.s.DefaultListableBeanFactory - Autowiring by type from bean name 'org.springframework.boot.autoconfigure.web.servlet.WebMvcAutoConfiguration$WebMvcAutoConfigurationAdapter' via constructor to bean named 'org.springframework.beans.factory.support.DefaultListableBeanFactory@79128d90'
2025-11-28 16:42:33 [restartedMain] DEBUG o.s.b.f.s.DefaultListableBeanFactory - Creating shared instance of singleton bean 'resourceHandlerRegistrationCustomizer'
2025-11-28 16:42:33 [restartedMain] TRACE o.s.b.f.s.DefaultListableBeanFactory - Creating instance of bean 'resourceHandlerRegistrationCustomizer'
2025-11-28 16:42:33 [restartedMain] TRACE o.s.b.f.s.DefaultListableBeanFactory - Returning cached instance of singleton bean 'org.springframework.transaction.config.internalTransactionAdvisor'
2025-11-28 16:42:33 [restartedMain] DEBUG o.s.b.f.s.DefaultListableBeanFactory - Creating shared instance of singleton bean 'org.springframework.boot.autoconfigure.web.servlet.WebMvcAutoConfiguration$ResourceChainCustomizerConfiguration'
2025-11-28 16:42:33 [restartedMain] TRACE o.s.b.f.s.DefaultListableBeanFactory - Creating instance of bean 'org.springframework.boot.autoconfigure.web.servlet.WebMvcAutoConfiguration$ResourceChainCustomizerConfiguration'
2025-11-28 16:42:33 [restartedMain] TRACE o.s.b.f.s.DefaultListableBeanFactory - Returning cached instance of singleton bean 'org.springframework.transaction.config.internalTransactionAdvisor'
2025-11-28 16:42:33 [restartedMain] TRACE o.s.b.f.s.DefaultListableBeanFactory - Returning cached instance of singleton bean 'org.springframework.transaction.config.internalTransactionAdvisor'
2025-11-28 16:42:33 [restartedMain] TRACE o.s.b.f.s.DefaultListableBeanFactory - Returning cached instance of singleton bean 'org.springframework.transaction.config.internalTransactionAdvisor'
2025-11-28 16:42:33 [restartedMain] TRACE o.s.b.f.s.DefaultListableBeanFactory - Finished creating instance of bean 'org.springframework.boot.autoconfigure.web.servlet.WebMvcAutoConfiguration$ResourceChainCustomizerConfiguration'
2025-11-28 16:42:33 [restartedMain] TRACE o.s.b.f.s.DefaultListableBeanFactory - Returning cached instance of singleton bean 'spring.web-org.springframework.boot.autoconfigure.web.WebProperties'
2025-11-28 16:42:33 [restartedMain] DEBUG o.s.b.f.s.DefaultListableBeanFactory - Autowiring by type from bean name 'resourceHandlerRegistrationCustomizer' via factory method to bean named 'spring.web-org.springframework.boot.autoconfigure.web.WebProperties'
2025-11-28 16:42:33 [restartedMain] TRACE o.s.b.f.s.DefaultListableBeanFactory - Returning cached instance of singleton bean 'org.springframework.transaction.config.internalTransactionAdvisor'
2025-11-28 16:42:33 [restartedMain] TRACE o.s.b.f.s.DefaultListableBeanFactory - Returning cached instance of singleton bean 'org.springframework.transaction.config.internalTransactionAdvisor'
2025-11-28 16:42:33 [restartedMain] TRACE o.s.b.f.s.DefaultListableBeanFactory - Finished creating instance of bean 'resourceHandlerRegistrationCustomizer'
2025-11-28 16:42:33 [restartedMain] TRACE o.s.b.f.s.DefaultListableBeanFactory - Returning cached instance of singleton bean 'org.springframework.transaction.config.internalTransactionAdvisor'
2025-11-28 16:42:33 [restartedMain] TRACE o.s.b.f.s.DefaultListableBeanFactory - Returning cached instance of singleton bean 'org.springframework.transaction.config.internalTransactionAdvisor'
2025-11-28 16:42:33 [restartedMain] TRACE o.s.b.f.s.DefaultListableBeanFactory - Finished creating instance of bean 'org.springframework.boot.autoconfigure.web.servlet.WebMvcAutoConfiguration$WebMvcAutoConfigurationAdapter'
2025-11-28 16:42:33 [restartedMain] DEBUG o.s.b.f.s.DefaultListableBeanFactory - Creating shared instance of singleton bean 'swaggerWebMvcConfigurer'
2025-11-28 16:42:33 [restartedMain] TRACE o.s.b.f.s.DefaultListableBeanFactory - Creating instance of bean 'swaggerWebMvcConfigurer'
2025-11-28 16:42:33 [restartedMain] TRACE o.s.b.f.s.DefaultListableBeanFactory - Returning cached instance of singleton bean 'org.springframework.transaction.config.internalTransactionAdvisor'
2025-11-28 16:42:33 [restartedMain] DEBUG o.s.b.f.s.DefaultListableBeanFactory - Creating shared instance of singleton bean 'org.springdoc.webmvc.ui.SwaggerConfig'
2025-11-28 16:42:33 [restartedMain] TRACE o.s.b.f.s.DefaultListableBeanFactory - Creating instance of bean 'org.springdoc.webmvc.ui.SwaggerConfig'
2025-11-28 16:42:33 [restartedMain] TRACE o.s.b.f.s.DefaultListableBeanFactory - Returning cached instance of singleton bean 'org.springframework.transaction.config.internalTransactionAdvisor'
2025-11-28 16:42:33 [restartedMain] TRACE o.s.b.f.s.DefaultListableBeanFactory - Returning cached instance of singleton bean 'org.springframework.transaction.config.internalTransactionAdvisor'
2025-11-28 16:42:33 [restartedMain] TRACE o.s.b.f.s.DefaultListableBeanFactory - Returning cached instance of singleton bean 'org.springframework.transaction.config.internalTransactionAdvisor'
2025-11-28 16:42:33 [restartedMain] TRACE o.s.b.f.s.DefaultListableBeanFactory - Finished creating instance of bean 'org.springdoc.webmvc.ui.SwaggerConfig'
2025-11-28 16:42:33 [restartedMain] DEBUG o.s.b.f.s.DefaultListableBeanFactory - Creating shared instance of singleton bean 'org.springdoc.core.properties.SwaggerUiConfigProperties'
2025-11-28 16:42:33 [restartedMain] TRACE o.s.b.f.s.DefaultListableBeanFactory - Creating instance of bean 'org.springdoc.core.properties.SwaggerUiConfigProperties'
2025-11-28 16:42:33 [restartedMain] TRACE o.s.b.f.s.DefaultListableBeanFactory - Returning cached instance of singleton bean 'org.springframework.transaction.config.internalTransactionAdvisor'
2025-11-28 16:42:33 [restartedMain] TRACE o.s.b.f.s.DefaultListableBeanFactory - Returning cached instance of singleton bean 'org.springframework.boot.context.properties.BoundConfigurationProperties'
2025-11-28 16:42:33 [restartedMain] TRACE o.s.b.f.s.DefaultListableBeanFactory - Returning cached instance of singleton bean 'org.springframework.transaction.config.internalTransactionAdvisor'
2025-11-28 16:42:33 [restartedMain] TRACE o.s.b.f.s.DefaultListableBeanFactory - Returning cached instance of singleton bean 'org.springframework.transaction.config.internalTransactionAdvisor'
2025-11-28 16:42:33 [restartedMain] TRACE o.s.b.f.s.DefaultListableBeanFactory - Finished creating instance of bean 'org.springdoc.core.properties.SwaggerUiConfigProperties'
2025-11-28 16:42:33 [restartedMain] DEBUG o.s.b.f.s.DefaultListableBeanFactory - Creating shared instance of singleton bean 'indexPageTransformer'
2025-11-28 16:42:33 [restartedMain] TRACE o.s.b.f.s.DefaultListableBeanFactory - Creating instance of bean 'indexPageTransformer'
2025-11-28 16:42:33 [restartedMain] TRACE o.s.b.f.s.DefaultListableBeanFactory - Returning cached instance of singleton bean 'org.springframework.transaction.config.internalTransactionAdvisor'
2025-11-28 16:42:33 [restartedMain] TRACE o.s.b.f.s.DefaultListableBeanFactory - Returning cached instance of singleton bean 'org.springdoc.webmvc.ui.SwaggerConfig'
2025-11-28 16:42:33 [restartedMain] TRACE o.s.b.f.s.DefaultListableBeanFactory - Returning cached instance of singleton bean 'org.springdoc.core.properties.SwaggerUiConfigProperties'
2025-11-28 16:42:33 [restartedMain] DEBUG o.s.b.f.s.DefaultListableBeanFactory - Creating shared instance of singleton bean 'org.springdoc.core.properties.SwaggerUiOAuthProperties'
2025-11-28 16:42:33 [restartedMain] TRACE o.s.b.f.s.DefaultListableBeanFactory - Creating instance of bean 'org.springdoc.core.properties.SwaggerUiOAuthProperties'
2025-11-28 16:42:33 [restartedMain] TRACE o.s.b.f.s.DefaultListableBeanFactory - Returning cached instance of singleton bean 'org.springframework.transaction.config.internalTransactionAdvisor'
2025-11-28 16:42:33 [restartedMain] TRACE o.s.b.f.s.DefaultListableBeanFactory - Returning cached instance of singleton bean 'org.springframework.boot.context.properties.BoundConfigurationProperties'
2025-11-28 16:42:33 [restartedMain] TRACE o.s.b.f.s.DefaultListableBeanFactory - Returning cached instance of singleton bean 'org.springframework.transaction.config.internalTransactionAdvisor'
2025-11-28 16:42:33 [restartedMain] TRACE o.s.b.f.s.DefaultListableBeanFactory - Returning cached instance of singleton bean 'org.springframework.transaction.config.internalTransactionAdvisor'
2025-11-28 16:42:33 [restartedMain] TRACE o.s.b.f.s.DefaultListableBeanFactory - Finished creating instance of bean 'org.springdoc.core.properties.SwaggerUiOAuthProperties'
2025-11-28 16:42:33 [restartedMain] DEBUG o.s.b.f.s.DefaultListableBeanFactory - Creating shared instance of singleton bean 'swaggerWelcome'
2025-11-28 16:42:33 [restartedMain] TRACE o.s.b.f.s.DefaultListableBeanFactory - Creating instance of bean 'swaggerWelcome'
2025-11-28 16:42:33 [restartedMain] TRACE o.s.b.f.s.DefaultListableBeanFactory - Returning cached instance of singleton bean 'org.springframework.transaction.config.internalTransactionAdvisor'
2025-11-28 16:42:33 [restartedMain] TRACE o.s.b.f.s.DefaultListableBeanFactory - Returning cached instance of singleton bean 'org.springdoc.webmvc.ui.SwaggerConfig'
2025-11-28 16:42:33 [restartedMain] TRACE o.s.b.f.s.DefaultListableBeanFactory - Returning cached instance of singleton bean 'org.springdoc.core.properties.SwaggerUiConfigProperties'
2025-11-28 16:42:33 [restartedMain] DEBUG o.s.b.f.s.DefaultListableBeanFactory - Creating shared instance of singleton bean 'org.springdoc.core.properties.SpringDocConfigProperties'
2025-11-28 16:42:33 [restartedMain] TRACE o.s.b.f.s.DefaultListableBeanFactory - Creating instance of bean 'org.springdoc.core.properties.SpringDocConfigProperties'
2025-11-28 16:42:33 [restartedMain] TRACE o.s.b.f.s.DefaultListableBeanFactory - Returning cached instance of singleton bean 'org.springframework.transaction.config.internalTransactionAdvisor'
2025-11-28 16:42:33 [restartedMain] TRACE o.s.b.f.s.DefaultListableBeanFactory - Returning cached instance of singleton bean 'org.springframework.boot.context.properties.BoundConfigurationProperties'
2025-11-28 16:42:33 [restartedMain] TRACE o.s.b.f.s.DefaultListableBeanFactory - Returning cached instance of singleton bean 'org.springframework.transaction.config.internalTransactionAdvisor'
2025-11-28 16:42:33 [restartedMain] TRACE o.s.b.f.s.DefaultListableBeanFactory - Returning cached instance of singleton bean 'org.springframework.transaction.config.internalTransactionAdvisor'
2025-11-28 16:42:33 [restartedMain] TRACE o.s.b.f.s.DefaultListableBeanFactory - Finished creating instance of bean 'org.springdoc.core.properties.SpringDocConfigProperties'
2025-11-28 16:42:33 [restartedMain] DEBUG o.s.b.f.s.DefaultListableBeanFactory - Creating shared instance of singleton bean 'springWebProvider'
2025-11-28 16:42:33 [restartedMain] TRACE o.s.b.f.s.DefaultListableBeanFactory - Creating instance of bean 'springWebProvider'
2025-11-28 16:42:33 [restartedMain] TRACE o.s.b.f.s.DefaultListableBeanFactory - Returning cached instance of singleton bean 'org.springframework.transaction.config.internalTransactionAdvisor'
2025-11-28 16:42:33 [restartedMain] DEBUG o.s.b.f.s.DefaultListableBeanFactory - Creating shared instance of singleton bean 'org.springdoc.webmvc.core.configuration.SpringDocWebMvcConfiguration'
2025-11-28 16:42:33 [restartedMain] TRACE o.s.b.f.s.DefaultListableBeanFactory - Creating instance of bean 'org.springdoc.webmvc.core.configuration.SpringDocWebMvcConfiguration'
2025-11-28 16:42:33 [restartedMain] TRACE o.s.b.f.s.DefaultListableBeanFactory - Returning cached instance of singleton bean 'org.springframework.transaction.config.internalTransactionAdvisor'
2025-11-28 16:42:33 [restartedMain] TRACE o.s.b.f.s.DefaultListableBeanFactory - Returning cached instance of singleton bean 'org.springframework.transaction.config.internalTransactionAdvisor'
2025-11-28 16:42:33 [restartedMain] TRACE o.s.b.f.s.DefaultListableBeanFactory - Returning cached instance of singleton bean 'org.springframework.transaction.config.internalTransactionAdvisor'
2025-11-28 16:42:33 [restartedMain] TRACE o.s.b.f.s.DefaultListableBeanFactory - Finished creating instance of bean 'org.springdoc.webmvc.core.configuration.SpringDocWebMvcConfiguration'
2025-11-28 16:42:33 [restartedMain] TRACE o.s.b.f.s.DefaultListableBeanFactory - Returning cached instance of singleton bean 'org.springframework.transaction.config.internalTransactionAdvisor'
2025-11-28 16:42:33 [restartedMain] TRACE o.s.b.f.s.DefaultListableBeanFactory - Returning cached instance of singleton bean 'org.springframework.transaction.config.internalTransactionAdvisor'
2025-11-28 16:42:33 [restartedMain] TRACE o.s.b.f.s.DefaultListableBeanFactory - Finished creating instance of bean 'springWebProvider'
2025-11-28 16:42:33 [restartedMain] DEBUG o.s.b.f.s.DefaultListableBeanFactory - Autowiring by type from bean name 'swaggerWelcome' via factory method to bean named 'org.springdoc.core.properties.SwaggerUiConfigProperties'
2025-11-28 16:42:33 [restartedMain] DEBUG o.s.b.f.s.DefaultListableBeanFactory - Autowiring by type from bean name 'swaggerWelcome' via factory method to bean named 'org.springdoc.core.properties.SpringDocConfigProperties'
2025-11-28 16:42:33 [restartedMain] DEBUG o.s.b.f.s.DefaultListableBeanFactory - Autowiring by type from bean name 'swaggerWelcome' via factory method to bean named 'springWebProvider'
2025-11-28 16:42:33 [restartedMain] TRACE o.s.b.f.s.DefaultListableBeanFactory - Returning cached instance of singleton bean 'org.springframework.transaction.config.internalTransactionAdvisor'
2025-11-28 16:42:33 [restartedMain] TRACE o.s.b.f.s.DefaultListableBeanFactory - Returning cached instance of singleton bean 'org.springframework.transaction.config.internalTransactionAdvisor'
2025-11-28 16:42:33 [restartedMain] TRACE o.s.b.f.s.DefaultListableBeanFactory - Finished creating instance of bean 'swaggerWelcome'
2025-11-28 16:42:33 [restartedMain] DEBUG o.s.b.f.s.DefaultListableBeanFactory - Creating shared instance of singleton bean 'springdocObjectMapperProvider'
2025-11-28 16:42:33 [restartedMain] TRACE o.s.b.f.s.DefaultListableBeanFactory - Creating instance of bean 'springdocObjectMapperProvider'
2025-11-28 16:42:33 [restartedMain] TRACE o.s.b.f.s.DefaultListableBeanFactory - Returning cached instance of singleton bean 'org.springframework.transaction.config.internalTransactionAdvisor'
2025-11-28 16:42:33 [restartedMain] DEBUG o.s.b.f.s.DefaultListableBeanFactory - Creating shared instance of singleton bean 'org.springdoc.core.configuration.SpringDocConfiguration'
2025-11-28 16:42:33 [restartedMain] TRACE o.s.b.f.s.DefaultListableBeanFactory - Creating instance of bean 'org.springdoc.core.configuration.SpringDocConfiguration'
2025-11-28 16:42:33 [restartedMain] TRACE o.s.b.f.s.DefaultListableBeanFactory - Returning cached instance of singleton bean 'org.springframework.transaction.config.internalTransactionAdvisor'
2025-11-28 16:42:33 [restartedMain] TRACE o.s.b.f.s.DefaultListableBeanFactory - Returning cached instance of singleton bean 'org.springframework.transaction.config.internalTransactionAdvisor'
2025-11-28 16:42:33 [restartedMain] TRACE o.s.b.f.s.DefaultListableBeanFactory - Returning cached instance of singleton bean 'org.springframework.transaction.config.internalTransactionAdvisor'
2025-11-28 16:42:33 [restartedMain] TRACE o.s.b.f.s.DefaultListableBeanFactory - Finished creating instance of bean 'org.springdoc.core.configuration.SpringDocConfiguration'
2025-11-28 16:42:33 [restartedMain] TRACE o.s.b.f.s.DefaultListableBeanFactory - Returning cached instance of singleton bean 'org.springdoc.core.properties.SpringDocConfigProperties'
2025-11-28 16:42:33 [restartedMain] DEBUG o.s.b.f.s.DefaultListableBeanFactory - Autowiring by type from bean name 'springdocObjectMapperProvider' via factory method to bean named 'org.springdoc.core.properties.SpringDocConfigProperties'
2025-11-28 16:42:33 [restartedMain] TRACE o.s.b.f.s.DefaultListableBeanFactory - Returning cached instance of singleton bean 'org.springframework.transaction.config.internalTransactionAdvisor'
2025-11-28 16:42:33 [restartedMain] TRACE o.s.b.f.s.DefaultListableBeanFactory - Returning cached instance of singleton bean 'org.springframework.transaction.config.internalTransactionAdvisor'
2025-11-28 16:42:33 [restartedMain] TRACE o.s.b.f.s.DefaultListableBeanFactory - Finished creating instance of bean 'springdocObjectMapperProvider'
2025-11-28 16:42:33 [restartedMain] DEBUG o.s.b.f.s.DefaultListableBeanFactory - Autowiring by type from bean name 'indexPageTransformer' via factory method to bean named 'org.springdoc.core.properties.SwaggerUiConfigProperties'
2025-11-28 16:42:33 [restartedMain] DEBUG o.s.b.f.s.DefaultListableBeanFactory - Autowiring by type from bean name 'indexPageTransformer' via factory method to bean named 'org.springdoc.core.properties.SwaggerUiOAuthProperties'
2025-11-28 16:42:33 [restartedMain] DEBUG o.s.b.f.s.DefaultListableBeanFactory - Autowiring by type from bean name 'indexPageTransformer' via factory method to bean named 'swaggerWelcome'
2025-11-28 16:42:33 [restartedMain] DEBUG o.s.b.f.s.DefaultListableBeanFactory - Autowiring by type from bean name 'indexPageTransformer' via factory method to bean named 'springdocObjectMapperProvider'
2025-11-28 16:42:33 [restartedMain] TRACE o.s.b.f.s.DefaultListableBeanFactory - Returning cached instance of singleton bean 'org.springframework.transaction.config.internalTransactionAdvisor'
2025-11-28 16:42:33 [restartedMain] TRACE o.s.b.f.s.DefaultListableBeanFactory - Returning cached instance of singleton bean 'org.springframework.transaction.config.internalTransactionAdvisor'
2025-11-28 16:42:33 [restartedMain] TRACE o.s.b.f.s.DefaultListableBeanFactory - Finished creating instance of bean 'indexPageTransformer'
2025-11-28 16:42:33 [restartedMain] DEBUG o.s.b.f.s.DefaultListableBeanFactory - Creating shared instance of singleton bean 'swaggerResourceResolver'
2025-11-28 16:42:33 [restartedMain] TRACE o.s.b.f.s.DefaultListableBeanFactory - Creating instance of bean 'swaggerResourceResolver'
2025-11-28 16:42:33 [restartedMain] TRACE o.s.b.f.s.DefaultListableBeanFactory - Returning cached instance of singleton bean 'org.springframework.transaction.config.internalTransactionAdvisor'
2025-11-28 16:42:33 [restartedMain] TRACE o.s.b.f.s.DefaultListableBeanFactory - Returning cached instance of singleton bean 'org.springdoc.webmvc.ui.SwaggerConfig'
2025-11-28 16:42:33 [restartedMain] TRACE o.s.b.f.s.DefaultListableBeanFactory - Returning cached instance of singleton bean 'org.springdoc.core.properties.SwaggerUiConfigProperties'
2025-11-28 16:42:33 [restartedMain] DEBUG o.s.b.f.s.DefaultListableBeanFactory - Autowiring by type from bean name 'swaggerResourceResolver' via factory method to bean named 'org.springdoc.core.properties.SwaggerUiConfigProperties'
2025-11-28 16:42:33 [restartedMain] TRACE o.s.b.f.s.DefaultListableBeanFactory - Returning cached instance of singleton bean 'org.springframework.transaction.config.internalTransactionAdvisor'
2025-11-28 16:42:33 [restartedMain] TRACE o.s.b.f.s.DefaultListableBeanFactory - Returning cached instance of singleton bean 'org.springframework.transaction.config.internalTransactionAdvisor'
2025-11-28 16:42:33 [restartedMain] TRACE o.s.b.f.s.DefaultListableBeanFactory - Finished creating instance of bean 'swaggerResourceResolver'
2025-11-28 16:42:33 [restartedMain] DEBUG o.s.b.f.s.DefaultListableBeanFactory - Autowiring by type from bean name 'swaggerWebMvcConfigurer' via factory method to bean named 'org.springdoc.core.properties.SwaggerUiConfigProperties'
2025-11-28 16:42:33 [restartedMain] DEBUG o.s.b.f.s.DefaultListableBeanFactory - Autowiring by type from bean name 'swaggerWebMvcConfigurer' via factory method to bean named 'indexPageTransformer'
2025-11-28 16:42:33 [restartedMain] DEBUG o.s.b.f.s.DefaultListableBeanFactory - Autowiring by type from bean name 'swaggerWebMvcConfigurer' via factory method to bean named 'swaggerResourceResolver'
2025-11-28 16:42:33 [restartedMain] TRACE o.s.b.f.s.DefaultListableBeanFactory - Returning cached instance of singleton bean 'org.springframework.transaction.config.internalTransactionAdvisor'
2025-11-28 16:42:33 [restartedMain] TRACE o.s.b.f.s.DefaultListableBeanFactory - Returning cached instance of singleton bean 'org.springframework.transaction.config.internalTransactionAdvisor'
2025-11-28 16:42:33 [restartedMain] TRACE o.s.b.f.s.DefaultListableBeanFactory - Finished creating instance of bean 'swaggerWebMvcConfigurer'
2025-11-28 16:42:33 [restartedMain] DEBUG o.s.b.f.s.DefaultListableBeanFactory - Creating shared instance of singleton bean 'openEntityManagerInViewInterceptorConfigurer'
2025-11-28 16:42:33 [restartedMain] TRACE o.s.b.f.s.DefaultListableBeanFactory - Creating instance of bean 'openEntityManagerInViewInterceptorConfigurer'
2025-11-28 16:42:33 [restartedMain] TRACE o.s.b.f.s.DefaultListableBeanFactory - Returning cached instance of singleton bean 'org.springframework.transaction.config.internalTransactionAdvisor'
2025-11-28 16:42:33 [restartedMain] DEBUG o.s.b.f.s.DefaultListableBeanFactory - Creating shared instance of singleton bean 'org.springframework.boot.autoconfigure.orm.jpa.JpaBaseConfiguration$JpaWebConfiguration'
2025-11-28 16:42:33 [restartedMain] TRACE o.s.b.f.s.DefaultListableBeanFactory - Creating instance of bean 'org.springframework.boot.autoconfigure.orm.jpa.JpaBaseConfiguration$JpaWebConfiguration'
2025-11-28 16:42:33 [restartedMain] TRACE o.s.b.f.s.DefaultListableBeanFactory - Returning cached instance of singleton bean 'org.springframework.transaction.config.internalTransactionAdvisor'
2025-11-28 16:42:33 [restartedMain] TRACE o.s.b.f.s.DefaultListableBeanFactory - Returning cached instance of singleton bean 'spring.jpa-org.springframework.boot.autoconfigure.orm.jpa.JpaProperties'
2025-11-28 16:42:33 [restartedMain] DEBUG o.s.b.f.s.DefaultListableBeanFactory - Autowiring by type from bean name 'org.springframework.boot.autoconfigure.orm.jpa.JpaBaseConfiguration$JpaWebConfiguration' via constructor to bean named 'spring.jpa-org.springframework.boot.autoconfigure.orm.jpa.JpaProperties'
2025-11-28 16:42:33 [restartedMain] TRACE o.s.b.f.s.DefaultListableBeanFactory - Returning cached instance of singleton bean 'org.springframework.transaction.config.internalTransactionAdvisor'
2025-11-28 16:42:33 [restartedMain] TRACE o.s.b.f.s.DefaultListableBeanFactory - Returning cached instance of singleton bean 'org.springframework.transaction.config.internalTransactionAdvisor'
2025-11-28 16:42:33 [restartedMain] TRACE o.s.b.f.s.DefaultListableBeanFactory - Finished creating instance of bean 'org.springframework.boot.autoconfigure.orm.jpa.JpaBaseConfiguration$JpaWebConfiguration'
2025-11-28 16:42:33 [restartedMain] DEBUG o.s.b.f.s.DefaultListableBeanFactory - Creating shared instance of singleton bean 'openEntityManagerInViewInterceptor'
2025-11-28 16:42:33 [restartedMain] TRACE o.s.b.f.s.DefaultListableBeanFactory - Creating instance of bean 'openEntityManagerInViewInterceptor'
2025-11-28 16:42:33 [restartedMain] TRACE o.s.b.f.s.DefaultListableBeanFactory - Returning cached instance of singleton bean 'org.springframework.transaction.config.internalTransactionAdvisor'
2025-11-28 16:42:33 [restartedMain] TRACE o.s.b.f.s.DefaultListableBeanFactory - Returning cached instance of singleton bean 'org.springframework.boot.autoconfigure.orm.jpa.JpaBaseConfiguration$JpaWebConfiguration'
2025-11-28 16:42:33 [restartedMain] WARN  o.s.b.a.o.j.JpaBaseConfiguration$JpaWebConfiguration - spring.jpa.open-in-view is enabled by default. Therefore, database queries may be performed during view rendering. Explicitly configure spring.jpa.open-in-view to disable this warning
2025-11-28 16:42:33 [restartedMain] TRACE o.s.b.f.s.DefaultListableBeanFactory - Returning cached instance of singleton bean 'entityManagerFactory'
2025-11-28 16:42:33 [restartedMain] TRACE o.s.b.f.s.DefaultListableBeanFactory - Returning cached instance of singleton bean 'org.springframework.transaction.config.internalTransactionAdvisor'
2025-11-28 16:42:33 [restartedMain] TRACE o.s.b.f.s.DefaultListableBeanFactory - Returning cached instance of singleton bean 'org.springframework.transaction.config.internalTransactionAdvisor'
2025-11-28 16:42:33 [restartedMain] TRACE o.s.b.f.s.DefaultListableBeanFactory - Finished creating instance of bean 'openEntityManagerInViewInterceptor'
2025-11-28 16:42:33 [restartedMain] DEBUG o.s.b.f.s.DefaultListableBeanFactory - Autowiring by type from bean name 'openEntityManagerInViewInterceptorConfigurer' via factory method to bean named 'openEntityManagerInViewInterceptor'
2025-11-28 16:42:33 [restartedMain] TRACE o.s.b.f.s.DefaultListableBeanFactory - Returning cached instance of singleton bean 'org.springframework.transaction.config.internalTransactionAdvisor'
2025-11-28 16:42:33 [restartedMain] TRACE o.s.b.f.s.DefaultListableBeanFactory - Returning cached instance of singleton bean 'org.springframework.transaction.config.internalTransactionAdvisor'
2025-11-28 16:42:33 [restartedMain] TRACE o.s.b.f.s.DefaultListableBeanFactory - Finished creating instance of bean 'openEntityManagerInViewInterceptorConfigurer'
2025-11-28 16:42:33 [restartedMain] DEBUG o.s.b.f.s.DefaultListableBeanFactory - Creating shared instance of singleton bean 'org.springframework.data.web.config.SpringDataWebConfiguration'
2025-11-28 16:42:33 [restartedMain] TRACE o.s.b.f.s.DefaultListableBeanFactory - Creating instance of bean 'org.springframework.data.web.config.SpringDataWebConfiguration'
2025-11-28 16:42:33 [restartedMain] TRACE o.s.b.f.s.DefaultListableBeanFactory - Returning cached instance of singleton bean 'org.springframework.transaction.config.internalTransactionAdvisor'
2025-11-28 16:42:33 [restartedMain] DEBUG o.s.b.f.s.DefaultListableBeanFactory - Autowiring by type from bean name 'org.springframework.data.web.config.SpringDataWebConfiguration' via constructor to bean named 'org.springframework.boot.web.servlet.context.AnnotationConfigServletWebServerApplicationContext@2aa80228'
2025-11-28 16:42:33 [restartedMain] TRACE o.s.b.f.s.DefaultListableBeanFactory - Returning cached instance of singleton bean 'org.springframework.transaction.config.internalTransactionAdvisor'
2025-11-28 16:42:33 [restartedMain] TRACE o.s.b.f.s.DefaultListableBeanFactory - Returning cached instance of singleton bean 'org.springframework.transaction.config.internalTransactionAdvisor'
2025-11-28 16:42:33 [restartedMain] TRACE o.s.b.f.s.DefaultListableBeanFactory - Finished creating instance of bean 'org.springframework.data.web.config.SpringDataWebConfiguration'
2025-11-28 16:42:33 [restartedMain] TRACE o.s.b.f.a.AutowiredAnnotationBeanPostProcessor - Autowiring by type from bean name 'org.springframework.boot.autoconfigure.web.servlet.WebMvcAutoConfiguration$EnableWebMvcConfiguration' to bean named 'org.springframework.security.config.annotation.web.configuration.WebMvcSecurityConfiguration'
2025-11-28 16:42:33 [restartedMain] TRACE o.s.b.f.a.AutowiredAnnotationBeanPostProcessor - Autowiring by type from bean name 'org.springframework.boot.autoconfigure.web.servlet.WebMvcAutoConfiguration$EnableWebMvcConfiguration' to bean named 'org.springframework.boot.autoconfigure.web.servlet.WebMvcAutoConfiguration$WebMvcAutoConfigurationAdapter'
2025-11-28 16:42:33 [restartedMain] TRACE o.s.b.f.a.AutowiredAnnotationBeanPostProcessor - Autowiring by type from bean name 'org.springframework.boot.autoconfigure.web.servlet.WebMvcAutoConfiguration$EnableWebMvcConfiguration' to bean named 'swaggerWebMvcConfigurer'
2025-11-28 16:42:33 [restartedMain] TRACE o.s.b.f.a.AutowiredAnnotationBeanPostProcessor - Autowiring by type from bean name 'org.springframework.boot.autoconfigure.web.servlet.WebMvcAutoConfiguration$EnableWebMvcConfiguration' to bean named 'openEntityManagerInViewInterceptorConfigurer'
2025-11-28 16:42:33 [restartedMain] TRACE o.s.b.f.a.AutowiredAnnotationBeanPostProcessor - Autowiring by type from bean name 'org.springframework.boot.autoconfigure.web.servlet.WebMvcAutoConfiguration$EnableWebMvcConfiguration' to bean named 'org.springframework.data.web.config.SpringDataWebConfiguration'
2025-11-28 16:42:33 [restartedMain] TRACE o.s.b.f.s.DefaultListableBeanFactory - Returning cached instance of singleton bean 'org.springframework.transaction.config.internalTransactionAdvisor'
2025-11-28 16:42:33 [restartedMain] TRACE o.s.b.f.s.DefaultListableBeanFactory - Returning cached instance of singleton bean 'org.springframework.transaction.config.internalTransactionAdvisor'
2025-11-28 16:42:33 [restartedMain] TRACE o.s.b.f.s.DefaultListableBeanFactory - Finished creating instance of bean 'org.springframework.boot.autoconfigure.web.servlet.WebMvcAutoConfiguration$EnableWebMvcConfiguration'
2025-11-28 16:42:33 [restartedMain] TRACE o.s.b.f.s.DefaultListableBeanFactory - Returning cached instance of singleton bean 'org.springframework.transaction.config.internalTransactionAdvisor'
2025-11-28 16:42:33 [restartedMain] TRACE o.s.b.f.s.DefaultListableBeanFactory - Returning cached instance of singleton bean 'org.springframework.transaction.config.internalTransactionAdvisor'
2025-11-28 16:42:33 [restartedMain] TRACE o.s.b.f.s.DefaultListableBeanFactory - Finished creating instance of bean 'mvcContentNegotiationManager'
2025-11-28 16:42:33 [restartedMain] TRACE o.s.b.f.a.AutowiredAnnotationBeanPostProcessor - Autowiring by type from bean name 'org.springframework.security.config.annotation.web.configuration.HttpSecurityConfiguration' to bean named 'mvcContentNegotiationManager'
2025-11-28 16:42:33 [restartedMain] TRACE o.s.b.f.s.DefaultListableBeanFactory - Returning cached instance of singleton bean 'org.springframework.transaction.config.internalTransactionAdvisor'
2025-11-28 16:42:33 [restartedMain] TRACE o.s.b.f.s.DefaultListableBeanFactory - Returning cached instance of singleton bean 'org.springframework.transaction.config.internalTransactionAdvisor'
2025-11-28 16:42:33 [restartedMain] TRACE o.s.b.f.s.DefaultListableBeanFactory - Finished creating instance of bean 'org.springframework.security.config.annotation.web.configuration.HttpSecurityConfiguration'
2025-11-28 16:42:33 [restartedMain] TRACE o.s.b.f.s.DefaultListableBeanFactory - Returning cached instance of singleton bean 'authenticationEventPublisher'
2025-11-28 16:42:33 [restartedMain] TRACE o.s.b.f.s.DefaultListableBeanFactory - Returning cached instance of singleton bean 'org.springframework.transaction.config.internalTransactionAdvisor'
2025-11-28 16:42:33 [restartedMain] TRACE o.s.b.f.s.DefaultListableBeanFactory - Returning cached instance of singleton bean 'org.springframework.transaction.config.internalTransactionAdvisor'
2025-11-28 16:42:33 [restartedMain] TRACE o.s.b.f.s.DefaultListableBeanFactory - Finished creating instance of bean 'org.springframework.security.config.annotation.web.configuration.HttpSecurityConfiguration.httpSecurity'
2025-11-28 16:42:33 [restartedMain] TRACE o.s.b.f.a.AutowiredAnnotationBeanPostProcessor - Autowiring by type from bean name 'org.springframework.security.config.annotation.web.configuration.WebSecurityConfiguration' to bean named 'org.springframework.security.config.annotation.web.configuration.HttpSecurityConfiguration.httpSecurity'
2025-11-28 16:42:33 [restartedMain] TRACE o.s.b.f.s.DefaultListableBeanFactory - Returning cached instance of singleton bean 'objectPostProcessor'
2025-11-28 16:42:33 [restartedMain] TRACE o.s.b.f.a.AutowiredAnnotationBeanPostProcessor - Autowiring by type from bean name 'org.springframework.security.config.annotation.web.configuration.WebSecurityConfiguration' to bean named 'objectPostProcessor'
2025-11-28 16:42:33 [restartedMain] TRACE o.s.b.f.a.AutowiredAnnotationBeanPostProcessor - Autowiring by type from bean name 'org.springframework.security.config.annotation.web.configuration.WebSecurityConfiguration' to bean named 'org.springframework.beans.factory.support.DefaultListableBeanFactory@79128d90'
2025-11-28 16:42:33 [restartedMain] DEBUG o.s.b.f.s.DefaultListableBeanFactory - Creating shared instance of singleton bean 'filterChainDecoratorPostProcessor'
2025-11-28 16:42:33 [restartedMain] TRACE o.s.b.f.s.DefaultListableBeanFactory - Creating instance of bean 'filterChainDecoratorPostProcessor'
2025-11-28 16:42:33 [restartedMain] TRACE o.s.b.f.s.DefaultListableBeanFactory - Returning cached instance of singleton bean 'org.springframework.transaction.config.internalTransactionAdvisor'
2025-11-28 16:42:33 [restartedMain] TRACE o.s.b.f.s.DefaultListableBeanFactory - Returning cached instance of singleton bean 'org.springframework.transaction.config.internalTransactionAdvisor'
2025-11-28 16:42:33 [restartedMain] TRACE o.s.b.f.s.DefaultListableBeanFactory - Returning cached instance of singleton bean 'org.springframework.transaction.config.internalTransactionAdvisor'
2025-11-28 16:42:33 [restartedMain] TRACE o.s.b.f.s.DefaultListableBeanFactory - Finished creating instance of bean 'filterChainDecoratorPostProcessor'
2025-11-28 16:42:33 [restartedMain] DEBUG o.s.b.f.s.DefaultListableBeanFactory - Creating shared instance of singleton bean 'mvcHandlerMappingIntrospectorRequestTransformer'
2025-11-28 16:42:33 [restartedMain] TRACE o.s.b.f.s.DefaultListableBeanFactory - Creating instance of bean 'mvcHandlerMappingIntrospectorRequestTransformer'
2025-11-28 16:42:33 [restartedMain] TRACE o.s.b.f.s.DefaultListableBeanFactory - Returning cached instance of singleton bean 'org.springframework.transaction.config.internalTransactionAdvisor'
2025-11-28 16:42:33 [restartedMain] DEBUG o.s.b.f.s.DefaultListableBeanFactory - Creating shared instance of singleton bean 'mvcHandlerMappingIntrospector'
2025-11-28 16:42:33 [restartedMain] TRACE o.s.b.f.s.DefaultListableBeanFactory - Creating instance of bean 'mvcHandlerMappingIntrospector'
2025-11-28 16:42:33 [restartedMain] TRACE o.s.b.f.s.DefaultListableBeanFactory - Returning cached instance of singleton bean 'org.springframework.transaction.config.internalTransactionAdvisor'
2025-11-28 16:42:33 [restartedMain] TRACE o.s.b.f.s.DefaultListableBeanFactory - Returning cached instance of singleton bean 'org.springframework.boot.autoconfigure.web.servlet.WebMvcAutoConfiguration$EnableWebMvcConfiguration'
2025-11-28 16:42:33 [restartedMain] TRACE o.s.b.f.s.DefaultListableBeanFactory - Invoking afterPropertiesSet() on bean with name 'mvcHandlerMappingIntrospector'
2025-11-28 16:42:33 [restartedMain] DEBUG o.s.b.f.s.DefaultListableBeanFactory - Creating shared instance of singleton bean 'welcomePageHandlerMapping'
2025-11-28 16:42:33 [restartedMain] TRACE o.s.b.f.s.DefaultListableBeanFactory - Creating instance of bean 'welcomePageHandlerMapping'
2025-11-28 16:42:33 [restartedMain] TRACE o.s.b.f.s.DefaultListableBeanFactory - Returning cached instance of singleton bean 'org.springframework.transaction.config.internalTransactionAdvisor'
2025-11-28 16:42:33 [restartedMain] TRACE o.s.b.f.s.DefaultListableBeanFactory - Returning cached instance of singleton bean 'org.springframework.boot.autoconfigure.web.servlet.WebMvcAutoConfiguration$EnableWebMvcConfiguration'
2025-11-28 16:42:33 [restartedMain] DEBUG o.s.b.f.s.DefaultListableBeanFactory - Creating shared instance of singleton bean 'mvcConversionService'
2025-11-28 16:42:33 [restartedMain] TRACE o.s.b.f.s.DefaultListableBeanFactory - Creating instance of bean 'mvcConversionService'
2025-11-28 16:42:33 [restartedMain] TRACE o.s.b.f.s.DefaultListableBeanFactory - Returning cached instance of singleton bean 'org.springframework.transaction.config.internalTransactionAdvisor'
2025-11-28 16:42:33 [restartedMain] TRACE o.s.b.f.s.DefaultListableBeanFactory - Returning cached instance of singleton bean 'org.springframework.boot.autoconfigure.web.servlet.WebMvcAutoConfiguration$EnableWebMvcConfiguration'
2025-11-28 16:42:33 [restartedMain] TRACE o.s.b.f.s.DefaultListableBeanFactory - Returning cached instance of singleton bean 'org.springframework.transaction.config.internalTransactionAdvisor'
2025-11-28 16:42:33 [restartedMain] TRACE o.s.b.f.s.DefaultListableBeanFactory - Returning cached instance of singleton bean 'org.springframework.transaction.config.internalTransactionAdvisor'
2025-11-28 16:42:33 [restartedMain] TRACE o.s.b.f.s.DefaultListableBeanFactory - Finished creating instance of bean 'mvcConversionService'
2025-11-28 16:42:33 [restartedMain] DEBUG o.s.b.f.s.DefaultListableBeanFactory - Creating shared instance of singleton bean 'mvcResourceUrlProvider'
2025-11-28 16:42:33 [restartedMain] TRACE o.s.b.f.s.DefaultListableBeanFactory - Creating instance of bean 'mvcResourceUrlProvider'
2025-11-28 16:42:33 [restartedMain] TRACE o.s.b.f.s.DefaultListableBeanFactory - Returning cached instance of singleton bean 'org.springframework.transaction.config.internalTransactionAdvisor'
2025-11-28 16:42:33 [restartedMain] TRACE o.s.b.f.s.DefaultListableBeanFactory - Returning cached instance of singleton bean 'org.springframework.boot.autoconfigure.web.servlet.WebMvcAutoConfiguration$EnableWebMvcConfiguration'
2025-11-28 16:42:33 [restartedMain] TRACE o.s.b.f.s.DefaultListableBeanFactory - Returning cached instance of singleton bean 'org.springframework.transaction.config.internalTransactionAdvisor'
2025-11-28 16:42:33 [restartedMain] TRACE o.s.b.f.s.DefaultListableBeanFactory - Returning cached instance of singleton bean 'org.springframework.transaction.config.internalTransactionAdvisor'
2025-11-28 16:42:33 [restartedMain] TRACE o.s.b.f.s.DefaultListableBeanFactory - Finished creating instance of bean 'mvcResourceUrlProvider'
2025-11-28 16:42:33 [restartedMain] DEBUG o.s.b.f.s.DefaultListableBeanFactory - Autowiring by type from bean name 'welcomePageHandlerMapping' via factory method to bean named 'org.springframework.boot.web.servlet.context.AnnotationConfigServletWebServerApplicationContext@2aa80228'
2025-11-28 16:42:33 [restartedMain] DEBUG o.s.b.f.s.DefaultListableBeanFactory - Autowiring by type from bean name 'welcomePageHandlerMapping' via factory method to bean named 'mvcConversionService'
2025-11-28 16:42:33 [restartedMain] DEBUG o.s.b.f.s.DefaultListableBeanFactory - Autowiring by type from bean name 'welcomePageHandlerMapping' via factory method to bean named 'mvcResourceUrlProvider'
2025-11-28 16:42:34 [restartedMain] TRACE o.s.b.f.s.DefaultListableBeanFactory - Returning cached instance of singleton bean 'org.springframework.transaction.config.internalTransactionAdvisor'
2025-11-28 16:42:34 [restartedMain] TRACE o.s.b.f.s.DefaultListableBeanFactory - Returning cached instance of singleton bean 'org.springframework.transaction.config.internalTransactionAdvisor'
2025-11-28 16:42:34 [restartedMain] TRACE o.s.b.f.s.DefaultListableBeanFactory - Finished creating instance of bean 'welcomePageHandlerMapping'
2025-11-28 16:42:34 [restartedMain] DEBUG o.s.b.f.s.DefaultListableBeanFactory - Creating shared instance of singleton bean 'welcomePageNotAcceptableHandlerMapping'
2025-11-28 16:42:34 [restartedMain] TRACE o.s.b.f.s.DefaultListableBeanFactory - Creating instance of bean 'welcomePageNotAcceptableHandlerMapping'
2025-11-28 16:42:34 [restartedMain] TRACE o.s.b.f.s.DefaultListableBeanFactory - Returning cached instance of singleton bean 'org.springframework.transaction.config.internalTransactionAdvisor'
2025-11-28 16:42:34 [restartedMain] TRACE o.s.b.f.s.DefaultListableBeanFactory - Returning cached instance of singleton bean 'org.springframework.boot.autoconfigure.web.servlet.WebMvcAutoConfiguration$EnableWebMvcConfiguration'
2025-11-28 16:42:34 [restartedMain] TRACE o.s.b.f.s.DefaultListableBeanFactory - Returning cached instance of singleton bean 'mvcConversionService'
2025-11-28 16:42:34 [restartedMain] TRACE o.s.b.f.s.DefaultListableBeanFactory - Returning cached instance of singleton bean 'mvcResourceUrlProvider'
2025-11-28 16:42:34 [restartedMain] DEBUG o.s.b.f.s.DefaultListableBeanFactory - Autowiring by type from bean name 'welcomePageNotAcceptableHandlerMapping' via factory method to bean named 'org.springframework.boot.web.servlet.context.AnnotationConfigServletWebServerApplicationContext@2aa80228'
2025-11-28 16:42:34 [restartedMain] DEBUG o.s.b.f.s.DefaultListableBeanFactory - Autowiring by type from bean name 'welcomePageNotAcceptableHandlerMapping' via factory method to bean named 'mvcConversionService'
2025-11-28 16:42:34 [restartedMain] DEBUG o.s.b.f.s.DefaultListableBeanFactory - Autowiring by type from bean name 'welcomePageNotAcceptableHandlerMapping' via factory method to bean named 'mvcResourceUrlProvider'
2025-11-28 16:42:34 [restartedMain] TRACE o.s.b.f.s.DefaultListableBeanFactory - Returning cached instance of singleton bean 'org.springframework.transaction.config.internalTransactionAdvisor'
2025-11-28 16:42:34 [restartedMain] TRACE o.s.b.f.s.DefaultListableBeanFactory - Returning cached instance of singleton bean 'org.springframework.transaction.config.internalTransactionAdvisor'
2025-11-28 16:42:34 [restartedMain] TRACE o.s.b.f.s.DefaultListableBeanFactory - Finished creating instance of bean 'welcomePageNotAcceptableHandlerMapping'
2025-11-28 16:42:34 [restartedMain] DEBUG o.s.b.f.s.DefaultListableBeanFactory - Creating shared instance of singleton bean 'requestMappingHandlerMapping'
2025-11-28 16:42:34 [restartedMain] TRACE o.s.b.f.s.DefaultListableBeanFactory - Creating instance of bean 'requestMappingHandlerMapping'
2025-11-28 16:42:34 [restartedMain] TRACE o.s.b.f.s.DefaultListableBeanFactory - Returning cached instance of singleton bean 'org.springframework.transaction.config.internalTransactionAdvisor'
2025-11-28 16:42:34 [restartedMain] TRACE o.s.b.f.s.DefaultListableBeanFactory - Returning cached instance of singleton bean 'org.springframework.boot.autoconfigure.web.servlet.WebMvcAutoConfiguration$EnableWebMvcConfiguration'
2025-11-28 16:42:34 [restartedMain] TRACE o.s.b.f.s.DefaultListableBeanFactory - Returning cached instance of singleton bean 'mvcContentNegotiationManager'
2025-11-28 16:42:34 [restartedMain] TRACE o.s.b.f.s.DefaultListableBeanFactory - Returning cached instance of singleton bean 'mvcConversionService'
2025-11-28 16:42:34 [restartedMain] TRACE o.s.b.f.s.DefaultListableBeanFactory - Returning cached instance of singleton bean 'mvcResourceUrlProvider'
2025-11-28 16:42:34 [restartedMain] DEBUG o.s.b.f.s.DefaultListableBeanFactory - Autowiring by type from bean name 'requestMappingHandlerMapping' via factory method to bean named 'mvcContentNegotiationManager'
2025-11-28 16:42:34 [restartedMain] DEBUG o.s.b.f.s.DefaultListableBeanFactory - Autowiring by type from bean name 'requestMappingHandlerMapping' via factory method to bean named 'mvcConversionService'
2025-11-28 16:42:34 [restartedMain] DEBUG o.s.b.f.s.DefaultListableBeanFactory - Autowiring by type from bean name 'requestMappingHandlerMapping' via factory method to bean named 'mvcResourceUrlProvider'
2025-11-28 16:42:34 [restartedMain] TRACE o.s.b.f.s.DefaultListableBeanFactory - Invoking afterPropertiesSet() on bean with name 'requestMappingHandlerMapping'
2025-11-28 16:42:34 [restartedMain] DEBUG o.s.w.s.m.m.a.RequestMappingHandlerMapping - 33 mappings in 'requestMappingHandlerMapping'
2025-11-28 16:42:34 [restartedMain] TRACE o.s.b.f.s.DefaultListableBeanFactory - Returning cached instance of singleton bean 'org.springframework.transaction.config.internalTransactionAdvisor'
2025-11-28 16:42:34 [restartedMain] TRACE o.s.b.f.s.DefaultListableBeanFactory - Returning cached instance of singleton bean 'org.springframework.transaction.config.internalTransactionAdvisor'
2025-11-28 16:42:34 [restartedMain] TRACE o.s.b.f.s.DefaultListableBeanFactory - Finished creating instance of bean 'requestMappingHandlerMapping'
2025-11-28 16:42:34 [restartedMain] DEBUG o.s.b.f.s.DefaultListableBeanFactory - Creating shared instance of singleton bean 'viewControllerHandlerMapping'
2025-11-28 16:42:34 [restartedMain] TRACE o.s.b.f.s.DefaultListableBeanFactory - Creating instance of bean 'viewControllerHandlerMapping'
2025-11-28 16:42:34 [restartedMain] TRACE o.s.b.f.s.DefaultListableBeanFactory - Returning cached instance of singleton bean 'org.springframework.transaction.config.internalTransactionAdvisor'
2025-11-28 16:42:34 [restartedMain] TRACE o.s.b.f.s.DefaultListableBeanFactory - Returning cached instance of singleton bean 'org.springframework.boot.autoconfigure.web.servlet.WebMvcAutoConfiguration$EnableWebMvcConfiguration'
2025-11-28 16:42:34 [restartedMain] TRACE o.s.b.f.s.DefaultListableBeanFactory - Returning cached instance of singleton bean 'mvcConversionService'
2025-11-28 16:42:34 [restartedMain] TRACE o.s.b.f.s.DefaultListableBeanFactory - Returning cached instance of singleton bean 'mvcResourceUrlProvider'
2025-11-28 16:42:34 [restartedMain] DEBUG o.s.b.f.s.DefaultListableBeanFactory - Autowiring by type from bean name 'viewControllerHandlerMapping' via factory method to bean named 'mvcConversionService'
2025-11-28 16:42:34 [restartedMain] DEBUG o.s.b.f.s.DefaultListableBeanFactory - Autowiring by type from bean name 'viewControllerHandlerMapping' via factory method to bean named 'mvcResourceUrlProvider'
2025-11-28 16:42:34 [restartedMain] TRACE o.s.b.f.s.DefaultListableBeanFactory - Returning cached instance of singleton bean 'org.springframework.transaction.config.internalTransactionAdvisor'
2025-11-28 16:42:34 [restartedMain] TRACE o.s.b.f.s.DefaultListableBeanFactory - Returning cached instance of singleton bean 'org.springframework.transaction.config.internalTransactionAdvisor'
2025-11-28 16:42:34 [restartedMain] TRACE o.s.b.f.s.DefaultListableBeanFactory - Finished creating instance of bean 'viewControllerHandlerMapping'
2025-11-28 16:42:34 [restartedMain] DEBUG o.s.b.f.s.DefaultListableBeanFactory - Creating shared instance of singleton bean 'beanNameHandlerMapping'
2025-11-28 16:42:34 [restartedMain] TRACE o.s.b.f.s.DefaultListableBeanFactory - Creating instance of bean 'beanNameHandlerMapping'
2025-11-28 16:42:34 [restartedMain] TRACE o.s.b.f.s.DefaultListableBeanFactory - Returning cached instance of singleton bean 'org.springframework.transaction.config.internalTransactionAdvisor'
2025-11-28 16:42:34 [restartedMain] TRACE o.s.b.f.s.DefaultListableBeanFactory - Returning cached instance of singleton bean 'org.springframework.boot.autoconfigure.web.servlet.WebMvcAutoConfiguration$EnableWebMvcConfiguration'
2025-11-28 16:42:34 [restartedMain] TRACE o.s.b.f.s.DefaultListableBeanFactory - Returning cached instance of singleton bean 'mvcConversionService'
2025-11-28 16:42:34 [restartedMain] TRACE o.s.b.f.s.DefaultListableBeanFactory - Returning cached instance of singleton bean 'mvcResourceUrlProvider'
2025-11-28 16:42:34 [restartedMain] DEBUG o.s.b.f.s.DefaultListableBeanFactory - Autowiring by type from bean name 'beanNameHandlerMapping' via factory method to bean named 'mvcConversionService'
2025-11-28 16:42:34 [restartedMain] DEBUG o.s.b.f.s.DefaultListableBeanFactory - Autowiring by type from bean name 'beanNameHandlerMapping' via factory method to bean named 'mvcResourceUrlProvider'
2025-11-28 16:42:34 [restartedMain] TRACE o.s.b.f.s.DefaultListableBeanFactory - Returning cached instance of singleton bean 'org.springframework.transaction.config.internalTransactionAdvisor'
2025-11-28 16:42:34 [restartedMain] TRACE o.s.b.f.s.DefaultListableBeanFactory - Returning cached instance of singleton bean 'org.springframework.transaction.config.internalTransactionAdvisor'
2025-11-28 16:42:34 [restartedMain] TRACE o.s.b.f.s.DefaultListableBeanFactory - Finished creating instance of bean 'beanNameHandlerMapping'
2025-11-28 16:42:34 [restartedMain] DEBUG o.s.b.f.s.DefaultListableBeanFactory - Creating shared instance of singleton bean 'routerFunctionMapping'
2025-11-28 16:42:34 [restartedMain] TRACE o.s.b.f.s.DefaultListableBeanFactory - Creating instance of bean 'routerFunctionMapping'
2025-11-28 16:42:34 [restartedMain] TRACE o.s.b.f.s.DefaultListableBeanFactory - Returning cached instance of singleton bean 'org.springframework.transaction.config.internalTransactionAdvisor'
2025-11-28 16:42:34 [restartedMain] TRACE o.s.b.f.s.DefaultListableBeanFactory - Returning cached instance of singleton bean 'org.springframework.boot.autoconfigure.web.servlet.WebMvcAutoConfiguration$EnableWebMvcConfiguration'
2025-11-28 16:42:34 [restartedMain] TRACE o.s.b.f.s.DefaultListableBeanFactory - Returning cached instance of singleton bean 'mvcConversionService'
2025-11-28 16:42:34 [restartedMain] TRACE o.s.b.f.s.DefaultListableBeanFactory - Returning cached instance of singleton bean 'mvcResourceUrlProvider'
2025-11-28 16:42:34 [restartedMain] DEBUG o.s.b.f.s.DefaultListableBeanFactory - Autowiring by type from bean name 'routerFunctionMapping' via factory method to bean named 'mvcConversionService'
2025-11-28 16:42:34 [restartedMain] DEBUG o.s.b.f.s.DefaultListableBeanFactory - Autowiring by type from bean name 'routerFunctionMapping' via factory method to bean named 'mvcResourceUrlProvider'
2025-11-28 16:42:34 [restartedMain] DEBUG o.s.b.f.s.DefaultListableBeanFactory - Creating shared instance of singleton bean 'messageConverters'
2025-11-28 16:42:34 [restartedMain] TRACE o.s.b.f.s.DefaultListableBeanFactory - Creating instance of bean 'messageConverters'
2025-11-28 16:42:34 [restartedMain] TRACE o.s.b.f.s.DefaultListableBeanFactory - Returning cached instance of singleton bean 'org.springframework.transaction.config.internalTransactionAdvisor'
2025-11-28 16:42:34 [restartedMain] DEBUG o.s.b.f.s.DefaultListableBeanFactory - Creating shared instance of singleton bean 'org.springframework.boot.autoconfigure.http.HttpMessageConvertersAutoConfiguration'
2025-11-28 16:42:34 [restartedMain] TRACE o.s.b.f.s.DefaultListableBeanFactory - Creating instance of bean 'org.springframework.boot.autoconfigure.http.HttpMessageConvertersAutoConfiguration'
2025-11-28 16:42:34 [restartedMain] TRACE o.s.b.f.s.DefaultListableBeanFactory - Returning cached instance of singleton bean 'org.springframework.transaction.config.internalTransactionAdvisor'
2025-11-28 16:42:34 [restartedMain] TRACE o.s.b.f.s.DefaultListableBeanFactory - Returning cached instance of singleton bean 'org.springframework.transaction.config.internalTransactionAdvisor'
2025-11-28 16:42:34 [restartedMain] TRACE o.s.b.f.s.DefaultListableBeanFactory - Returning cached instance of singleton bean 'org.springframework.transaction.config.internalTransactionAdvisor'
2025-11-28 16:42:34 [restartedMain] TRACE o.s.b.f.s.DefaultListableBeanFactory - Finished creating instance of bean 'org.springframework.boot.autoconfigure.http.HttpMessageConvertersAutoConfiguration'
2025-11-28 16:42:34 [restartedMain] DEBUG o.s.b.f.s.DefaultListableBeanFactory - Creating shared instance of singleton bean 'stringHttpMessageConverter'
2025-11-28 16:42:34 [restartedMain] TRACE o.s.b.f.s.DefaultListableBeanFactory - Creating instance of bean 'stringHttpMessageConverter'
2025-11-28 16:42:34 [restartedMain] TRACE o.s.b.f.s.DefaultListableBeanFactory - Returning cached instance of singleton bean 'org.springframework.transaction.config.internalTransactionAdvisor'
2025-11-28 16:42:34 [restartedMain] DEBUG o.s.b.f.s.DefaultListableBeanFactory - Creating shared instance of singleton bean 'org.springframework.boot.autoconfigure.http.HttpMessageConvertersAutoConfiguration$StringHttpMessageConverterConfiguration'
2025-11-28 16:42:34 [restartedMain] TRACE o.s.b.f.s.DefaultListableBeanFactory - Creating instance of bean 'org.springframework.boot.autoconfigure.http.HttpMessageConvertersAutoConfiguration$StringHttpMessageConverterConfiguration'
2025-11-28 16:42:34 [restartedMain] TRACE o.s.b.f.s.DefaultListableBeanFactory - Returning cached instance of singleton bean 'org.springframework.transaction.config.internalTransactionAdvisor'
2025-11-28 16:42:34 [restartedMain] TRACE o.s.b.f.s.DefaultListableBeanFactory - Returning cached instance of singleton bean 'org.springframework.transaction.config.internalTransactionAdvisor'
2025-11-28 16:42:34 [restartedMain] TRACE o.s.b.f.s.DefaultListableBeanFactory - Returning cached instance of singleton bean 'org.springframework.transaction.config.internalTransactionAdvisor'
2025-11-28 16:42:34 [restartedMain] TRACE o.s.b.f.s.DefaultListableBeanFactory - Finished creating instance of bean 'org.springframework.boot.autoconfigure.http.HttpMessageConvertersAutoConfiguration$StringHttpMessageConverterConfiguration'
2025-11-28 16:42:34 [restartedMain] TRACE o.s.b.f.s.DefaultListableBeanFactory - Returning cached instance of singleton bean 'environment'
2025-11-28 16:42:34 [restartedMain] DEBUG o.s.b.f.s.DefaultListableBeanFactory - Autowiring by type from bean name 'stringHttpMessageConverter' via factory method to bean named 'environment'
2025-11-28 16:42:34 [restartedMain] TRACE o.s.b.f.s.DefaultListableBeanFactory - Returning cached instance of singleton bean 'org.springframework.transaction.config.internalTransactionAdvisor'
2025-11-28 16:42:34 [restartedMain] TRACE o.s.b.f.s.DefaultListableBeanFactory - Returning cached instance of singleton bean 'org.springframework.transaction.config.internalTransactionAdvisor'
2025-11-28 16:42:34 [restartedMain] TRACE o.s.b.f.s.DefaultListableBeanFactory - Finished creating instance of bean 'stringHttpMessageConverter'
2025-11-28 16:42:34 [restartedMain] DEBUG o.s.b.f.s.DefaultListableBeanFactory - Creating shared instance of singleton bean 'mappingJackson2XmlHttpMessageConverter'
2025-11-28 16:42:34 [restartedMain] TRACE o.s.b.f.s.DefaultListableBeanFactory - Creating instance of bean 'mappingJackson2XmlHttpMessageConverter'
2025-11-28 16:42:34 [restartedMain] TRACE o.s.b.f.s.DefaultListableBeanFactory - Returning cached instance of singleton bean 'org.springframework.transaction.config.internalTransactionAdvisor'
2025-11-28 16:42:34 [restartedMain] DEBUG o.s.b.f.s.DefaultListableBeanFactory - Creating shared instance of singleton bean 'org.springframework.boot.autoconfigure.http.JacksonHttpMessageConvertersConfiguration$MappingJackson2XmlHttpMessageConverterConfiguration'
2025-11-28 16:42:34 [restartedMain] TRACE o.s.b.f.s.DefaultListableBeanFactory - Creating instance of bean 'org.springframework.boot.autoconfigure.http.JacksonHttpMessageConvertersConfiguration$MappingJackson2XmlHttpMessageConverterConfiguration'
2025-11-28 16:42:34 [restartedMain] TRACE o.s.b.f.s.DefaultListableBeanFactory - Returning cached instance of singleton bean 'org.springframework.transaction.config.internalTransactionAdvisor'
2025-11-28 16:42:34 [restartedMain] TRACE o.s.b.f.s.DefaultListableBeanFactory - Returning cached instance of singleton bean 'org.springframework.transaction.config.internalTransactionAdvisor'
2025-11-28 16:42:34 [restartedMain] TRACE o.s.b.f.s.DefaultListableBeanFactory - Returning cached instance of singleton bean 'org.springframework.transaction.config.internalTransactionAdvisor'
2025-11-28 16:42:34 [restartedMain] TRACE o.s.b.f.s.DefaultListableBeanFactory - Finished creating instance of bean 'org.springframework.boot.autoconfigure.http.JacksonHttpMessageConvertersConfiguration$MappingJackson2XmlHttpMessageConverterConfiguration'
2025-11-28 16:42:34 [restartedMain] TRACE o.s.b.f.s.DefaultListableBeanFactory - Creating instance of bean 'jacksonObjectMapperBuilder'
2025-11-28 16:42:34 [restartedMain] TRACE o.s.b.f.s.DefaultListableBeanFactory - Returning cached instance of singleton bean 'org.springframework.transaction.config.internalTransactionAdvisor'
2025-11-28 16:42:34 [restartedMain] DEBUG o.s.b.f.s.DefaultListableBeanFactory - Creating shared instance of singleton bean 'org.springframework.boot.autoconfigure.jackson.JacksonAutoConfiguration$JacksonObjectMapperBuilderConfiguration'
2025-11-28 16:42:34 [restartedMain] TRACE o.s.b.f.s.DefaultListableBeanFactory - Creating instance of bean 'org.springframework.boot.autoconfigure.jackson.JacksonAutoConfiguration$JacksonObjectMapperBuilderConfiguration'
2025-11-28 16:42:34 [restartedMain] TRACE o.s.b.f.s.DefaultListableBeanFactory - Returning cached instance of singleton bean 'org.springframework.transaction.config.internalTransactionAdvisor'
2025-11-28 16:42:34 [restartedMain] TRACE o.s.b.f.s.DefaultListableBeanFactory - Returning cached instance of singleton bean 'org.springframework.transaction.config.internalTransactionAdvisor'
2025-11-28 16:42:34 [restartedMain] TRACE o.s.b.f.s.DefaultListableBeanFactory - Returning cached instance of singleton bean 'org.springframework.transaction.config.internalTransactionAdvisor'
2025-11-28 16:42:34 [restartedMain] TRACE o.s.b.f.s.DefaultListableBeanFactory - Finished creating instance of bean 'org.springframework.boot.autoconfigure.jackson.JacksonAutoConfiguration$JacksonObjectMapperBuilderConfiguration'
2025-11-28 16:42:34 [restartedMain] DEBUG o.s.b.f.s.DefaultListableBeanFactory - Creating shared instance of singleton bean 'standardJacksonObjectMapperBuilderCustomizer'
2025-11-28 16:42:34 [restartedMain] TRACE o.s.b.f.s.DefaultListableBeanFactory - Creating instance of bean 'standardJacksonObjectMapperBuilderCustomizer'
2025-11-28 16:42:34 [restartedMain] TRACE o.s.b.f.s.DefaultListableBeanFactory - Returning cached instance of singleton bean 'org.springframework.transaction.config.internalTransactionAdvisor'
2025-11-28 16:42:34 [restartedMain] DEBUG o.s.b.f.s.DefaultListableBeanFactory - Creating shared instance of singleton bean 'org.springframework.boot.autoconfigure.jackson.JacksonAutoConfiguration$Jackson2ObjectMapperBuilderCustomizerConfiguration'
2025-11-28 16:42:34 [restartedMain] TRACE o.s.b.f.s.DefaultListableBeanFactory - Creating instance of bean 'org.springframework.boot.autoconfigure.jackson.JacksonAutoConfiguration$Jackson2ObjectMapperBuilderCustomizerConfiguration'
2025-11-28 16:42:34 [restartedMain] TRACE o.s.b.f.s.DefaultListableBeanFactory - Returning cached instance of singleton bean 'org.springframework.transaction.config.internalTransactionAdvisor'
2025-11-28 16:42:34 [restartedMain] TRACE o.s.b.f.s.DefaultListableBeanFactory - Returning cached instance of singleton bean 'org.springframework.transaction.config.internalTransactionAdvisor'
2025-11-28 16:42:34 [restartedMain] TRACE o.s.b.f.s.DefaultListableBeanFactory - Returning cached instance of singleton bean 'org.springframework.transaction.config.internalTransactionAdvisor'
2025-11-28 16:42:34 [restartedMain] TRACE o.s.b.f.s.DefaultListableBeanFactory - Finished creating instance of bean 'org.springframework.boot.autoconfigure.jackson.JacksonAutoConfiguration$Jackson2ObjectMapperBuilderCustomizerConfiguration'
2025-11-28 16:42:34 [restartedMain] DEBUG o.s.b.f.s.DefaultListableBeanFactory - Creating shared instance of singleton bean 'spring.jackson-org.springframework.boot.autoconfigure.jackson.JacksonProperties'
2025-11-28 16:42:34 [restartedMain] TRACE o.s.b.f.s.DefaultListableBeanFactory - Creating instance of bean 'spring.jackson-org.springframework.boot.autoconfigure.jackson.JacksonProperties'
2025-11-28 16:42:34 [restartedMain] TRACE o.s.b.f.s.DefaultListableBeanFactory - Returning cached instance of singleton bean 'org.springframework.transaction.config.internalTransactionAdvisor'
2025-11-28 16:42:34 [restartedMain] TRACE o.s.b.f.s.DefaultListableBeanFactory - Returning cached instance of singleton bean 'org.springframework.boot.context.properties.BoundConfigurationProperties'
2025-11-28 16:42:34 [restartedMain] TRACE o.s.b.f.s.DefaultListableBeanFactory - Returning cached instance of singleton bean 'org.springframework.transaction.config.internalTransactionAdvisor'
2025-11-28 16:42:34 [restartedMain] TRACE o.s.b.f.s.DefaultListableBeanFactory - Returning cached instance of singleton bean 'org.springframework.transaction.config.internalTransactionAdvisor'
2025-11-28 16:42:34 [restartedMain] TRACE o.s.b.f.s.DefaultListableBeanFactory - Finished creating instance of bean 'spring.jackson-org.springframework.boot.autoconfigure.jackson.JacksonProperties'
2025-11-28 16:42:34 [restartedMain] DEBUG o.s.b.f.s.DefaultListableBeanFactory - Autowiring by type from bean name 'standardJacksonObjectMapperBuilderCustomizer' via factory method to bean named 'spring.jackson-org.springframework.boot.autoconfigure.jackson.JacksonProperties'
2025-11-28 16:42:34 [restartedMain] DEBUG o.s.b.f.s.DefaultListableBeanFactory - Creating shared instance of singleton bean 'parameterNamesModule'
2025-11-28 16:42:34 [restartedMain] TRACE o.s.b.f.s.DefaultListableBeanFactory - Creating instance of bean 'parameterNamesModule'
2025-11-28 16:42:34 [restartedMain] TRACE o.s.b.f.s.DefaultListableBeanFactory - Returning cached instance of singleton bean 'org.springframework.transaction.config.internalTransactionAdvisor'
2025-11-28 16:42:34 [restartedMain] DEBUG o.s.b.f.s.DefaultListableBeanFactory - Creating shared instance of singleton bean 'org.springframework.boot.autoconfigure.jackson.JacksonAutoConfiguration$ParameterNamesModuleConfiguration'
2025-11-28 16:42:34 [restartedMain] TRACE o.s.b.f.s.DefaultListableBeanFactory - Creating instance of bean 'org.springframework.boot.autoconfigure.jackson.JacksonAutoConfiguration$ParameterNamesModuleConfiguration'
2025-11-28 16:42:34 [restartedMain] TRACE o.s.b.f.s.DefaultListableBeanFactory - Returning cached instance of singleton bean 'org.springframework.transaction.config.internalTransactionAdvisor'
2025-11-28 16:42:34 [restartedMain] TRACE o.s.b.f.s.DefaultListableBeanFactory - Returning cached instance of singleton bean 'org.springframework.transaction.config.internalTransactionAdvisor'
2025-11-28 16:42:34 [restartedMain] TRACE o.s.b.f.s.DefaultListableBeanFactory - Returning cached instance of singleton bean 'org.springframework.transaction.config.internalTransactionAdvisor'
2025-11-28 16:42:34 [restartedMain] TRACE o.s.b.f.s.DefaultListableBeanFactory - Finished creating instance of bean 'org.springframework.boot.autoconfigure.jackson.JacksonAutoConfiguration$ParameterNamesModuleConfiguration'
2025-11-28 16:42:34 [restartedMain] TRACE o.s.b.f.s.DefaultListableBeanFactory - Returning cached instance of singleton bean 'org.springframework.transaction.config.internalTransactionAdvisor'
2025-11-28 16:42:34 [restartedMain] TRACE o.s.b.f.s.DefaultListableBeanFactory - Returning cached instance of singleton bean 'org.springframework.transaction.config.internalTransactionAdvisor'
2025-11-28 16:42:34 [restartedMain] TRACE o.s.b.f.s.DefaultListableBeanFactory - Finished creating instance of bean 'parameterNamesModule'
2025-11-28 16:42:34 [restartedMain] DEBUG o.s.b.f.s.DefaultListableBeanFactory - Creating shared instance of singleton bean 'jsonMixinModule'
2025-11-28 16:42:34 [restartedMain] TRACE o.s.b.f.s.DefaultListableBeanFactory - Creating instance of bean 'jsonMixinModule'
2025-11-28 16:42:34 [restartedMain] TRACE o.s.b.f.s.DefaultListableBeanFactory - Returning cached instance of singleton bean 'org.springframework.transaction.config.internalTransactionAdvisor'
2025-11-28 16:42:34 [restartedMain] DEBUG o.s.b.f.s.DefaultListableBeanFactory - Creating shared instance of singleton bean 'org.springframework.boot.autoconfigure.jackson.JacksonAutoConfiguration$JacksonMixinConfiguration'
2025-11-28 16:42:34 [restartedMain] TRACE o.s.b.f.s.DefaultListableBeanFactory - Creating instance of bean 'org.springframework.boot.autoconfigure.jackson.JacksonAutoConfiguration$JacksonMixinConfiguration'
2025-11-28 16:42:34 [restartedMain] TRACE o.s.b.f.s.DefaultListableBeanFactory - Returning cached instance of singleton bean 'org.springframework.transaction.config.internalTransactionAdvisor'
2025-11-28 16:42:34 [restartedMain] TRACE o.s.b.f.s.DefaultListableBeanFactory - Returning cached instance of singleton bean 'org.springframework.transaction.config.internalTransactionAdvisor'
2025-11-28 16:42:34 [restartedMain] TRACE o.s.b.f.s.DefaultListableBeanFactory - Returning cached instance of singleton bean 'org.springframework.transaction.config.internalTransactionAdvisor'
2025-11-28 16:42:34 [restartedMain] TRACE o.s.b.f.s.DefaultListableBeanFactory - Finished creating instance of bean 'org.springframework.boot.autoconfigure.jackson.JacksonAutoConfiguration$JacksonMixinConfiguration'
2025-11-28 16:42:34 [restartedMain] DEBUG o.s.b.f.s.DefaultListableBeanFactory - Creating shared instance of singleton bean 'jsonMixinModuleEntries'
2025-11-28 16:42:34 [restartedMain] TRACE o.s.b.f.s.DefaultListableBeanFactory - Creating instance of bean 'jsonMixinModuleEntries'
2025-11-28 16:42:34 [restartedMain] TRACE o.s.b.f.s.DefaultListableBeanFactory - Returning cached instance of singleton bean 'org.springframework.transaction.config.internalTransactionAdvisor'
2025-11-28 16:42:34 [restartedMain] DEBUG o.s.b.f.s.DefaultListableBeanFactory - Autowiring by type from bean name 'jsonMixinModuleEntries' via factory method to bean named 'org.springframework.boot.web.servlet.context.AnnotationConfigServletWebServerApplicationContext@2aa80228'
2025-11-28 16:42:34 [restartedMain] TRACE o.s.b.f.s.DefaultListableBeanFactory - Returning cached instance of singleton bean 'org.springframework.boot.autoconfigure.AutoConfigurationPackages'
2025-11-28 16:42:34 [restartedMain] TRACE o.s.b.f.s.DefaultListableBeanFactory - Returning cached instance of singleton bean 'org.springframework.boot.autoconfigure.AutoConfigurationPackages'
2025-11-28 16:42:34 [restartedMain] TRACE o.s.b.f.s.DefaultListableBeanFactory - Returning cached instance of singleton bean 'org.springframework.transaction.config.internalTransactionAdvisor'
2025-11-28 16:42:34 [restartedMain] TRACE o.s.b.f.s.DefaultListableBeanFactory - Returning cached instance of singleton bean 'org.springframework.transaction.config.internalTransactionAdvisor'
2025-11-28 16:42:34 [restartedMain] TRACE o.s.b.f.s.DefaultListableBeanFactory - Finished creating instance of bean 'jsonMixinModuleEntries'
2025-11-28 16:42:34 [restartedMain] DEBUG o.s.b.f.s.DefaultListableBeanFactory - Autowiring by type from bean name 'jsonMixinModule' via factory method to bean named 'org.springframework.boot.web.servlet.context.AnnotationConfigServletWebServerApplicationContext@2aa80228'
2025-11-28 16:42:34 [restartedMain] DEBUG o.s.b.f.s.DefaultListableBeanFactory - Autowiring by type from bean name 'jsonMixinModule' via factory method to bean named 'jsonMixinModuleEntries'
2025-11-28 16:42:34 [restartedMain] TRACE o.s.b.f.s.DefaultListableBeanFactory - Returning cached instance of singleton bean 'org.springframework.transaction.config.internalTransactionAdvisor'
2025-11-28 16:42:34 [restartedMain] TRACE o.s.b.f.s.DefaultListableBeanFactory - Returning cached instance of singleton bean 'org.springframework.transaction.config.internalTransactionAdvisor'
2025-11-28 16:42:34 [restartedMain] TRACE o.s.b.f.s.DefaultListableBeanFactory - Finished creating instance of bean 'jsonMixinModule'
2025-11-28 16:42:34 [restartedMain] DEBUG o.s.b.f.s.DefaultListableBeanFactory - Creating shared instance of singleton bean 'jsonComponentModule'
2025-11-28 16:42:34 [restartedMain] TRACE o.s.b.f.s.DefaultListableBeanFactory - Creating instance of bean 'jsonComponentModule'
2025-11-28 16:42:34 [restartedMain] TRACE o.s.b.f.s.DefaultListableBeanFactory - Returning cached instance of singleton bean 'org.springframework.transaction.config.internalTransactionAdvisor'
2025-11-28 16:42:34 [restartedMain] DEBUG o.s.b.f.s.DefaultListableBeanFactory - Creating shared instance of singleton bean 'org.springframework.boot.autoconfigure.jackson.JacksonAutoConfiguration'
2025-11-28 16:42:34 [restartedMain] TRACE o.s.b.f.s.DefaultListableBeanFactory - Creating instance of bean 'org.springframework.boot.autoconfigure.jackson.JacksonAutoConfiguration'
2025-11-28 16:42:34 [restartedMain] TRACE o.s.b.f.s.DefaultListableBeanFactory - Returning cached instance of singleton bean 'org.springframework.transaction.config.internalTransactionAdvisor'
2025-11-28 16:42:34 [restartedMain] TRACE o.s.b.f.s.DefaultListableBeanFactory - Returning cached instance of singleton bean 'org.springframework.transaction.config.internalTransactionAdvisor'
2025-11-28 16:42:34 [restartedMain] TRACE o.s.b.f.s.DefaultListableBeanFactory - Returning cached instance of singleton bean 'org.springframework.transaction.config.internalTransactionAdvisor'
2025-11-28 16:42:34 [restartedMain] TRACE o.s.b.f.s.DefaultListableBeanFactory - Finished creating instance of bean 'org.springframework.boot.autoconfigure.jackson.JacksonAutoConfiguration'
2025-11-28 16:42:34 [restartedMain] TRACE o.s.b.f.s.DefaultListableBeanFactory - Invoking afterPropertiesSet() on bean with name 'jsonComponentModule'
2025-11-28 16:42:34 [restartedMain] TRACE o.s.b.f.s.DefaultListableBeanFactory - Returning cached instance of singleton bean 'org.springframework.transaction.config.internalTransactionAdvisor'
2025-11-28 16:42:34 [restartedMain] TRACE o.s.b.f.s.DefaultListableBeanFactory - Returning cached instance of singleton bean 'org.springframework.transaction.config.internalTransactionAdvisor'
2025-11-28 16:42:34 [restartedMain] TRACE o.s.b.f.s.DefaultListableBeanFactory - Finished creating instance of bean 'jsonComponentModule'
2025-11-28 16:42:34 [restartedMain] DEBUG o.s.b.f.s.DefaultListableBeanFactory - Creating shared instance of singleton bean 'jacksonGeoModule'
2025-11-28 16:42:34 [restartedMain] TRACE o.s.b.f.s.DefaultListableBeanFactory - Creating instance of bean 'jacksonGeoModule'
2025-11-28 16:42:34 [restartedMain] TRACE o.s.b.f.s.DefaultListableBeanFactory - Returning cached instance of singleton bean 'org.springframework.transaction.config.internalTransactionAdvisor'
2025-11-28 16:42:34 [restartedMain] DEBUG o.s.b.f.s.DefaultListableBeanFactory - Creating shared instance of singleton bean 'org.springframework.data.web.config.SpringDataJacksonConfiguration'
2025-11-28 16:42:34 [restartedMain] TRACE o.s.b.f.s.DefaultListableBeanFactory - Creating instance of bean 'org.springframework.data.web.config.SpringDataJacksonConfiguration'
2025-11-28 16:42:34 [restartedMain] TRACE o.s.b.f.s.DefaultListableBeanFactory - Returning cached instance of singleton bean 'org.springframework.transaction.config.internalTransactionAdvisor'
2025-11-28 16:42:34 [restartedMain] DEBUG o.s.b.f.s.DefaultListableBeanFactory - Creating shared instance of singleton bean 'springDataWebSettings'
2025-11-28 16:42:34 [restartedMain] TRACE o.s.b.f.s.DefaultListableBeanFactory - Creating instance of bean 'springDataWebSettings'
2025-11-28 16:42:34 [restartedMain] TRACE o.s.b.f.s.DefaultListableBeanFactory - Returning cached instance of singleton bean 'org.springframework.transaction.config.internalTransactionAdvisor'
2025-11-28 16:42:34 [restartedMain] DEBUG o.s.b.f.s.DefaultListableBeanFactory - Creating shared instance of singleton bean 'org.springframework.boot.autoconfigure.data.web.SpringDataWebAutoConfiguration'
2025-11-28 16:42:34 [restartedMain] TRACE o.s.b.f.s.DefaultListableBeanFactory - Creating instance of bean 'org.springframework.boot.autoconfigure.data.web.SpringDataWebAutoConfiguration'
2025-11-28 16:42:34 [restartedMain] TRACE o.s.b.f.s.DefaultListableBeanFactory - Returning cached instance of singleton bean 'org.springframework.transaction.config.internalTransactionAdvisor'
2025-11-28 16:42:34 [restartedMain] DEBUG o.s.b.f.s.DefaultListableBeanFactory - Creating shared instance of singleton bean 'spring.data.web-org.springframework.boot.autoconfigure.data.web.SpringDataWebProperties'
2025-11-28 16:42:34 [restartedMain] TRACE o.s.b.f.s.DefaultListableBeanFactory - Creating instance of bean 'spring.data.web-org.springframework.boot.autoconfigure.data.web.SpringDataWebProperties'
2025-11-28 16:42:34 [restartedMain] TRACE o.s.b.f.s.DefaultListableBeanFactory - Returning cached instance of singleton bean 'org.springframework.transaction.config.internalTransactionAdvisor'
2025-11-28 16:42:34 [restartedMain] TRACE o.s.b.f.s.DefaultListableBeanFactory - Returning cached instance of singleton bean 'org.springframework.boot.context.properties.BoundConfigurationProperties'
2025-11-28 16:42:34 [restartedMain] TRACE o.s.b.f.s.DefaultListableBeanFactory - Returning cached instance of singleton bean 'org.springframework.transaction.config.internalTransactionAdvisor'
2025-11-28 16:42:34 [restartedMain] TRACE o.s.b.f.s.DefaultListableBeanFactory - Returning cached instance of singleton bean 'org.springframework.transaction.config.internalTransactionAdvisor'
2025-11-28 16:42:34 [restartedMain] TRACE o.s.b.f.s.DefaultListableBeanFactory - Finished creating instance of bean 'spring.data.web-org.springframework.boot.autoconfigure.data.web.SpringDataWebProperties'
2025-11-28 16:42:34 [restartedMain] DEBUG o.s.b.f.s.DefaultListableBeanFactory - Autowiring by type from bean name 'org.springframework.boot.autoconfigure.data.web.SpringDataWebAutoConfiguration' via constructor to bean named 'spring.data.web-org.springframework.boot.autoconfigure.data.web.SpringDataWebProperties'
2025-11-28 16:42:34 [restartedMain] TRACE o.s.b.f.s.DefaultListableBeanFactory - Returning cached instance of singleton bean 'org.springframework.transaction.config.internalTransactionAdvisor'
2025-11-28 16:42:34 [restartedMain] TRACE o.s.b.f.s.DefaultListableBeanFactory - Returning cached instance of singleton bean 'org.springframework.transaction.config.internalTransactionAdvisor'
2025-11-28 16:42:34 [restartedMain] TRACE o.s.b.f.s.DefaultListableBeanFactory - Finished creating instance of bean 'org.springframework.boot.autoconfigure.data.web.SpringDataWebAutoConfiguration'
2025-11-28 16:42:34 [restartedMain] TRACE o.s.b.f.s.DefaultListableBeanFactory - Returning cached instance of singleton bean 'org.springframework.transaction.config.internalTransactionAdvisor'
2025-11-28 16:42:34 [restartedMain] TRACE o.s.b.f.s.DefaultListableBeanFactory - Returning cached instance of singleton bean 'org.springframework.transaction.config.internalTransactionAdvisor'
2025-11-28 16:42:34 [restartedMain] TRACE o.s.b.f.s.DefaultListableBeanFactory - Finished creating instance of bean 'springDataWebSettings'
2025-11-28 16:42:34 [restartedMain] TRACE o.s.b.f.a.AutowiredAnnotationBeanPostProcessor - Autowiring by type from bean name 'org.springframework.data.web.config.SpringDataJacksonConfiguration' to bean named 'springDataWebSettings'
2025-11-28 16:42:34 [restartedMain] TRACE o.s.b.f.s.DefaultListableBeanFactory - Returning cached instance of singleton bean 'org.springframework.transaction.config.internalTransactionAdvisor'
2025-11-28 16:42:34 [restartedMain] TRACE o.s.b.f.s.DefaultListableBeanFactory - Returning cached instance of singleton bean 'org.springframework.transaction.config.internalTransactionAdvisor'
2025-11-28 16:42:34 [restartedMain] TRACE o.s.b.f.s.DefaultListableBeanFactory - Finished creating instance of bean 'org.springframework.data.web.config.SpringDataJacksonConfiguration'
2025-11-28 16:42:34 [restartedMain] TRACE o.s.b.f.s.DefaultListableBeanFactory - Returning cached instance of singleton bean 'org.springframework.transaction.config.internalTransactionAdvisor'
2025-11-28 16:42:34 [restartedMain] TRACE o.s.b.f.s.DefaultListableBeanFactory - Returning cached instance of singleton bean 'org.springframework.transaction.config.internalTransactionAdvisor'
2025-11-28 16:42:34 [restartedMain] TRACE o.s.b.f.s.DefaultListableBeanFactory - Finished creating instance of bean 'jacksonGeoModule'
2025-11-28 16:42:34 [restartedMain] DEBUG o.s.b.f.s.DefaultListableBeanFactory - Creating shared instance of singleton bean 'pageModule'
2025-11-28 16:42:34 [restartedMain] TRACE o.s.b.f.s.DefaultListableBeanFactory - Creating instance of bean 'pageModule'
2025-11-28 16:42:34 [restartedMain] TRACE o.s.b.f.s.DefaultListableBeanFactory - Returning cached instance of singleton bean 'org.springframework.transaction.config.internalTransactionAdvisor'
2025-11-28 16:42:34 [restartedMain] TRACE o.s.b.f.s.DefaultListableBeanFactory - Returning cached instance of singleton bean 'org.springframework.data.web.config.SpringDataJacksonConfiguration'
2025-11-28 16:42:34 [restartedMain] TRACE o.s.b.f.s.DefaultListableBeanFactory - Returning cached instance of singleton bean 'org.springframework.transaction.config.internalTransactionAdvisor'
2025-11-28 16:42:34 [restartedMain] TRACE o.s.b.f.s.DefaultListableBeanFactory - Returning cached instance of singleton bean 'org.springframework.transaction.config.internalTransactionAdvisor'
2025-11-28 16:42:34 [restartedMain] TRACE o.s.b.f.s.DefaultListableBeanFactory - Finished creating instance of bean 'pageModule'
2025-11-28 16:42:34 [restartedMain] TRACE o.s.b.f.s.DefaultListableBeanFactory - Returning cached instance of singleton bean 'org.springframework.transaction.config.internalTransactionAdvisor'
2025-11-28 16:42:34 [restartedMain] TRACE o.s.b.f.s.DefaultListableBeanFactory - Returning cached instance of singleton bean 'org.springframework.transaction.config.internalTransactionAdvisor'
2025-11-28 16:42:34 [restartedMain] TRACE o.s.b.f.s.DefaultListableBeanFactory - Finished creating instance of bean 'standardJacksonObjectMapperBuilderCustomizer'
2025-11-28 16:42:34 [restartedMain] DEBUG o.s.b.f.s.DefaultListableBeanFactory - Autowiring by type from bean name 'jacksonObjectMapperBuilder' via factory method to bean named 'org.springframework.boot.web.servlet.context.AnnotationConfigServletWebServerApplicationContext@2aa80228'
2025-11-28 16:42:34 [restartedMain] DEBUG o.s.b.f.s.DefaultListableBeanFactory - Autowiring by type from bean name 'jacksonObjectMapperBuilder' via factory method to bean named 'standardJacksonObjectMapperBuilderCustomizer'
2025-11-28 16:42:34 [restartedMain] TRACE o.s.b.f.s.DefaultListableBeanFactory - Returning cached instance of singleton bean 'org.springframework.transaction.config.internalTransactionAdvisor'
2025-11-28 16:42:34 [restartedMain] TRACE o.s.b.f.s.DefaultListableBeanFactory - Returning cached instance of singleton bean 'org.springframework.transaction.config.internalTransactionAdvisor'
2025-11-28 16:42:34 [restartedMain] TRACE o.s.b.f.s.DefaultListableBeanFactory - Finished creating instance of bean 'jacksonObjectMapperBuilder'
2025-11-28 16:42:34 [restartedMain] DEBUG o.s.b.f.s.DefaultListableBeanFactory - Autowiring by type from bean name 'mappingJackson2XmlHttpMessageConverter' via factory method to bean named 'jacksonObjectMapperBuilder'
2025-11-28 16:42:34 [restartedMain] TRACE o.s.b.f.s.DefaultListableBeanFactory - Returning cached instance of singleton bean 'org.springframework.transaction.config.internalTransactionAdvisor'
2025-11-28 16:42:34 [restartedMain] TRACE o.s.b.f.s.DefaultListableBeanFactory - Returning cached instance of singleton bean 'org.springframework.transaction.config.internalTransactionAdvisor'
2025-11-28 16:42:34 [restartedMain] TRACE o.s.b.f.s.DefaultListableBeanFactory - Finished creating instance of bean 'mappingJackson2XmlHttpMessageConverter'
2025-11-28 16:42:34 [restartedMain] DEBUG o.s.b.f.s.DefaultListableBeanFactory - Creating shared instance of singleton bean 'mappingJackson2HttpMessageConverter'
2025-11-28 16:42:34 [restartedMain] TRACE o.s.b.f.s.DefaultListableBeanFactory - Creating instance of bean 'mappingJackson2HttpMessageConverter'
2025-11-28 16:42:34 [restartedMain] TRACE o.s.b.f.s.DefaultListableBeanFactory - Returning cached instance of singleton bean 'org.springframework.transaction.config.internalTransactionAdvisor'
2025-11-28 16:42:34 [restartedMain] DEBUG o.s.b.f.s.DefaultListableBeanFactory - Creating shared instance of singleton bean 'org.springframework.boot.autoconfigure.http.JacksonHttpMessageConvertersConfiguration$MappingJackson2HttpMessageConverterConfiguration'
2025-11-28 16:42:34 [restartedMain] TRACE o.s.b.f.s.DefaultListableBeanFactory - Creating instance of bean 'org.springframework.boot.autoconfigure.http.JacksonHttpMessageConvertersConfiguration$MappingJackson2HttpMessageConverterConfiguration'
2025-11-28 16:42:34 [restartedMain] TRACE o.s.b.f.s.DefaultListableBeanFactory - Returning cached instance of singleton bean 'org.springframework.transaction.config.internalTransactionAdvisor'
2025-11-28 16:42:34 [restartedMain] TRACE o.s.b.f.s.DefaultListableBeanFactory - Returning cached instance of singleton bean 'org.springframework.transaction.config.internalTransactionAdvisor'
2025-11-28 16:42:34 [restartedMain] TRACE o.s.b.f.s.DefaultListableBeanFactory - Returning cached instance of singleton bean 'org.springframework.transaction.config.internalTransactionAdvisor'
2025-11-28 16:42:34 [restartedMain] TRACE o.s.b.f.s.DefaultListableBeanFactory - Finished creating instance of bean 'org.springframework.boot.autoconfigure.http.JacksonHttpMessageConvertersConfiguration$MappingJackson2HttpMessageConverterConfiguration'
2025-11-28 16:42:34 [restartedMain] DEBUG o.s.b.f.s.DefaultListableBeanFactory - Creating shared instance of singleton bean 'jacksonObjectMapper'
2025-11-28 16:42:34 [restartedMain] TRACE o.s.b.f.s.DefaultListableBeanFactory - Creating instance of bean 'jacksonObjectMapper'
2025-11-28 16:42:34 [restartedMain] TRACE o.s.b.f.s.DefaultListableBeanFactory - Returning cached instance of singleton bean 'org.springframework.transaction.config.internalTransactionAdvisor'
2025-11-28 16:42:34 [restartedMain] DEBUG o.s.b.f.s.DefaultListableBeanFactory - Creating shared instance of singleton bean 'org.springframework.boot.autoconfigure.jackson.JacksonAutoConfiguration$JacksonObjectMapperConfiguration'
2025-11-28 16:42:34 [restartedMain] TRACE o.s.b.f.s.DefaultListableBeanFactory - Creating instance of bean 'org.springframework.boot.autoconfigure.jackson.JacksonAutoConfiguration$JacksonObjectMapperConfiguration'
2025-11-28 16:42:34 [restartedMain] TRACE o.s.b.f.s.DefaultListableBeanFactory - Returning cached instance of singleton bean 'org.springframework.transaction.config.internalTransactionAdvisor'
2025-11-28 16:42:34 [restartedMain] TRACE o.s.b.f.s.DefaultListableBeanFactory - Returning cached instance of singleton bean 'org.springframework.transaction.config.internalTransactionAdvisor'
2025-11-28 16:42:34 [restartedMain] TRACE o.s.b.f.s.DefaultListableBeanFactory - Returning cached instance of singleton bean 'org.springframework.transaction.config.internalTransactionAdvisor'
2025-11-28 16:42:34 [restartedMain] TRACE o.s.b.f.s.DefaultListableBeanFactory - Finished creating instance of bean 'org.springframework.boot.autoconfigure.jackson.JacksonAutoConfiguration$JacksonObjectMapperConfiguration'
2025-11-28 16:42:34 [restartedMain] TRACE o.s.b.f.s.DefaultListableBeanFactory - Creating instance of bean 'jacksonObjectMapperBuilder'
2025-11-28 16:42:34 [restartedMain] TRACE o.s.b.f.s.DefaultListableBeanFactory - Returning cached instance of singleton bean 'org.springframework.boot.autoconfigure.jackson.JacksonAutoConfiguration$JacksonObjectMapperBuilderConfiguration'
2025-11-28 16:42:34 [restartedMain] TRACE o.s.b.f.s.DefaultListableBeanFactory - Returning cached instance of singleton bean 'standardJacksonObjectMapperBuilderCustomizer'
2025-11-28 16:42:34 [restartedMain] TRACE o.s.b.f.s.DefaultListableBeanFactory - Finished creating instance of bean 'jacksonObjectMapperBuilder'
2025-11-28 16:42:34 [restartedMain] DEBUG o.s.b.f.s.DefaultListableBeanFactory - Autowiring by type from bean name 'jacksonObjectMapper' via factory method to bean named 'jacksonObjectMapperBuilder'
2025-11-28 16:42:34 [restartedMain] TRACE o.s.b.f.s.DefaultListableBeanFactory - Returning cached instance of singleton bean 'org.springframework.transaction.config.internalTransactionAdvisor'
2025-11-28 16:42:34 [restartedMain] TRACE o.s.b.f.s.DefaultListableBeanFactory - Returning cached instance of singleton bean 'org.springframework.transaction.config.internalTransactionAdvisor'
2025-11-28 16:42:34 [restartedMain] TRACE o.s.b.f.s.DefaultListableBeanFactory - Finished creating instance of bean 'jacksonObjectMapper'
2025-11-28 16:42:34 [restartedMain] DEBUG o.s.b.f.s.DefaultListableBeanFactory - Autowiring by type from bean name 'mappingJackson2HttpMessageConverter' via factory method to bean named 'jacksonObjectMapper'
2025-11-28 16:42:34 [restartedMain] TRACE o.s.b.f.s.DefaultListableBeanFactory - Returning cached instance of singleton bean 'org.springframework.transaction.config.internalTransactionAdvisor'
2025-11-28 16:42:34 [restartedMain] TRACE o.s.b.f.s.DefaultListableBeanFactory - Returning cached instance of singleton bean 'org.springframework.transaction.config.internalTransactionAdvisor'
2025-11-28 16:42:34 [restartedMain] TRACE o.s.b.f.s.DefaultListableBeanFactory - Finished creating instance of bean 'mappingJackson2HttpMessageConverter'
2025-11-28 16:42:34 [restartedMain] TRACE o.s.b.f.s.DefaultListableBeanFactory - Returning cached instance of singleton bean 'stringHttpMessageConverter'
2025-11-28 16:42:34 [restartedMain] TRACE o.s.b.f.s.DefaultListableBeanFactory - Returning cached instance of singleton bean 'mappingJackson2XmlHttpMessageConverter'
2025-11-28 16:42:34 [restartedMain] TRACE o.s.b.f.s.DefaultListableBeanFactory - Returning cached instance of singleton bean 'mappingJackson2HttpMessageConverter'
2025-11-28 16:42:34 [restartedMain] TRACE o.s.b.f.s.DefaultListableBeanFactory - Returning cached instance of singleton bean 'org.springframework.transaction.config.internalTransactionAdvisor'
2025-11-28 16:42:34 [restartedMain] TRACE o.s.b.f.s.DefaultListableBeanFactory - Returning cached instance of singleton bean 'org.springframework.transaction.config.internalTransactionAdvisor'
2025-11-28 16:42:34 [restartedMain] TRACE o.s.b.f.s.DefaultListableBeanFactory - Finished creating instance of bean 'messageConverters'
2025-11-28 16:42:34 [restartedMain] TRACE o.s.b.f.s.DefaultListableBeanFactory - Invoking afterPropertiesSet() on bean with name 'routerFunctionMapping'
2025-11-28 16:42:34 [restartedMain] TRACE o.s.b.f.s.DefaultListableBeanFactory - Returning cached instance of singleton bean 'org.springframework.transaction.config.internalTransactionAdvisor'
2025-11-28 16:42:34 [restartedMain] TRACE o.s.b.f.s.DefaultListableBeanFactory - Returning cached instance of singleton bean 'org.springframework.transaction.config.internalTransactionAdvisor'
2025-11-28 16:42:34 [restartedMain] TRACE o.s.b.f.s.DefaultListableBeanFactory - Finished creating instance of bean 'routerFunctionMapping'
2025-11-28 16:42:34 [restartedMain] DEBUG o.s.b.f.s.DefaultListableBeanFactory - Creating shared instance of singleton bean 'resourceHandlerMapping'
2025-11-28 16:42:34 [restartedMain] TRACE o.s.b.f.s.DefaultListableBeanFactory - Creating instance of bean 'resourceHandlerMapping'
2025-11-28 16:42:34 [restartedMain] TRACE o.s.b.f.s.DefaultListableBeanFactory - Returning cached instance of singleton bean 'org.springframework.transaction.config.internalTransactionAdvisor'
2025-11-28 16:42:34 [restartedMain] TRACE o.s.b.f.s.DefaultListableBeanFactory - Returning cached instance of singleton bean 'org.springframework.boot.autoconfigure.web.servlet.WebMvcAutoConfiguration$EnableWebMvcConfiguration'
2025-11-28 16:42:34 [restartedMain] TRACE o.s.b.f.s.DefaultListableBeanFactory - Returning cached instance of singleton bean 'mvcContentNegotiationManager'
2025-11-28 16:42:34 [restartedMain] TRACE o.s.b.f.s.DefaultListableBeanFactory - Returning cached instance of singleton bean 'mvcConversionService'
2025-11-28 16:42:34 [restartedMain] TRACE o.s.b.f.s.DefaultListableBeanFactory - Returning cached instance of singleton bean 'mvcResourceUrlProvider'
2025-11-28 16:42:34 [restartedMain] DEBUG o.s.b.f.s.DefaultListableBeanFactory - Autowiring by type from bean name 'resourceHandlerMapping' via factory method to bean named 'mvcContentNegotiationManager'
2025-11-28 16:42:34 [restartedMain] DEBUG o.s.b.f.s.DefaultListableBeanFactory - Autowiring by type from bean name 'resourceHandlerMapping' via factory method to bean named 'mvcConversionService'
2025-11-28 16:42:34 [restartedMain] DEBUG o.s.b.f.s.DefaultListableBeanFactory - Autowiring by type from bean name 'resourceHandlerMapping' via factory method to bean named 'mvcResourceUrlProvider'
2025-11-28 16:42:34 [restartedMain] DEBUG o.s.w.s.h.SimpleUrlHandlerMapping - Patterns [/webjars/**, /**, /swagger-ui*/*swagger-initializer.js, /swagger-ui*/**] in 'resourceHandlerMapping'
2025-11-28 16:42:34 [restartedMain] TRACE o.s.b.f.s.DefaultListableBeanFactory - Returning cached instance of singleton bean 'org.springframework.transaction.config.internalTransactionAdvisor'
2025-11-28 16:42:34 [restartedMain] TRACE o.s.b.f.s.DefaultListableBeanFactory - Returning cached instance of singleton bean 'org.springframework.transaction.config.internalTransactionAdvisor'
2025-11-28 16:42:34 [restartedMain] TRACE o.s.b.f.s.DefaultListableBeanFactory - Finished creating instance of bean 'resourceHandlerMapping'
2025-11-28 16:42:34 [restartedMain] DEBUG o.s.b.f.s.DefaultListableBeanFactory - Creating shared instance of singleton bean 'defaultServletHandlerMapping'
2025-11-28 16:42:34 [restartedMain] TRACE o.s.b.f.s.DefaultListableBeanFactory - Creating instance of bean 'defaultServletHandlerMapping'
2025-11-28 16:42:34 [restartedMain] TRACE o.s.b.f.s.DefaultListableBeanFactory - Returning cached instance of singleton bean 'org.springframework.transaction.config.internalTransactionAdvisor'
2025-11-28 16:42:34 [restartedMain] TRACE o.s.b.f.s.DefaultListableBeanFactory - Returning cached instance of singleton bean 'org.springframework.boot.autoconfigure.web.servlet.WebMvcAutoConfiguration$EnableWebMvcConfiguration'
2025-11-28 16:42:34 [restartedMain] TRACE o.s.b.f.s.DefaultListableBeanFactory - Returning cached instance of singleton bean 'org.springframework.transaction.config.internalTransactionAdvisor'
2025-11-28 16:42:34 [restartedMain] TRACE o.s.b.f.s.DefaultListableBeanFactory - Returning cached instance of singleton bean 'org.springframework.transaction.config.internalTransactionAdvisor'
2025-11-28 16:42:34 [restartedMain] TRACE o.s.b.f.s.DefaultListableBeanFactory - Finished creating instance of bean 'defaultServletHandlerMapping'
2025-11-28 16:42:34 [restartedMain] TRACE o.s.b.f.s.DefaultListableBeanFactory - Returning cached instance of singleton bean 'org.springframework.transaction.config.internalTransactionAdvisor'
2025-11-28 16:42:34 [restartedMain] TRACE o.s.b.f.s.DefaultListableBeanFactory - Returning cached instance of singleton bean 'org.springframework.transaction.config.internalTransactionAdvisor'
2025-11-28 16:42:34 [restartedMain] TRACE o.s.b.f.s.DefaultListableBeanFactory - Finished creating instance of bean 'mvcHandlerMappingIntrospector'
2025-11-28 16:42:34 [restartedMain] TRACE o.s.b.f.s.DefaultListableBeanFactory - Returning cached instance of singleton bean 'org.springframework.transaction.config.internalTransactionAdvisor'
2025-11-28 16:42:34 [restartedMain] TRACE o.s.b.f.s.DefaultListableBeanFactory - Returning cached instance of singleton bean 'org.springframework.transaction.config.internalTransactionAdvisor'
2025-11-28 16:42:34 [restartedMain] TRACE o.s.b.f.s.DefaultListableBeanFactory - Finished creating instance of bean 'mvcHandlerMappingIntrospectorRequestTransformer'
2025-11-28 16:42:34 [restartedMain] TRACE o.s.b.f.s.DefaultListableBeanFactory - Returning cached instance of singleton bean 'org.springframework.transaction.config.internalTransactionAdvisor'
2025-11-28 16:42:34 [restartedMain] TRACE o.s.b.f.s.DefaultListableBeanFactory - Returning cached instance of singleton bean 'org.springframework.transaction.config.internalTransactionAdvisor'
2025-11-28 16:42:34 [restartedMain] DEBUG o.s.b.f.s.DefaultListableBeanFactory - Creating shared instance of singleton bean 'filterChain'
2025-11-28 16:42:34 [restartedMain] TRACE o.s.b.f.s.DefaultListableBeanFactory - Creating instance of bean 'filterChain'
2025-11-28 16:42:34 [restartedMain] TRACE o.s.b.f.s.DefaultListableBeanFactory - Returning cached instance of singleton bean 'org.springframework.transaction.config.internalTransactionAdvisor'
2025-11-28 16:42:34 [restartedMain] TRACE o.s.b.f.s.DefaultListableBeanFactory - Returning cached instance of singleton bean 'securityConfig'
2025-11-28 16:42:34 [restartedMain] TRACE o.s.b.f.s.DefaultListableBeanFactory - Creating instance of bean 'org.springframework.security.config.annotation.web.configuration.HttpSecurityConfiguration.httpSecurity'
2025-11-28 16:42:34 [restartedMain] TRACE o.s.b.f.s.DefaultListableBeanFactory - Returning cached instance of singleton bean 'org.springframework.security.config.annotation.web.configuration.HttpSecurityConfiguration'
2025-11-28 16:42:34 [restartedMain] TRACE o.s.b.f.s.DefaultListableBeanFactory - Returning cached instance of singleton bean 'authenticationEventPublisher'
2025-11-28 16:42:34 [restartedMain] TRACE o.s.b.f.s.DefaultListableBeanFactory - Finished creating instance of bean 'org.springframework.security.config.annotation.web.configuration.HttpSecurityConfiguration.httpSecurity'
2025-11-28 16:42:34 [restartedMain] DEBUG o.s.b.f.s.DefaultListableBeanFactory - Autowiring by type from bean name 'filterChain' via factory method to bean named 'org.springframework.security.config.annotation.web.configuration.HttpSecurityConfiguration.httpSecurity'
2025-11-28 16:42:34 [restartedMain] DEBUG o.s.b.f.s.DefaultListableBeanFactory - Creating shared instance of singleton bean 'webAuthorizationManagerPostProcessor'
2025-11-28 16:42:34 [restartedMain] TRACE o.s.b.f.s.DefaultListableBeanFactory - Creating instance of bean 'webAuthorizationManagerPostProcessor'
2025-11-28 16:42:34 [restartedMain] TRACE o.s.b.f.s.DefaultListableBeanFactory - Returning cached instance of singleton bean 'org.springframework.transaction.config.internalTransactionAdvisor'
2025-11-28 16:42:34 [restartedMain] TRACE o.s.b.f.s.DefaultListableBeanFactory - Returning cached instance of singleton bean 'org.springframework.transaction.config.internalTransactionAdvisor'
2025-11-28 16:42:34 [restartedMain] TRACE o.s.b.f.s.DefaultListableBeanFactory - Returning cached instance of singleton bean 'org.springframework.transaction.config.internalTransactionAdvisor'
2025-11-28 16:42:34 [restartedMain] TRACE o.s.b.f.s.DefaultListableBeanFactory - Finished creating instance of bean 'webAuthorizationManagerPostProcessor'
2025-11-28 16:42:34 [restartedMain] WARN  o.s.s.c.a.w.c.AuthorizeHttpRequestsConfigurer$AuthorizationManagerRequestMatcherRegistry - One of the patterns in [/auth/login, /auth/register, auth/users/verify, /v3/api-docs/**, swagger-ui/**, /swagger-ui.html] is missing a leading slash. This is discouraged; please include the leading slash in all your request matcher patterns. In future versions of Spring Security, leaving out the leading slash will result in an exception.
2025-11-28 16:42:34 [restartedMain] TRACE o.s.b.f.s.DefaultListableBeanFactory - Returning cached instance of singleton bean 'objectPostProcessor'
2025-11-28 16:42:34 [restartedMain] TRACE o.s.b.f.s.DefaultListableBeanFactory - Returning cached instance of singleton bean 'mvcHandlerMappingIntrospector'
2025-11-28 16:42:34 [restartedMain] TRACE o.s.b.f.s.DefaultListableBeanFactory - Returning cached instance of singleton bean 'org.springframework.transaction.config.internalTransactionAdvisor'
2025-11-28 16:42:34 [restartedMain] TRACE o.s.b.f.s.DefaultListableBeanFactory - Returning cached instance of singleton bean 'org.springframework.transaction.config.internalTransactionAdvisor'
2025-11-28 16:42:34 [restartedMain] TRACE o.s.b.f.s.DefaultListableBeanFactory - Returning cached instance of singleton bean 'objectPostProcessor'
2025-11-28 16:42:34 [restartedMain] TRACE o.s.b.f.s.DefaultListableBeanFactory - Returning cached instance of singleton bean 'mvcHandlerMappingIntrospector'
2025-11-28 16:42:34 [restartedMain] TRACE o.s.b.f.s.DefaultListableBeanFactory - Returning cached instance of singleton bean 'org.springframework.transaction.config.internalTransactionAdvisor'
2025-11-28 16:42:34 [restartedMain] TRACE o.s.b.f.s.DefaultListableBeanFactory - Returning cached instance of singleton bean 'org.springframework.transaction.config.internalTransactionAdvisor'
2025-11-28 16:42:34 [restartedMain] TRACE o.s.b.f.s.DefaultListableBeanFactory - Returning cached instance of singleton bean 'objectPostProcessor'
2025-11-28 16:42:34 [restartedMain] TRACE o.s.b.f.s.DefaultListableBeanFactory - Returning cached instance of singleton bean 'mvcHandlerMappingIntrospector'
2025-11-28 16:42:34 [restartedMain] TRACE o.s.b.f.s.DefaultListableBeanFactory - Returning cached instance of singleton bean 'org.springframework.transaction.config.internalTransactionAdvisor'
2025-11-28 16:42:34 [restartedMain] TRACE o.s.b.f.s.DefaultListableBeanFactory - Returning cached instance of singleton bean 'org.springframework.transaction.config.internalTransactionAdvisor'
2025-11-28 16:42:34 [restartedMain] TRACE o.s.b.f.s.DefaultListableBeanFactory - Returning cached instance of singleton bean 'objectPostProcessor'
2025-11-28 16:42:34 [restartedMain] TRACE o.s.b.f.s.DefaultListableBeanFactory - Returning cached instance of singleton bean 'mvcHandlerMappingIntrospector'
2025-11-28 16:42:34 [restartedMain] TRACE o.s.b.f.s.DefaultListableBeanFactory - Returning cached instance of singleton bean 'org.springframework.transaction.config.internalTransactionAdvisor'
2025-11-28 16:42:34 [restartedMain] TRACE o.s.b.f.s.DefaultListableBeanFactory - Returning cached instance of singleton bean 'org.springframework.transaction.config.internalTransactionAdvisor'
2025-11-28 16:42:34 [restartedMain] TRACE o.s.b.f.s.DefaultListableBeanFactory - Returning cached instance of singleton bean 'objectPostProcessor'
2025-11-28 16:42:34 [restartedMain] TRACE o.s.b.f.s.DefaultListableBeanFactory - Returning cached instance of singleton bean 'mvcHandlerMappingIntrospector'
2025-11-28 16:42:34 [restartedMain] TRACE o.s.b.f.s.DefaultListableBeanFactory - Returning cached instance of singleton bean 'org.springframework.transaction.config.internalTransactionAdvisor'
2025-11-28 16:42:34 [restartedMain] TRACE o.s.b.f.s.DefaultListableBeanFactory - Returning cached instance of singleton bean 'org.springframework.transaction.config.internalTransactionAdvisor'
2025-11-28 16:42:34 [restartedMain] TRACE o.s.b.f.s.DefaultListableBeanFactory - Returning cached instance of singleton bean 'objectPostProcessor'
2025-11-28 16:42:34 [restartedMain] TRACE o.s.b.f.s.DefaultListableBeanFactory - Returning cached instance of singleton bean 'mvcHandlerMappingIntrospector'
2025-11-28 16:42:34 [restartedMain] TRACE o.s.b.f.s.DefaultListableBeanFactory - Returning cached instance of singleton bean 'org.springframework.transaction.config.internalTransactionAdvisor'
2025-11-28 16:42:34 [restartedMain] TRACE o.s.b.f.s.DefaultListableBeanFactory - Returning cached instance of singleton bean 'org.springframework.transaction.config.internalTransactionAdvisor'
2025-11-28 16:42:34 [restartedMain] TRACE o.s.b.f.s.DefaultListableBeanFactory - Returning cached instance of singleton bean 'objectPostProcessor'
2025-11-28 16:42:34 [restartedMain] TRACE o.s.b.f.s.DefaultListableBeanFactory - Returning cached instance of singleton bean 'mvcHandlerMappingIntrospector'
2025-11-28 16:42:34 [restartedMain] TRACE o.s.b.f.s.DefaultListableBeanFactory - Returning cached instance of singleton bean 'org.springframework.transaction.config.internalTransactionAdvisor'
2025-11-28 16:42:34 [restartedMain] TRACE o.s.b.f.s.DefaultListableBeanFactory - Returning cached instance of singleton bean 'org.springframework.transaction.config.internalTransactionAdvisor'
2025-11-28 16:42:34 [restartedMain] TRACE o.s.b.f.s.DefaultListableBeanFactory - Returning cached instance of singleton bean 'authProvider'
2025-11-28 16:42:34 [restartedMain] TRACE o.s.b.f.s.DefaultListableBeanFactory - Returning cached instance of singleton bean 'org.springframework.transaction.config.internalTransactionAdvisor'
2025-11-28 16:42:34 [restartedMain] TRACE o.s.b.f.s.DefaultListableBeanFactory - Returning cached instance of singleton bean 'org.springframework.transaction.config.internalTransactionAdvisor'
2025-11-28 16:42:34 [restartedMain] TRACE o.s.b.f.s.DefaultListableBeanFactory - Returning cached instance of singleton bean 'org.springframework.transaction.config.internalTransactionAdvisor'
2025-11-28 16:42:34 [restartedMain] TRACE o.s.b.f.s.DefaultListableBeanFactory - Returning cached instance of singleton bean 'org.springframework.transaction.config.internalTransactionAdvisor'
2025-11-28 16:42:34 [restartedMain] TRACE o.s.b.f.s.DefaultListableBeanFactory - Returning cached instance of singleton bean 'org.springframework.transaction.config.internalTransactionAdvisor'
2025-11-28 16:42:34 [restartedMain] TRACE o.s.b.f.s.DefaultListableBeanFactory - Returning cached instance of singleton bean 'org.springframework.transaction.config.internalTransactionAdvisor'
2025-11-28 16:42:34 [restartedMain] DEBUG o.s.b.f.s.DefaultListableBeanFactory - Creating shared instance of singleton bean 'authenticationManagerPostProcessor'
2025-11-28 16:42:34 [restartedMain] TRACE o.s.b.f.s.DefaultListableBeanFactory - Creating instance of bean 'authenticationManagerPostProcessor'
2025-11-28 16:42:34 [restartedMain] TRACE o.s.b.f.s.DefaultListableBeanFactory - Returning cached instance of singleton bean 'org.springframework.transaction.config.internalTransactionAdvisor'
2025-11-28 16:42:34 [restartedMain] TRACE o.s.b.f.s.DefaultListableBeanFactory - Returning cached instance of singleton bean 'org.springframework.transaction.config.internalTransactionAdvisor'
2025-11-28 16:42:34 [restartedMain] TRACE o.s.b.f.s.DefaultListableBeanFactory - Returning cached instance of singleton bean 'org.springframework.transaction.config.internalTransactionAdvisor'
2025-11-28 16:42:34 [restartedMain] TRACE o.s.b.f.s.DefaultListableBeanFactory - Finished creating instance of bean 'authenticationManagerPostProcessor'
2025-11-28 16:42:34 [restartedMain] TRACE o.s.b.f.s.DefaultListableBeanFactory - Invoking afterPropertiesSet() on bean with name 'org.springframework.security.authentication.ProviderManager@450c4622'
2025-11-28 16:42:34 [restartedMain] TRACE o.s.b.f.s.DefaultListableBeanFactory - Returning cached instance of singleton bean 'org.springframework.transaction.config.internalTransactionAdvisor'
2025-11-28 16:42:34 [restartedMain] TRACE o.s.b.f.s.DefaultListableBeanFactory - Returning cached instance of singleton bean 'org.springframework.transaction.config.internalTransactionAdvisor'
2025-11-28 16:42:34 [restartedMain] TRACE o.s.b.f.s.DefaultListableBeanFactory - Invoking afterPropertiesSet() on bean with name 'org.springframework.security.web.access.ExceptionTranslationFilter@61ff382a'
2025-11-28 16:42:34 [restartedMain] TRACE o.s.b.f.s.DefaultListableBeanFactory - Returning cached instance of singleton bean 'org.springframework.transaction.config.internalTransactionAdvisor'
2025-11-28 16:42:34 [restartedMain] TRACE o.s.b.f.s.DefaultListableBeanFactory - Returning cached instance of singleton bean 'org.springframework.transaction.config.internalTransactionAdvisor'
2025-11-28 16:42:34 [restartedMain] TRACE o.s.b.f.s.DefaultListableBeanFactory - Invoking afterPropertiesSet() on bean with name 'org.springframework.security.web.header.HeaderWriterFilter@33b5c58d'
2025-11-28 16:42:34 [restartedMain] TRACE o.s.b.f.s.DefaultListableBeanFactory - Returning cached instance of singleton bean 'org.springframework.transaction.config.internalTransactionAdvisor'
2025-11-28 16:42:34 [restartedMain] TRACE o.s.b.f.s.DefaultListableBeanFactory - Returning cached instance of singleton bean 'org.springframework.transaction.config.internalTransactionAdvisor'
2025-11-28 16:42:34 [restartedMain] TRACE o.s.b.f.s.DefaultListableBeanFactory - Invoking afterPropertiesSet() on bean with name 'org.springframework.security.web.session.SessionManagementFilter@7728e53b'
2025-11-28 16:42:34 [restartedMain] TRACE o.s.b.f.s.DefaultListableBeanFactory - Returning cached instance of singleton bean 'org.springframework.transaction.config.internalTransactionAdvisor'
2025-11-28 16:42:34 [restartedMain] TRACE o.s.b.f.s.DefaultListableBeanFactory - Returning cached instance of singleton bean 'org.springframework.transaction.config.internalTransactionAdvisor'
2025-11-28 16:42:34 [restartedMain] TRACE o.s.b.f.s.DefaultListableBeanFactory - Invoking afterPropertiesSet() on bean with name 'org.springframework.security.web.context.SecurityContextHolderFilter@2bd1b7bb'
2025-11-28 16:42:34 [restartedMain] TRACE o.s.b.f.s.DefaultListableBeanFactory - Returning cached instance of singleton bean 'org.springframework.transaction.config.internalTransactionAdvisor'
2025-11-28 16:42:34 [restartedMain] TRACE o.s.b.f.s.DefaultListableBeanFactory - Returning cached instance of singleton bean 'org.springframework.transaction.config.internalTransactionAdvisor'
2025-11-28 16:42:34 [restartedMain] TRACE o.s.b.f.s.DefaultListableBeanFactory - Invoking afterPropertiesSet() on bean with name 'org.springframework.security.web.savedrequest.RequestCacheAwareFilter@559e2cfc'
2025-11-28 16:42:34 [restartedMain] TRACE o.s.b.f.s.DefaultListableBeanFactory - Returning cached instance of singleton bean 'org.springframework.transaction.config.internalTransactionAdvisor'
2025-11-28 16:42:34 [restartedMain] TRACE o.s.b.f.s.DefaultListableBeanFactory - Returning cached instance of singleton bean 'org.springframework.transaction.config.internalTransactionAdvisor'
2025-11-28 16:42:34 [restartedMain] TRACE o.s.b.f.s.DefaultListableBeanFactory - Invoking afterPropertiesSet() on bean with name 'org.springframework.security.web.servletapi.SecurityContextHolderAwareRequestFilter@3dbb0de2'
2025-11-28 16:42:34 [restartedMain] TRACE o.s.b.f.s.DefaultListableBeanFactory - Returning cached instance of singleton bean 'org.springframework.transaction.config.internalTransactionAdvisor'
2025-11-28 16:42:34 [restartedMain] TRACE o.s.b.f.s.DefaultListableBeanFactory - Returning cached instance of singleton bean 'org.springframework.transaction.config.internalTransactionAdvisor'
2025-11-28 16:42:34 [restartedMain] TRACE o.s.b.f.s.DefaultListableBeanFactory - Returning cached instance of singleton bean 'org.springframework.transaction.config.internalTransactionAdvisor'
2025-11-28 16:42:34 [restartedMain] TRACE o.s.b.f.s.DefaultListableBeanFactory - Returning cached instance of singleton bean 'org.springframework.transaction.config.internalTransactionAdvisor'
2025-11-28 16:42:34 [restartedMain] TRACE o.s.b.f.s.DefaultListableBeanFactory - Invoking afterPropertiesSet() on bean with name 'org.springframework.security.web.authentication.logout.LogoutFilter@433b8373'
2025-11-28 16:42:34 [restartedMain] TRACE o.s.b.f.s.DefaultListableBeanFactory - Returning cached instance of singleton bean 'org.springframework.transaction.config.internalTransactionAdvisor'
2025-11-28 16:42:34 [restartedMain] TRACE o.s.b.f.s.DefaultListableBeanFactory - Returning cached instance of singleton bean 'org.springframework.transaction.config.internalTransactionAdvisor'
2025-11-28 16:42:34 [restartedMain] TRACE o.s.b.f.s.DefaultListableBeanFactory - Returning cached instance of singleton bean 'org.springframework.transaction.config.internalTransactionAdvisor'
2025-11-28 16:42:34 [restartedMain] TRACE o.s.b.f.s.DefaultListableBeanFactory - Returning cached instance of singleton bean 'org.springframework.transaction.config.internalTransactionAdvisor'
2025-11-28 16:42:34 [restartedMain] TRACE o.s.b.f.s.DefaultListableBeanFactory - Invoking afterPropertiesSet() on bean with name 'org.springframework.security.web.access.intercept.AuthorizationFilter@43decba5'
2025-11-28 16:42:34 [restartedMain] TRACE o.s.b.f.s.DefaultListableBeanFactory - Returning cached instance of singleton bean 'org.springframework.transaction.config.internalTransactionAdvisor'
2025-11-28 16:42:34 [restartedMain] TRACE o.s.b.f.s.DefaultListableBeanFactory - Returning cached instance of singleton bean 'org.springframework.transaction.config.internalTransactionAdvisor'
2025-11-28 16:42:34 [restartedMain] TRACE o.s.b.f.s.DefaultListableBeanFactory - Returning cached instance of singleton bean 'org.springframework.transaction.config.internalTransactionAdvisor'
2025-11-28 16:42:34 [restartedMain] TRACE o.s.b.f.s.DefaultListableBeanFactory - Returning cached instance of singleton bean 'org.springframework.transaction.config.internalTransactionAdvisor'
2025-11-28 16:42:34 [restartedMain] TRACE o.s.b.f.s.DefaultListableBeanFactory - Finished creating instance of bean 'filterChain'
2025-11-28 16:42:34 [restartedMain] TRACE o.s.b.f.a.AutowiredAnnotationBeanPostProcessor - Autowiring by type from bean name 'org.springframework.security.config.annotation.web.configuration.WebSecurityConfiguration' to bean named 'filterChain'
2025-11-28 16:42:34 [restartedMain] TRACE o.s.b.f.s.DefaultListableBeanFactory - Returning cached instance of singleton bean 'org.springframework.context.annotation.ConfigurationClassPostProcessor.importRegistry'
2025-11-28 16:42:34 [restartedMain] TRACE o.s.b.f.s.DefaultListableBeanFactory - Returning cached instance of singleton bean 'org.springframework.transaction.config.internalTransactionAdvisor'
2025-11-28 16:42:34 [restartedMain] TRACE o.s.b.f.s.DefaultListableBeanFactory - Returning cached instance of singleton bean 'org.springframework.transaction.config.internalTransactionAdvisor'
2025-11-28 16:42:34 [restartedMain] TRACE o.s.b.f.s.DefaultListableBeanFactory - Finished creating instance of bean 'org.springframework.security.config.annotation.web.configuration.WebSecurityConfiguration'
2025-11-28 16:42:34 [restartedMain] DEBUG o.s.b.f.s.DefaultListableBeanFactory - Creating shared instance of singleton bean 'delegatingApplicationListener'
2025-11-28 16:42:34 [restartedMain] TRACE o.s.b.f.s.DefaultListableBeanFactory - Creating instance of bean 'delegatingApplicationListener'
2025-11-28 16:42:34 [restartedMain] TRACE o.s.b.f.s.DefaultListableBeanFactory - Returning cached instance of singleton bean 'org.springframework.transaction.config.internalTransactionAdvisor'
2025-11-28 16:42:34 [restartedMain] TRACE o.s.b.f.s.DefaultListableBeanFactory - Returning cached instance of singleton bean 'org.springframework.transaction.config.internalTransactionAdvisor'
2025-11-28 16:42:34 [restartedMain] TRACE o.s.b.f.s.DefaultListableBeanFactory - Returning cached instance of singleton bean 'org.springframework.transaction.config.internalTransactionAdvisor'
2025-11-28 16:42:34 [restartedMain] TRACE o.s.b.f.s.DefaultListableBeanFactory - Finished creating instance of bean 'delegatingApplicationListener'
2025-11-28 16:42:34 [restartedMain] DEBUG o.s.b.f.s.DefaultListableBeanFactory - Creating shared instance of singleton bean 'springSecurityFilterChain'
2025-11-28 16:42:34 [restartedMain] TRACE o.s.b.f.s.DefaultListableBeanFactory - Creating instance of bean 'springSecurityFilterChain'
2025-11-28 16:42:34 [restartedMain] TRACE o.s.b.f.s.DefaultListableBeanFactory - Returning cached instance of singleton bean 'org.springframework.transaction.config.internalTransactionAdvisor'
2025-11-28 16:42:34 [restartedMain] TRACE o.s.b.f.s.DefaultListableBeanFactory - Creating instance of bean '(inner bean)#120db329'
2025-11-28 16:42:34 [restartedMain] TRACE o.s.b.f.s.DefaultListableBeanFactory - Returning cached instance of singleton bean 'org.springframework.transaction.config.internalTransactionAdvisor'
2025-11-28 16:42:34 [restartedMain] TRACE o.s.b.f.s.DefaultListableBeanFactory - Returning cached instance of singleton bean 'org.springframework.transaction.config.internalTransactionAdvisor'
2025-11-28 16:42:34 [restartedMain] TRACE o.s.b.f.s.DefaultListableBeanFactory - Returning cached instance of singleton bean 'org.springframework.transaction.config.internalTransactionAdvisor'
2025-11-28 16:42:34 [restartedMain] TRACE o.s.b.f.s.DefaultListableBeanFactory - Finished creating instance of bean '(inner bean)#120db329'
2025-11-28 16:42:34 [restartedMain] TRACE o.s.b.f.s.DefaultListableBeanFactory - Returning cached instance of singleton bean 'mvcHandlerMappingIntrospector'
2025-11-28 16:42:34 [restartedMain] TRACE o.s.b.f.s.DefaultListableBeanFactory - Returning cached instance of singleton bean 'org.springframework.transaction.config.internalTransactionAdvisor'
2025-11-28 16:42:34 [restartedMain] TRACE o.s.b.f.s.DefaultListableBeanFactory - Returning cached instance of singleton bean 'org.springframework.transaction.config.internalTransactionAdvisor'
2025-11-28 16:42:34 [restartedMain] TRACE o.s.b.f.s.DefaultListableBeanFactory - Creating instance of bean '(inner bean)#51cb7fe4'
2025-11-28 16:42:34 [restartedMain] TRACE o.s.b.f.s.DefaultListableBeanFactory - Returning cached instance of singleton bean 'org.springframework.transaction.config.internalTransactionAdvisor'
2025-11-28 16:42:34 [restartedMain] TRACE o.s.b.f.s.DefaultListableBeanFactory - Returning cached instance of singleton bean 'org.springframework.security.config.annotation.web.configuration.WebSecurityConfiguration'
2025-11-28 16:42:34 [restartedMain] TRACE o.s.b.f.s.DefaultListableBeanFactory - Invoking afterPropertiesSet() on bean with name '(inner bean)#51cb7fe4'
2025-11-28 16:42:34 [restartedMain] TRACE o.s.b.f.s.DefaultListableBeanFactory - Returning cached instance of singleton bean 'org.springframework.transaction.config.internalTransactionAdvisor'
2025-11-28 16:42:34 [restartedMain] TRACE o.s.b.f.s.DefaultListableBeanFactory - Returning cached instance of singleton bean 'org.springframework.transaction.config.internalTransactionAdvisor'
2025-11-28 16:42:34 [restartedMain] TRACE o.s.b.f.s.DefaultListableBeanFactory - Finished creating instance of bean '(inner bean)#51cb7fe4'
2025-11-28 16:42:34 [restartedMain] TRACE o.s.b.f.s.DefaultListableBeanFactory - Invoking afterPropertiesSet() on bean with name 'springSecurityFilterChain'
2025-11-28 16:42:34 [restartedMain] TRACE o.s.b.f.s.DefaultListableBeanFactory - Returning cached instance of singleton bean 'org.springframework.transaction.config.internalTransactionAdvisor'
2025-11-28 16:42:34 [restartedMain] TRACE o.s.b.f.s.DefaultListableBeanFactory - Returning cached instance of singleton bean 'org.springframework.transaction.config.internalTransactionAdvisor'
2025-11-28 16:42:34 [restartedMain] TRACE o.s.b.f.s.DefaultListableBeanFactory - Finished creating instance of bean 'springSecurityFilterChain'
2025-11-28 16:42:34 [restartedMain] DEBUG o.s.b.f.s.DefaultListableBeanFactory - Creating shared instance of singleton bean 'webSecurityExpressionHandler'
2025-11-28 16:42:34 [restartedMain] TRACE o.s.b.f.s.DefaultListableBeanFactory - Creating instance of bean 'webSecurityExpressionHandler'
2025-11-28 16:42:34 [restartedMain] TRACE o.s.b.f.s.DefaultListableBeanFactory - Returning cached instance of singleton bean 'org.springframework.security.config.annotation.web.configuration.WebSecurityConfiguration'
2025-11-28 16:42:34 [restartedMain] TRACE o.s.b.f.s.DefaultListableBeanFactory - Finished creating instance of bean 'webSecurityExpressionHandler'
2025-11-28 16:42:34 [restartedMain] TRACE o.s.b.f.s.DefaultListableBeanFactory - Returning cached instance of singleton bean 'springSecurityFilterChain'
2025-11-28 16:42:34 [restartedMain] DEBUG o.s.b.f.s.DefaultListableBeanFactory - Creating shared instance of singleton bean 'privilegeEvaluator'
2025-11-28 16:42:34 [restartedMain] TRACE o.s.b.f.s.DefaultListableBeanFactory - Creating instance of bean 'privilegeEvaluator'
2025-11-28 16:42:34 [restartedMain] TRACE o.s.b.f.s.DefaultListableBeanFactory - Returning cached instance of singleton bean 'org.springframework.transaction.config.internalTransactionAdvisor'
2025-11-28 16:42:34 [restartedMain] TRACE o.s.b.f.s.DefaultListableBeanFactory - Returning cached instance of singleton bean 'org.springframework.security.config.annotation.web.configuration.WebSecurityConfiguration'
2025-11-28 16:42:34 [restartedMain] TRACE o.s.b.f.s.DefaultListableBeanFactory - Returning cached instance of singleton bean 'org.springframework.transaction.config.internalTransactionAdvisor'
2025-11-28 16:42:34 [restartedMain] TRACE o.s.b.f.s.DefaultListableBeanFactory - Returning cached instance of singleton bean 'org.springframework.transaction.config.internalTransactionAdvisor'
2025-11-28 16:42:34 [restartedMain] TRACE o.s.b.f.s.DefaultListableBeanFactory - Finished creating instance of bean 'privilegeEvaluator'
2025-11-28 16:42:34 [restartedMain] TRACE o.s.b.f.s.DefaultListableBeanFactory - Returning cached instance of singleton bean 'conversionServicePostProcessor'
2025-11-28 16:42:34 [restartedMain] TRACE o.s.b.f.s.DefaultListableBeanFactory - Returning cached instance of singleton bean 'org.springframework.security.config.annotation.web.configuration.WebMvcSecurityConfiguration'
2025-11-28 16:42:34 [restartedMain] DEBUG o.s.b.f.s.DefaultListableBeanFactory - Creating shared instance of singleton bean 'requestDataValueProcessor'
2025-11-28 16:42:34 [restartedMain] TRACE o.s.b.f.s.DefaultListableBeanFactory - Creating instance of bean 'requestDataValueProcessor'
2025-11-28 16:42:34 [restartedMain] TRACE o.s.b.f.s.DefaultListableBeanFactory - Returning cached instance of singleton bean 'org.springframework.transaction.config.internalTransactionAdvisor'
2025-11-28 16:42:34 [restartedMain] TRACE o.s.b.f.s.DefaultListableBeanFactory - Returning cached instance of singleton bean 'org.springframework.security.config.annotation.web.configuration.WebMvcSecurityConfiguration'
2025-11-28 16:42:34 [restartedMain] TRACE o.s.b.f.s.DefaultListableBeanFactory - Returning cached instance of singleton bean 'org.springframework.transaction.config.internalTransactionAdvisor'
2025-11-28 16:42:34 [restartedMain] TRACE o.s.b.f.s.DefaultListableBeanFactory - Returning cached instance of singleton bean 'org.springframework.transaction.config.internalTransactionAdvisor'
2025-11-28 16:42:34 [restartedMain] TRACE o.s.b.f.s.DefaultListableBeanFactory - Finished creating instance of bean 'requestDataValueProcessor'
2025-11-28 16:42:34 [restartedMain] TRACE o.s.b.f.s.DefaultListableBeanFactory - Returning cached instance of singleton bean 'springSecurityHandlerMappingIntrospectorBeanDefinitionRegistryPostProcessor'
2025-11-28 16:42:34 [restartedMain] TRACE o.s.b.f.s.DefaultListableBeanFactory - Returning cached instance of singleton bean 'org.springframework.security.config.annotation.web.configuration.HttpSecurityConfiguration'
2025-11-28 16:42:34 [restartedMain] DEBUG o.s.b.f.s.DefaultListableBeanFactory - Creating shared instance of singleton bean 'org.springframework.security.config.annotation.web.configuration.ObservationConfiguration'
2025-11-28 16:42:34 [restartedMain] TRACE o.s.b.f.s.DefaultListableBeanFactory - Creating instance of bean 'org.springframework.security.config.annotation.web.configuration.ObservationConfiguration'
2025-11-28 16:42:34 [restartedMain] TRACE o.s.b.f.s.DefaultListableBeanFactory - Returning cached instance of singleton bean 'org.springframework.transaction.config.internalTransactionAdvisor'
2025-11-28 16:42:34 [restartedMain] TRACE o.s.b.f.s.DefaultListableBeanFactory - Returning cached instance of singleton bean 'org.springframework.transaction.config.internalTransactionAdvisor'
2025-11-28 16:42:34 [restartedMain] TRACE o.s.b.f.s.DefaultListableBeanFactory - Returning cached instance of singleton bean 'org.springframework.transaction.config.internalTransactionAdvisor'
2025-11-28 16:42:34 [restartedMain] TRACE o.s.b.f.s.DefaultListableBeanFactory - Finished creating instance of bean 'org.springframework.security.config.annotation.web.configuration.ObservationConfiguration'
2025-11-28 16:42:34 [restartedMain] TRACE o.s.b.f.s.DefaultListableBeanFactory - Returning cached instance of singleton bean 'webAuthorizationManagerPostProcessor'
2025-11-28 16:42:34 [restartedMain] TRACE o.s.b.f.s.DefaultListableBeanFactory - Returning cached instance of singleton bean 'authenticationManagerPostProcessor'
2025-11-28 16:42:34 [restartedMain] TRACE o.s.b.f.s.DefaultListableBeanFactory - Returning cached instance of singleton bean 'filterChainDecoratorPostProcessor'
2025-11-28 16:42:34 [restartedMain] TRACE o.s.b.f.s.DefaultListableBeanFactory - Returning cached instance of singleton bean 'filterChain'
2025-11-28 16:42:34 [restartedMain] TRACE o.s.b.f.s.DefaultListableBeanFactory - Returning cached instance of singleton bean 'authProvider'
2025-11-28 16:42:34 [restartedMain] TRACE o.s.b.f.s.DefaultListableBeanFactory - Returning cached instance of singleton bean 'passwordEncoder'
2025-11-28 16:42:34 [restartedMain] TRACE o.s.b.f.s.DefaultListableBeanFactory - Returning cached instance of singleton bean 'authenticationManager'
2025-11-28 16:42:34 [restartedMain] TRACE o.s.b.f.s.DefaultListableBeanFactory - Returning cached instance of singleton bean 'org.springframework.boot.autoconfigure.AutoConfigurationPackages'
2025-11-28 16:42:34 [restartedMain] DEBUG o.s.b.f.s.DefaultListableBeanFactory - Creating shared instance of singleton bean 'org.springframework.boot.autoconfigure.context.PropertyPlaceholderAutoConfiguration'
2025-11-28 16:42:34 [restartedMain] TRACE o.s.b.f.s.DefaultListableBeanFactory - Creating instance of bean 'org.springframework.boot.autoconfigure.context.PropertyPlaceholderAutoConfiguration'
2025-11-28 16:42:34 [restartedMain] TRACE o.s.b.f.s.DefaultListableBeanFactory - Returning cached instance of singleton bean 'org.springframework.transaction.config.internalTransactionAdvisor'
2025-11-28 16:42:34 [restartedMain] TRACE o.s.b.f.s.DefaultListableBeanFactory - Returning cached instance of singleton bean 'org.springframework.transaction.config.internalTransactionAdvisor'
2025-11-28 16:42:34 [restartedMain] TRACE o.s.b.f.s.DefaultListableBeanFactory - Returning cached instance of singleton bean 'org.springframework.transaction.config.internalTransactionAdvisor'
2025-11-28 16:42:34 [restartedMain] TRACE o.s.b.f.s.DefaultListableBeanFactory - Finished creating instance of bean 'org.springframework.boot.autoconfigure.context.PropertyPlaceholderAutoConfiguration'
2025-11-28 16:42:34 [restartedMain] TRACE o.s.b.f.s.DefaultListableBeanFactory - Returning cached instance of singleton bean 'propertySourcesPlaceholderConfigurer'
2025-11-28 16:42:34 [restartedMain] TRACE o.s.b.f.s.DefaultListableBeanFactory - Returning cached instance of singleton bean 'org.springframework.boot.autoconfigure.ssl.SslAutoConfiguration'
2025-11-28 16:42:34 [restartedMain] TRACE o.s.b.f.s.DefaultListableBeanFactory - Returning cached instance of singleton bean 'fileWatcher'
2025-11-28 16:42:34 [restartedMain] TRACE o.s.b.f.s.DefaultListableBeanFactory - Returning cached instance of singleton bean 'sslPropertiesSslBundleRegistrar'
2025-11-28 16:42:34 [restartedMain] TRACE o.s.b.f.s.DefaultListableBeanFactory - Returning cached instance of singleton bean 'sslBundleRegistry'
2025-11-28 16:42:34 [restartedMain] TRACE o.s.b.f.s.DefaultListableBeanFactory - Returning cached instance of singleton bean 'org.springframework.boot.context.properties.ConfigurationPropertiesBindingPostProcessor'
2025-11-28 16:42:34 [restartedMain] TRACE o.s.b.f.s.DefaultListableBeanFactory - Returning cached instance of singleton bean 'org.springframework.boot.context.internalConfigurationPropertiesBinder'
2025-11-28 16:42:34 [restartedMain] TRACE o.s.b.f.s.DefaultListableBeanFactory - Returning cached instance of singleton bean 'org.springframework.boot.context.properties.BoundConfigurationProperties'
2025-11-28 16:42:34 [restartedMain] TRACE o.s.b.f.s.DefaultListableBeanFactory - Returning cached instance of singleton bean 'org.springframework.boot.context.properties.EnableConfigurationPropertiesRegistrar.methodValidationExcludeFilter'
2025-11-28 16:42:34 [restartedMain] TRACE o.s.b.f.s.DefaultListableBeanFactory - Returning cached instance of singleton bean 'spring.ssl-org.springframework.boot.autoconfigure.ssl.SslProperties'
2025-11-28 16:42:34 [restartedMain] TRACE o.s.b.f.s.DefaultListableBeanFactory - Returning cached instance of singleton bean 'org.springframework.boot.autoconfigure.websocket.servlet.WebSocketServletAutoConfiguration$TomcatWebSocketConfiguration'
2025-11-28 16:42:34 [restartedMain] TRACE o.s.b.f.s.DefaultListableBeanFactory - Returning cached instance of singleton bean 'websocketServletWebServerCustomizer'
2025-11-28 16:42:34 [restartedMain] DEBUG o.s.b.f.s.DefaultListableBeanFactory - Creating shared instance of singleton bean 'org.springframework.boot.autoconfigure.websocket.servlet.WebSocketServletAutoConfiguration'
2025-11-28 16:42:34 [restartedMain] TRACE o.s.b.f.s.DefaultListableBeanFactory - Creating instance of bean 'org.springframework.boot.autoconfigure.websocket.servlet.WebSocketServletAutoConfiguration'
2025-11-28 16:42:34 [restartedMain] TRACE o.s.b.f.s.DefaultListableBeanFactory - Returning cached instance of singleton bean 'org.springframework.transaction.config.internalTransactionAdvisor'
2025-11-28 16:42:34 [restartedMain] TRACE o.s.b.f.s.DefaultListableBeanFactory - Returning cached instance of singleton bean 'org.springframework.transaction.config.internalTransactionAdvisor'
2025-11-28 16:42:34 [restartedMain] TRACE o.s.b.f.s.DefaultListableBeanFactory - Returning cached instance of singleton bean 'org.springframework.transaction.config.internalTransactionAdvisor'
2025-11-28 16:42:34 [restartedMain] TRACE o.s.b.f.s.DefaultListableBeanFactory - Finished creating instance of bean 'org.springframework.boot.autoconfigure.websocket.servlet.WebSocketServletAutoConfiguration'
2025-11-28 16:42:34 [restartedMain] TRACE o.s.b.f.s.DefaultListableBeanFactory - Returning cached instance of singleton bean 'org.springframework.boot.autoconfigure.web.servlet.ServletWebServerFactoryConfiguration$EmbeddedTomcat'
2025-11-28 16:42:34 [restartedMain] TRACE o.s.b.f.s.DefaultListableBeanFactory - Returning cached instance of singleton bean 'tomcatServletWebServerFactory'
2025-11-28 16:42:34 [restartedMain] TRACE o.s.b.f.s.DefaultListableBeanFactory - Returning cached instance of singleton bean 'org.springframework.boot.autoconfigure.web.servlet.ServletWebServerFactoryAutoConfiguration'
2025-11-28 16:42:34 [restartedMain] TRACE o.s.b.f.s.DefaultListableBeanFactory - Returning cached instance of singleton bean 'servletWebServerFactoryCustomizer'
2025-11-28 16:42:34 [restartedMain] TRACE o.s.b.f.s.DefaultListableBeanFactory - Returning cached instance of singleton bean 'tomcatServletWebServerFactoryCustomizer'
2025-11-28 16:42:34 [restartedMain] TRACE o.s.b.f.s.DefaultListableBeanFactory - Returning cached instance of singleton bean 'server-org.springframework.boot.autoconfigure.web.ServerProperties'
2025-11-28 16:42:34 [restartedMain] TRACE o.s.b.f.s.DefaultListableBeanFactory - Returning cached instance of singleton bean 'webServerFactoryCustomizerBeanPostProcessor'
2025-11-28 16:42:34 [restartedMain] TRACE o.s.b.f.s.DefaultListableBeanFactory - Returning cached instance of singleton bean 'errorPageRegistrarBeanPostProcessor'
2025-11-28 16:42:34 [restartedMain] TRACE o.s.b.f.s.DefaultListableBeanFactory - Returning cached instance of singleton bean 'org.springframework.boot.autoconfigure.web.servlet.DispatcherServletAutoConfiguration$DispatcherServletConfiguration'
2025-11-28 16:42:34 [restartedMain] TRACE o.s.b.f.s.DefaultListableBeanFactory - Returning cached instance of singleton bean 'dispatcherServlet'
2025-11-28 16:42:34 [restartedMain] TRACE o.s.b.f.s.DefaultListableBeanFactory - Returning cached instance of singleton bean 'spring.mvc-org.springframework.boot.autoconfigure.web.servlet.WebMvcProperties'
2025-11-28 16:42:34 [restartedMain] TRACE o.s.b.f.s.DefaultListableBeanFactory - Returning cached instance of singleton bean 'org.springframework.boot.autoconfigure.web.servlet.DispatcherServletAutoConfiguration$DispatcherServletRegistrationConfiguration'
2025-11-28 16:42:34 [restartedMain] TRACE o.s.b.f.s.DefaultListableBeanFactory - Returning cached instance of singleton bean 'dispatcherServletRegistration'
2025-11-28 16:42:34 [restartedMain] DEBUG o.s.b.f.s.DefaultListableBeanFactory - Creating shared instance of singleton bean 'org.springframework.boot.autoconfigure.web.servlet.DispatcherServletAutoConfiguration'
2025-11-28 16:42:34 [restartedMain] TRACE o.s.b.f.s.DefaultListableBeanFactory - Creating instance of bean 'org.springframework.boot.autoconfigure.web.servlet.DispatcherServletAutoConfiguration'
2025-11-28 16:42:34 [restartedMain] TRACE o.s.b.f.s.DefaultListableBeanFactory - Returning cached instance of singleton bean 'org.springframework.transaction.config.internalTransactionAdvisor'
2025-11-28 16:42:34 [restartedMain] TRACE o.s.b.f.s.DefaultListableBeanFactory - Returning cached instance of singleton bean 'org.springframework.transaction.config.internalTransactionAdvisor'
2025-11-28 16:42:34 [restartedMain] TRACE o.s.b.f.s.DefaultListableBeanFactory - Returning cached instance of singleton bean 'org.springframework.transaction.config.internalTransactionAdvisor'
2025-11-28 16:42:34 [restartedMain] TRACE o.s.b.f.s.DefaultListableBeanFactory - Finished creating instance of bean 'org.springframework.boot.autoconfigure.web.servlet.DispatcherServletAutoConfiguration'
2025-11-28 16:42:34 [restartedMain] DEBUG o.s.b.f.s.DefaultListableBeanFactory - Creating shared instance of singleton bean 'org.springframework.boot.autoconfigure.task.TaskExecutorConfigurations$ThreadPoolTaskExecutorBuilderConfiguration'
2025-11-28 16:42:34 [restartedMain] TRACE o.s.b.f.s.DefaultListableBeanFactory - Creating instance of bean 'org.springframework.boot.autoconfigure.task.TaskExecutorConfigurations$ThreadPoolTaskExecutorBuilderConfiguration'
2025-11-28 16:42:34 [restartedMain] TRACE o.s.b.f.s.DefaultListableBeanFactory - Returning cached instance of singleton bean 'org.springframework.transaction.config.internalTransactionAdvisor'
2025-11-28 16:42:34 [restartedMain] TRACE o.s.b.f.s.DefaultListableBeanFactory - Returning cached instance of singleton bean 'org.springframework.transaction.config.internalTransactionAdvisor'
2025-11-28 16:42:34 [restartedMain] TRACE o.s.b.f.s.DefaultListableBeanFactory - Returning cached instance of singleton bean 'org.springframework.transaction.config.internalTransactionAdvisor'
2025-11-28 16:42:34 [restartedMain] TRACE o.s.b.f.s.DefaultListableBeanFactory - Finished creating instance of bean 'org.springframework.boot.autoconfigure.task.TaskExecutorConfigurations$ThreadPoolTaskExecutorBuilderConfiguration'
2025-11-28 16:42:34 [restartedMain] DEBUG o.s.b.f.s.DefaultListableBeanFactory - Creating shared instance of singleton bean 'threadPoolTaskExecutorBuilder'
2025-11-28 16:42:34 [restartedMain] TRACE o.s.b.f.s.DefaultListableBeanFactory - Creating instance of bean 'threadPoolTaskExecutorBuilder'
2025-11-28 16:42:34 [restartedMain] TRACE o.s.b.f.s.DefaultListableBeanFactory - Returning cached instance of singleton bean 'org.springframework.transaction.config.internalTransactionAdvisor'
2025-11-28 16:42:34 [restartedMain] TRACE o.s.b.f.s.DefaultListableBeanFactory - Returning cached instance of singleton bean 'org.springframework.boot.autoconfigure.task.TaskExecutorConfigurations$ThreadPoolTaskExecutorBuilderConfiguration'
2025-11-28 16:42:34 [restartedMain] DEBUG o.s.b.f.s.DefaultListableBeanFactory - Creating shared instance of singleton bean 'spring.task.execution-org.springframework.boot.autoconfigure.task.TaskExecutionProperties'
2025-11-28 16:42:34 [restartedMain] TRACE o.s.b.f.s.DefaultListableBeanFactory - Creating instance of bean 'spring.task.execution-org.springframework.boot.autoconfigure.task.TaskExecutionProperties'
2025-11-28 16:42:34 [restartedMain] TRACE o.s.b.f.s.DefaultListableBeanFactory - Returning cached instance of singleton bean 'org.springframework.transaction.config.internalTransactionAdvisor'
2025-11-28 16:42:34 [restartedMain] TRACE o.s.b.f.s.DefaultListableBeanFactory - Returning cached instance of singleton bean 'org.springframework.boot.context.properties.BoundConfigurationProperties'
2025-11-28 16:42:34 [restartedMain] TRACE o.s.b.f.s.DefaultListableBeanFactory - Returning cached instance of singleton bean 'org.springframework.transaction.config.internalTransactionAdvisor'
2025-11-28 16:42:34 [restartedMain] TRACE o.s.b.f.s.DefaultListableBeanFactory - Returning cached instance of singleton bean 'org.springframework.transaction.config.internalTransactionAdvisor'
2025-11-28 16:42:34 [restartedMain] TRACE o.s.b.f.s.DefaultListableBeanFactory - Finished creating instance of bean 'spring.task.execution-org.springframework.boot.autoconfigure.task.TaskExecutionProperties'
2025-11-28 16:42:34 [restartedMain] DEBUG o.s.b.f.s.DefaultListableBeanFactory - Autowiring by type from bean name 'threadPoolTaskExecutorBuilder' via factory method to bean named 'spring.task.execution-org.springframework.boot.autoconfigure.task.TaskExecutionProperties'
2025-11-28 16:42:34 [restartedMain] TRACE o.s.b.f.s.DefaultListableBeanFactory - Returning cached instance of singleton bean 'org.springframework.transaction.config.internalTransactionAdvisor'
2025-11-28 16:42:34 [restartedMain] TRACE o.s.b.f.s.DefaultListableBeanFactory - Returning cached instance of singleton bean 'org.springframework.transaction.config.internalTransactionAdvisor'
2025-11-28 16:42:34 [restartedMain] TRACE o.s.b.f.s.DefaultListableBeanFactory - Finished creating instance of bean 'threadPoolTaskExecutorBuilder'
2025-11-28 16:42:34 [restartedMain] DEBUG o.s.b.f.s.DefaultListableBeanFactory - Creating shared instance of singleton bean 'org.springframework.boot.autoconfigure.task.TaskExecutorConfigurations$SimpleAsyncTaskExecutorBuilderConfiguration'
2025-11-28 16:42:34 [restartedMain] TRACE o.s.b.f.s.DefaultListableBeanFactory - Creating instance of bean 'org.springframework.boot.autoconfigure.task.TaskExecutorConfigurations$SimpleAsyncTaskExecutorBuilderConfiguration'
2025-11-28 16:42:34 [restartedMain] TRACE o.s.b.f.s.DefaultListableBeanFactory - Returning cached instance of singleton bean 'org.springframework.transaction.config.internalTransactionAdvisor'
2025-11-28 16:42:34 [restartedMain] TRACE o.s.b.f.s.DefaultListableBeanFactory - Returning cached instance of singleton bean 'spring.task.execution-org.springframework.boot.autoconfigure.task.TaskExecutionProperties'
2025-11-28 16:42:34 [restartedMain] DEBUG o.s.b.f.s.DefaultListableBeanFactory - Autowiring by type from bean name 'org.springframework.boot.autoconfigure.task.TaskExecutorConfigurations$SimpleAsyncTaskExecutorBuilderConfiguration' via constructor to bean named 'spring.task.execution-org.springframework.boot.autoconfigure.task.TaskExecutionProperties'
2025-11-28 16:42:34 [restartedMain] TRACE o.s.b.f.s.DefaultListableBeanFactory - Returning cached instance of singleton bean 'org.springframework.transaction.config.internalTransactionAdvisor'
2025-11-28 16:42:34 [restartedMain] TRACE o.s.b.f.s.DefaultListableBeanFactory - Returning cached instance of singleton bean 'org.springframework.transaction.config.internalTransactionAdvisor'
2025-11-28 16:42:34 [restartedMain] TRACE o.s.b.f.s.DefaultListableBeanFactory - Finished creating instance of bean 'org.springframework.boot.autoconfigure.task.TaskExecutorConfigurations$SimpleAsyncTaskExecutorBuilderConfiguration'
2025-11-28 16:42:34 [restartedMain] DEBUG o.s.b.f.s.DefaultListableBeanFactory - Creating shared instance of singleton bean 'simpleAsyncTaskExecutorBuilder'
2025-11-28 16:42:34 [restartedMain] TRACE o.s.b.f.s.DefaultListableBeanFactory - Creating instance of bean 'simpleAsyncTaskExecutorBuilder'
2025-11-28 16:42:34 [restartedMain] TRACE o.s.b.f.s.DefaultListableBeanFactory - Returning cached instance of singleton bean 'org.springframework.transaction.config.internalTransactionAdvisor'
2025-11-28 16:42:34 [restartedMain] TRACE o.s.b.f.s.DefaultListableBeanFactory - Returning cached instance of singleton bean 'org.springframework.boot.autoconfigure.task.TaskExecutorConfigurations$SimpleAsyncTaskExecutorBuilderConfiguration'
2025-11-28 16:42:34 [restartedMain] TRACE o.s.b.f.s.DefaultListableBeanFactory - Returning cached instance of singleton bean 'org.springframework.transaction.config.internalTransactionAdvisor'
2025-11-28 16:42:34 [restartedMain] TRACE o.s.b.f.s.DefaultListableBeanFactory - Returning cached instance of singleton bean 'org.springframework.transaction.config.internalTransactionAdvisor'
2025-11-28 16:42:34 [restartedMain] TRACE o.s.b.f.s.DefaultListableBeanFactory - Finished creating instance of bean 'simpleAsyncTaskExecutorBuilder'
2025-11-28 16:42:34 [restartedMain] DEBUG o.s.b.f.s.DefaultListableBeanFactory - Creating shared instance of singleton bean 'org.springframework.boot.autoconfigure.task.TaskExecutorConfigurations$TaskExecutorConfiguration'
2025-11-28 16:42:34 [restartedMain] TRACE o.s.b.f.s.DefaultListableBeanFactory - Creating instance of bean 'org.springframework.boot.autoconfigure.task.TaskExecutorConfigurations$TaskExecutorConfiguration'
2025-11-28 16:42:34 [restartedMain] TRACE o.s.b.f.s.DefaultListableBeanFactory - Returning cached instance of singleton bean 'org.springframework.transaction.config.internalTransactionAdvisor'
2025-11-28 16:42:34 [restartedMain] TRACE o.s.b.f.s.DefaultListableBeanFactory - Returning cached instance of singleton bean 'org.springframework.transaction.config.internalTransactionAdvisor'
2025-11-28 16:42:34 [restartedMain] TRACE o.s.b.f.s.DefaultListableBeanFactory - Returning cached instance of singleton bean 'org.springframework.transaction.config.internalTransactionAdvisor'
2025-11-28 16:42:34 [restartedMain] TRACE o.s.b.f.s.DefaultListableBeanFactory - Finished creating instance of bean 'org.springframework.boot.autoconfigure.task.TaskExecutorConfigurations$TaskExecutorConfiguration'
2025-11-28 16:42:34 [restartedMain] DEBUG o.s.b.f.s.DefaultListableBeanFactory - Creating shared instance of singleton bean 'org.springframework.boot.autoconfigure.task.TaskExecutionAutoConfiguration'
2025-11-28 16:42:34 [restartedMain] TRACE o.s.b.f.s.DefaultListableBeanFactory - Creating instance of bean 'org.springframework.boot.autoconfigure.task.TaskExecutionAutoConfiguration'
2025-11-28 16:42:34 [restartedMain] TRACE o.s.b.f.s.DefaultListableBeanFactory - Returning cached instance of singleton bean 'org.springframework.transaction.config.internalTransactionAdvisor'
2025-11-28 16:42:34 [restartedMain] TRACE o.s.b.f.s.DefaultListableBeanFactory - Returning cached instance of singleton bean 'org.springframework.transaction.config.internalTransactionAdvisor'
2025-11-28 16:42:34 [restartedMain] TRACE o.s.b.f.s.DefaultListableBeanFactory - Returning cached instance of singleton bean 'org.springframework.transaction.config.internalTransactionAdvisor'
2025-11-28 16:42:34 [restartedMain] TRACE o.s.b.f.s.DefaultListableBeanFactory - Finished creating instance of bean 'org.springframework.boot.autoconfigure.task.TaskExecutionAutoConfiguration'
2025-11-28 16:42:34 [restartedMain] TRACE o.s.b.f.s.DefaultListableBeanFactory - Returning cached instance of singleton bean 'spring.task.execution-org.springframework.boot.autoconfigure.task.TaskExecutionProperties'
2025-11-28 16:42:34 [restartedMain] DEBUG o.s.b.f.s.DefaultListableBeanFactory - Creating shared instance of singleton bean 'org.springframework.boot.autoconfigure.validation.ValidationAutoConfiguration'
2025-11-28 16:42:34 [restartedMain] TRACE o.s.b.f.s.DefaultListableBeanFactory - Creating instance of bean 'org.springframework.boot.autoconfigure.validation.ValidationAutoConfiguration'
2025-11-28 16:42:34 [restartedMain] TRACE o.s.b.f.s.DefaultListableBeanFactory - Returning cached instance of singleton bean 'org.springframework.transaction.config.internalTransactionAdvisor'
2025-11-28 16:42:34 [restartedMain] TRACE o.s.b.f.s.DefaultListableBeanFactory - Returning cached instance of singleton bean 'org.springframework.transaction.config.internalTransactionAdvisor'
2025-11-28 16:42:34 [restartedMain] TRACE o.s.b.f.s.DefaultListableBeanFactory - Returning cached instance of singleton bean 'org.springframework.transaction.config.internalTransactionAdvisor'
2025-11-28 16:42:34 [restartedMain] TRACE o.s.b.f.s.DefaultListableBeanFactory - Finished creating instance of bean 'org.springframework.boot.autoconfigure.validation.ValidationAutoConfiguration'
2025-11-28 16:42:34 [restartedMain] DEBUG o.s.b.f.s.DefaultListableBeanFactory - Creating shared instance of singleton bean 'defaultValidator'
2025-11-28 16:42:34 [restartedMain] TRACE o.s.b.f.s.DefaultListableBeanFactory - Creating instance of bean 'defaultValidator'
2025-11-28 16:42:34 [restartedMain] TRACE o.s.b.f.s.DefaultListableBeanFactory - Returning cached instance of singleton bean 'org.springframework.transaction.config.internalTransactionAdvisor'
2025-11-28 16:42:34 [restartedMain] DEBUG o.s.b.f.s.DefaultListableBeanFactory - Autowiring by type from bean name 'defaultValidator' via factory method to bean named 'org.springframework.boot.web.servlet.context.AnnotationConfigServletWebServerApplicationContext@2aa80228'
2025-11-28 16:42:34 [restartedMain] TRACE o.s.b.f.s.DefaultListableBeanFactory - Invoking afterPropertiesSet() on bean with name 'defaultValidator'
2025-11-28 16:42:34 [restartedMain] TRACE o.s.b.f.s.DefaultListableBeanFactory - Returning cached instance of singleton bean 'org.springframework.transaction.config.internalTransactionAdvisor'
2025-11-28 16:42:34 [restartedMain] TRACE o.s.b.f.s.DefaultListableBeanFactory - Returning cached instance of singleton bean 'org.springframework.transaction.config.internalTransactionAdvisor'
2025-11-28 16:42:34 [restartedMain] TRACE o.s.b.f.s.DefaultListableBeanFactory - Finished creating instance of bean 'defaultValidator'
2025-11-28 16:42:34 [restartedMain] TRACE o.s.b.f.s.DefaultListableBeanFactory - Returning cached instance of singleton bean 'methodValidationPostProcessor'
2025-11-28 16:42:34 [restartedMain] DEBUG o.s.b.f.s.DefaultListableBeanFactory - Creating shared instance of singleton bean 'org.springframework.boot.autoconfigure.web.servlet.error.ErrorMvcAutoConfiguration$WhitelabelErrorViewConfiguration'
2025-11-28 16:42:34 [restartedMain] TRACE o.s.b.f.s.DefaultListableBeanFactory - Creating instance of bean 'org.springframework.boot.autoconfigure.web.servlet.error.ErrorMvcAutoConfiguration$WhitelabelErrorViewConfiguration'
2025-11-28 16:42:34 [restartedMain] TRACE o.s.b.f.s.DefaultListableBeanFactory - Returning cached instance of singleton bean 'org.springframework.transaction.config.internalTransactionAdvisor'
2025-11-28 16:42:34 [restartedMain] TRACE o.s.b.f.s.DefaultListableBeanFactory - Returning cached instance of singleton bean 'org.springframework.transaction.config.internalTransactionAdvisor'
2025-11-28 16:42:34 [restartedMain] TRACE o.s.b.f.s.DefaultListableBeanFactory - Returning cached instance of singleton bean 'org.springframework.transaction.config.internalTransactionAdvisor'
2025-11-28 16:42:34 [restartedMain] TRACE o.s.b.f.s.DefaultListableBeanFactory - Finished creating instance of bean 'org.springframework.boot.autoconfigure.web.servlet.error.ErrorMvcAutoConfiguration$WhitelabelErrorViewConfiguration'
2025-11-28 16:42:34 [restartedMain] DEBUG o.s.b.f.s.DefaultListableBeanFactory - Creating shared instance of singleton bean 'error'
2025-11-28 16:42:34 [restartedMain] TRACE o.s.b.f.s.DefaultListableBeanFactory - Creating instance of bean 'error'
2025-11-28 16:42:34 [restartedMain] TRACE o.s.b.f.s.DefaultListableBeanFactory - Returning cached instance of singleton bean 'org.springframework.transaction.config.internalTransactionAdvisor'
2025-11-28 16:42:34 [restartedMain] TRACE o.s.b.f.s.DefaultListableBeanFactory - Returning cached instance of singleton bean 'org.springframework.boot.autoconfigure.web.servlet.error.ErrorMvcAutoConfiguration$WhitelabelErrorViewConfiguration'
2025-11-28 16:42:34 [restartedMain] TRACE o.s.b.f.s.DefaultListableBeanFactory - Returning cached instance of singleton bean 'org.springframework.transaction.config.internalTransactionAdvisor'
2025-11-28 16:42:34 [restartedMain] TRACE o.s.b.f.s.DefaultListableBeanFactory - Returning cached instance of singleton bean 'org.springframework.transaction.config.internalTransactionAdvisor'
2025-11-28 16:42:34 [restartedMain] TRACE o.s.b.f.s.DefaultListableBeanFactory - Finished creating instance of bean 'error'
2025-11-28 16:42:34 [restartedMain] DEBUG o.s.b.f.s.DefaultListableBeanFactory - Creating shared instance of singleton bean 'beanNameViewResolver'
2025-11-28 16:42:34 [restartedMain] TRACE o.s.b.f.s.DefaultListableBeanFactory - Creating instance of bean 'beanNameViewResolver'
2025-11-28 16:42:34 [restartedMain] TRACE o.s.b.f.s.DefaultListableBeanFactory - Returning cached instance of singleton bean 'org.springframework.transaction.config.internalTransactionAdvisor'
2025-11-28 16:42:34 [restartedMain] TRACE o.s.b.f.s.DefaultListableBeanFactory - Returning cached instance of singleton bean 'org.springframework.boot.autoconfigure.web.servlet.error.ErrorMvcAutoConfiguration$WhitelabelErrorViewConfiguration'
2025-11-28 16:42:34 [restartedMain] TRACE o.s.b.f.s.DefaultListableBeanFactory - Returning cached instance of singleton bean 'org.springframework.transaction.config.internalTransactionAdvisor'
2025-11-28 16:42:34 [restartedMain] TRACE o.s.b.f.s.DefaultListableBeanFactory - Returning cached instance of singleton bean 'org.springframework.transaction.config.internalTransactionAdvisor'
2025-11-28 16:42:34 [restartedMain] TRACE o.s.b.f.s.DefaultListableBeanFactory - Finished creating instance of bean 'beanNameViewResolver'
2025-11-28 16:42:34 [restartedMain] DEBUG o.s.b.f.s.DefaultListableBeanFactory - Creating shared instance of singleton bean 'org.springframework.boot.autoconfigure.web.servlet.error.ErrorMvcAutoConfiguration$DefaultErrorViewResolverConfiguration'
2025-11-28 16:42:34 [restartedMain] TRACE o.s.b.f.s.DefaultListableBeanFactory - Creating instance of bean 'org.springframework.boot.autoconfigure.web.servlet.error.ErrorMvcAutoConfiguration$DefaultErrorViewResolverConfiguration'
2025-11-28 16:42:34 [restartedMain] TRACE o.s.b.f.s.DefaultListableBeanFactory - Returning cached instance of singleton bean 'org.springframework.transaction.config.internalTransactionAdvisor'
2025-11-28 16:42:34 [restartedMain] TRACE o.s.b.f.s.DefaultListableBeanFactory - Returning cached instance of singleton bean 'spring.web-org.springframework.boot.autoconfigure.web.WebProperties'
2025-11-28 16:42:34 [restartedMain] DEBUG o.s.b.f.s.DefaultListableBeanFactory - Autowiring by type from bean name 'org.springframework.boot.autoconfigure.web.servlet.error.ErrorMvcAutoConfiguration$DefaultErrorViewResolverConfiguration' via constructor to bean named 'org.springframework.boot.web.servlet.context.AnnotationConfigServletWebServerApplicationContext@2aa80228'
2025-11-28 16:42:34 [restartedMain] DEBUG o.s.b.f.s.DefaultListableBeanFactory - Autowiring by type from bean name 'org.springframework.boot.autoconfigure.web.servlet.error.ErrorMvcAutoConfiguration$DefaultErrorViewResolverConfiguration' via constructor to bean named 'spring.web-org.springframework.boot.autoconfigure.web.WebProperties'
2025-11-28 16:42:34 [restartedMain] TRACE o.s.b.f.s.DefaultListableBeanFactory - Returning cached instance of singleton bean 'org.springframework.transaction.config.internalTransactionAdvisor'
2025-11-28 16:42:34 [restartedMain] TRACE o.s.b.f.s.DefaultListableBeanFactory - Returning cached instance of singleton bean 'org.springframework.transaction.config.internalTransactionAdvisor'
2025-11-28 16:42:34 [restartedMain] TRACE o.s.b.f.s.DefaultListableBeanFactory - Finished creating instance of bean 'org.springframework.boot.autoconfigure.web.servlet.error.ErrorMvcAutoConfiguration$DefaultErrorViewResolverConfiguration'
2025-11-28 16:42:34 [restartedMain] DEBUG o.s.b.f.s.DefaultListableBeanFactory - Creating shared instance of singleton bean 'conventionErrorViewResolver'
2025-11-28 16:42:34 [restartedMain] TRACE o.s.b.f.s.DefaultListableBeanFactory - Creating instance of bean 'conventionErrorViewResolver'
2025-11-28 16:42:34 [restartedMain] TRACE o.s.b.f.s.DefaultListableBeanFactory - Returning cached instance of singleton bean 'org.springframework.transaction.config.internalTransactionAdvisor'
2025-11-28 16:42:34 [restartedMain] TRACE o.s.b.f.s.DefaultListableBeanFactory - Returning cached instance of singleton bean 'org.springframework.boot.autoconfigure.web.servlet.error.ErrorMvcAutoConfiguration$DefaultErrorViewResolverConfiguration'
2025-11-28 16:42:34 [restartedMain] TRACE o.s.b.f.s.DefaultListableBeanFactory - Returning cached instance of singleton bean 'org.springframework.transaction.config.internalTransactionAdvisor'
2025-11-28 16:42:34 [restartedMain] TRACE o.s.b.f.s.DefaultListableBeanFactory - Returning cached instance of singleton bean 'org.springframework.transaction.config.internalTransactionAdvisor'
2025-11-28 16:42:34 [restartedMain] TRACE o.s.b.f.s.DefaultListableBeanFactory - Finished creating instance of bean 'conventionErrorViewResolver'
2025-11-28 16:42:34 [restartedMain] TRACE o.s.b.f.s.DefaultListableBeanFactory - Returning cached instance of singleton bean 'spring.web-org.springframework.boot.autoconfigure.web.WebProperties'
2025-11-28 16:42:34 [restartedMain] TRACE o.s.b.f.s.DefaultListableBeanFactory - Returning cached instance of singleton bean 'org.springframework.boot.autoconfigure.web.servlet.error.ErrorMvcAutoConfiguration'
2025-11-28 16:42:34 [restartedMain] DEBUG o.s.b.f.s.DefaultListableBeanFactory - Creating shared instance of singleton bean 'errorAttributes'
2025-11-28 16:42:34 [restartedMain] TRACE o.s.b.f.s.DefaultListableBeanFactory - Creating instance of bean 'errorAttributes'
2025-11-28 16:42:34 [restartedMain] TRACE o.s.b.f.s.DefaultListableBeanFactory - Returning cached instance of singleton bean 'org.springframework.transaction.config.internalTransactionAdvisor'
2025-11-28 16:42:34 [restartedMain] TRACE o.s.b.f.s.DefaultListableBeanFactory - Returning cached instance of singleton bean 'org.springframework.boot.autoconfigure.web.servlet.error.ErrorMvcAutoConfiguration'
2025-11-28 16:42:34 [restartedMain] TRACE o.s.b.f.s.DefaultListableBeanFactory - Returning cached instance of singleton bean 'org.springframework.transaction.config.internalTransactionAdvisor'
2025-11-28 16:42:34 [restartedMain] TRACE o.s.b.f.s.DefaultListableBeanFactory - Returning cached instance of singleton bean 'org.springframework.transaction.config.internalTransactionAdvisor'
2025-11-28 16:42:34 [restartedMain] TRACE o.s.b.f.s.DefaultListableBeanFactory - Finished creating instance of bean 'errorAttributes'
2025-11-28 16:42:34 [restartedMain] DEBUG o.s.b.f.s.DefaultListableBeanFactory - Creating shared instance of singleton bean 'basicErrorController'
2025-11-28 16:42:34 [restartedMain] TRACE o.s.b.f.s.DefaultListableBeanFactory - Creating instance of bean 'basicErrorController'
2025-11-28 16:42:34 [restartedMain] TRACE o.s.b.f.s.DefaultListableBeanFactory - Returning cached instance of singleton bean 'org.springframework.transaction.config.internalTransactionAdvisor'
2025-11-28 16:42:34 [restartedMain] TRACE o.s.b.f.s.DefaultListableBeanFactory - Returning cached instance of singleton bean 'org.springframework.boot.autoconfigure.web.servlet.error.ErrorMvcAutoConfiguration'
2025-11-28 16:42:34 [restartedMain] TRACE o.s.b.f.s.DefaultListableBeanFactory - Returning cached instance of singleton bean 'errorAttributes'
2025-11-28 16:42:34 [restartedMain] DEBUG o.s.b.f.s.DefaultListableBeanFactory - Autowiring by type from bean name 'basicErrorController' via factory method to bean named 'errorAttributes'
2025-11-28 16:42:34 [restartedMain] TRACE o.s.b.f.s.DefaultListableBeanFactory - Returning cached instance of singleton bean 'conventionErrorViewResolver'
2025-11-28 16:42:34 [restartedMain] TRACE o.s.b.f.s.DefaultListableBeanFactory - Returning cached instance of singleton bean 'conventionErrorViewResolver'
2025-11-28 16:42:34 [restartedMain] TRACE o.s.b.f.s.DefaultListableBeanFactory - Returning cached instance of singleton bean 'org.springframework.transaction.config.internalTransactionAdvisor'
2025-11-28 16:42:34 [restartedMain] TRACE o.s.b.f.s.DefaultListableBeanFactory - Returning cached instance of singleton bean 'org.springframework.transaction.config.internalTransactionAdvisor'
2025-11-28 16:42:34 [restartedMain] TRACE o.s.b.f.s.DefaultListableBeanFactory - Finished creating instance of bean 'basicErrorController'
2025-11-28 16:42:34 [restartedMain] TRACE o.s.b.f.s.DefaultListableBeanFactory - Returning cached instance of singleton bean 'errorPageCustomizer'
2025-11-28 16:42:34 [restartedMain] TRACE o.s.b.f.s.DefaultListableBeanFactory - Returning cached instance of singleton bean 'preserveErrorControllerTargetClassPostProcessor'
2025-11-28 16:42:34 [restartedMain] TRACE o.s.b.f.s.DefaultListableBeanFactory - Returning cached instance of singleton bean 'org.springframework.boot.autoconfigure.web.servlet.WebMvcAutoConfiguration$EnableWebMvcConfiguration'
2025-11-28 16:42:34 [restartedMain] TRACE o.s.b.f.s.DefaultListableBeanFactory - Returning cached instance of singleton bean 'welcomePageHandlerMapping'
2025-11-28 16:42:34 [restartedMain] TRACE o.s.b.f.s.DefaultListableBeanFactory - Returning cached instance of singleton bean 'welcomePageNotAcceptableHandlerMapping'
2025-11-28 16:42:34 [restartedMain] DEBUG o.s.b.f.s.DefaultListableBeanFactory - Creating shared instance of singleton bean 'localeResolver'
2025-11-28 16:42:34 [restartedMain] TRACE o.s.b.f.s.DefaultListableBeanFactory - Creating instance of bean 'localeResolver'
2025-11-28 16:42:34 [restartedMain] TRACE o.s.b.f.s.DefaultListableBeanFactory - Returning cached instance of singleton bean 'org.springframework.transaction.config.internalTransactionAdvisor'
2025-11-28 16:42:34 [restartedMain] TRACE o.s.b.f.s.DefaultListableBeanFactory - Returning cached instance of singleton bean 'org.springframework.boot.autoconfigure.web.servlet.WebMvcAutoConfiguration$EnableWebMvcConfiguration'
2025-11-28 16:42:34 [restartedMain] TRACE o.s.b.f.s.DefaultListableBeanFactory - Returning cached instance of singleton bean 'org.springframework.transaction.config.internalTransactionAdvisor'
2025-11-28 16:42:34 [restartedMain] TRACE o.s.b.f.s.DefaultListableBeanFactory - Returning cached instance of singleton bean 'org.springframework.transaction.config.internalTransactionAdvisor'
2025-11-28 16:42:34 [restartedMain] TRACE o.s.b.f.s.DefaultListableBeanFactory - Finished creating instance of bean 'localeResolver'
2025-11-28 16:42:34 [restartedMain] DEBUG o.s.b.f.s.DefaultListableBeanFactory - Creating shared instance of singleton bean 'themeResolver'
2025-11-28 16:42:34 [restartedMain] TRACE o.s.b.f.s.DefaultListableBeanFactory - Creating instance of bean 'themeResolver'
2025-11-28 16:42:34 [restartedMain] TRACE o.s.b.f.s.DefaultListableBeanFactory - Returning cached instance of singleton bean 'org.springframework.transaction.config.internalTransactionAdvisor'
2025-11-28 16:42:34 [restartedMain] TRACE o.s.b.f.s.DefaultListableBeanFactory - Returning cached instance of singleton bean 'org.springframework.boot.autoconfigure.web.servlet.WebMvcAutoConfiguration$EnableWebMvcConfiguration'
2025-11-28 16:42:34 [restartedMain] TRACE o.s.b.f.s.DefaultListableBeanFactory - Returning cached instance of singleton bean 'org.springframework.transaction.config.internalTransactionAdvisor'
2025-11-28 16:42:34 [restartedMain] TRACE o.s.b.f.s.DefaultListableBeanFactory - Returning cached instance of singleton bean 'org.springframework.transaction.config.internalTransactionAdvisor'
2025-11-28 16:42:34 [restartedMain] TRACE o.s.b.f.s.DefaultListableBeanFactory - Finished creating instance of bean 'themeResolver'
2025-11-28 16:42:34 [restartedMain] DEBUG o.s.b.f.s.DefaultListableBeanFactory - Creating shared instance of singleton bean 'flashMapManager'
2025-11-28 16:42:34 [restartedMain] TRACE o.s.b.f.s.DefaultListableBeanFactory - Creating instance of bean 'flashMapManager'
2025-11-28 16:42:34 [restartedMain] TRACE o.s.b.f.s.DefaultListableBeanFactory - Returning cached instance of singleton bean 'org.springframework.transaction.config.internalTransactionAdvisor'
2025-11-28 16:42:34 [restartedMain] TRACE o.s.b.f.s.DefaultListableBeanFactory - Returning cached instance of singleton bean 'org.springframework.boot.autoconfigure.web.servlet.WebMvcAutoConfiguration$EnableWebMvcConfiguration'
2025-11-28 16:42:34 [restartedMain] TRACE o.s.b.f.s.DefaultListableBeanFactory - Returning cached instance of singleton bean 'org.springframework.transaction.config.internalTransactionAdvisor'
2025-11-28 16:42:34 [restartedMain] TRACE o.s.b.f.s.DefaultListableBeanFactory - Returning cached instance of singleton bean 'org.springframework.transaction.config.internalTransactionAdvisor'
2025-11-28 16:42:34 [restartedMain] TRACE o.s.b.f.s.DefaultListableBeanFactory - Finished creating instance of bean 'flashMapManager'
2025-11-28 16:42:34 [restartedMain] DEBUG o.s.b.f.s.DefaultListableBeanFactory - Creating shared instance of singleton bean 'viewNameTranslator'
2025-11-28 16:42:34 [restartedMain] TRACE o.s.b.f.s.DefaultListableBeanFactory - Creating instance of bean 'viewNameTranslator'
2025-11-28 16:42:34 [restartedMain] TRACE o.s.b.f.s.DefaultListableBeanFactory - Returning cached instance of singleton bean 'org.springframework.transaction.config.internalTransactionAdvisor'
2025-11-28 16:42:34 [restartedMain] TRACE o.s.b.f.s.DefaultListableBeanFactory - Returning cached instance of singleton bean 'org.springframework.boot.autoconfigure.web.servlet.WebMvcAutoConfiguration$EnableWebMvcConfiguration'
2025-11-28 16:42:34 [restartedMain] TRACE o.s.b.f.s.DefaultListableBeanFactory - Returning cached instance of singleton bean 'org.springframework.transaction.config.internalTransactionAdvisor'
2025-11-28 16:42:34 [restartedMain] TRACE o.s.b.f.s.DefaultListableBeanFactory - Returning cached instance of singleton bean 'org.springframework.transaction.config.internalTransactionAdvisor'
2025-11-28 16:42:34 [restartedMain] TRACE o.s.b.f.s.DefaultListableBeanFactory - Finished creating instance of bean 'viewNameTranslator'
2025-11-28 16:42:34 [restartedMain] TRACE o.s.b.f.s.DefaultListableBeanFactory - Returning cached instance of singleton bean 'mvcConversionService'
2025-11-28 16:42:34 [restartedMain] DEBUG o.s.b.f.s.DefaultListableBeanFactory - Creating shared instance of singleton bean 'mvcValidator'
2025-11-28 16:42:34 [restartedMain] TRACE o.s.b.f.s.DefaultListableBeanFactory - Creating instance of bean 'mvcValidator'
2025-11-28 16:42:34 [restartedMain] TRACE o.s.b.f.s.DefaultListableBeanFactory - Returning cached instance of singleton bean 'org.springframework.transaction.config.internalTransactionAdvisor'
2025-11-28 16:42:34 [restartedMain] TRACE o.s.b.f.s.DefaultListableBeanFactory - Returning cached instance of singleton bean 'org.springframework.boot.autoconfigure.web.servlet.WebMvcAutoConfiguration$EnableWebMvcConfiguration'
2025-11-28 16:42:34 [restartedMain] TRACE o.s.b.f.s.DefaultListableBeanFactory - Returning cached instance of singleton bean 'defaultValidator'
2025-11-28 16:42:34 [restartedMain] TRACE o.s.b.f.s.DefaultListableBeanFactory - Invoking afterPropertiesSet() on bean with name 'mvcValidator'
2025-11-28 16:42:34 [restartedMain] TRACE o.s.b.f.s.DefaultListableBeanFactory - Returning cached instance of singleton bean 'org.springframework.transaction.config.internalTransactionAdvisor'
2025-11-28 16:42:34 [restartedMain] TRACE o.s.b.f.s.DefaultListableBeanFactory - Returning cached instance of singleton bean 'org.springframework.transaction.config.internalTransactionAdvisor'
2025-11-28 16:42:34 [restartedMain] TRACE o.s.b.f.s.DefaultListableBeanFactory - Finished creating instance of bean 'mvcValidator'
2025-11-28 16:42:34 [restartedMain] TRACE o.s.b.f.s.DefaultListableBeanFactory - Returning cached instance of singleton bean 'mvcContentNegotiationManager'
2025-11-28 16:42:34 [restartedMain] TRACE o.s.b.f.s.DefaultListableBeanFactory - Returning cached instance of singleton bean 'requestMappingHandlerMapping'
2025-11-28 16:42:34 [restartedMain] DEBUG o.s.b.f.s.DefaultListableBeanFactory - Creating shared instance of singleton bean 'mvcPatternParser'
2025-11-28 16:42:34 [restartedMain] TRACE o.s.b.f.s.DefaultListableBeanFactory - Creating instance of bean 'mvcPatternParser'
2025-11-28 16:42:34 [restartedMain] TRACE o.s.b.f.s.DefaultListableBeanFactory - Returning cached instance of singleton bean 'org.springframework.transaction.config.internalTransactionAdvisor'
2025-11-28 16:42:34 [restartedMain] TRACE o.s.b.f.s.DefaultListableBeanFactory - Returning cached instance of singleton bean 'org.springframework.boot.autoconfigure.web.servlet.WebMvcAutoConfiguration$EnableWebMvcConfiguration'
2025-11-28 16:42:34 [restartedMain] TRACE o.s.b.f.s.DefaultListableBeanFactory - Returning cached instance of singleton bean 'org.springframework.transaction.config.internalTransactionAdvisor'
2025-11-28 16:42:34 [restartedMain] TRACE o.s.b.f.s.DefaultListableBeanFactory - Returning cached instance of singleton bean 'org.springframework.transaction.config.internalTransactionAdvisor'
2025-11-28 16:42:34 [restartedMain] TRACE o.s.b.f.s.DefaultListableBeanFactory - Finished creating instance of bean 'mvcPatternParser'
2025-11-28 16:42:34 [restartedMain] DEBUG o.s.b.f.s.DefaultListableBeanFactory - Creating shared instance of singleton bean 'mvcUrlPathHelper'
2025-11-28 16:42:34 [restartedMain] TRACE o.s.b.f.s.DefaultListableBeanFactory - Creating instance of bean 'mvcUrlPathHelper'
2025-11-28 16:42:34 [restartedMain] TRACE o.s.b.f.s.DefaultListableBeanFactory - Returning cached instance of singleton bean 'org.springframework.transaction.config.internalTransactionAdvisor'
2025-11-28 16:42:34 [restartedMain] TRACE o.s.b.f.s.DefaultListableBeanFactory - Returning cached instance of singleton bean 'org.springframework.boot.autoconfigure.web.servlet.WebMvcAutoConfiguration$EnableWebMvcConfiguration'
2025-11-28 16:42:34 [restartedMain] TRACE o.s.b.f.s.DefaultListableBeanFactory - Returning cached instance of singleton bean 'org.springframework.transaction.config.internalTransactionAdvisor'
2025-11-28 16:42:34 [restartedMain] TRACE o.s.b.f.s.DefaultListableBeanFactory - Returning cached instance of singleton bean 'org.springframework.transaction.config.internalTransactionAdvisor'
2025-11-28 16:42:34 [restartedMain] TRACE o.s.b.f.s.DefaultListableBeanFactory - Finished creating instance of bean 'mvcUrlPathHelper'
2025-11-28 16:42:34 [restartedMain] DEBUG o.s.b.f.s.DefaultListableBeanFactory - Creating shared instance of singleton bean 'mvcPathMatcher'
2025-11-28 16:42:34 [restartedMain] TRACE o.s.b.f.s.DefaultListableBeanFactory - Creating instance of bean 'mvcPathMatcher'
2025-11-28 16:42:34 [restartedMain] TRACE o.s.b.f.s.DefaultListableBeanFactory - Returning cached instance of singleton bean 'org.springframework.transaction.config.internalTransactionAdvisor'
2025-11-28 16:42:34 [restartedMain] TRACE o.s.b.f.s.DefaultListableBeanFactory - Returning cached instance of singleton bean 'org.springframework.boot.autoconfigure.web.servlet.WebMvcAutoConfiguration$EnableWebMvcConfiguration'
2025-11-28 16:42:34 [restartedMain] TRACE o.s.b.f.s.DefaultListableBeanFactory - Returning cached instance of singleton bean 'org.springframework.transaction.config.internalTransactionAdvisor'
2025-11-28 16:42:34 [restartedMain] TRACE o.s.b.f.s.DefaultListableBeanFactory - Returning cached instance of singleton bean 'org.springframework.transaction.config.internalTransactionAdvisor'
2025-11-28 16:42:34 [restartedMain] TRACE o.s.b.f.s.DefaultListableBeanFactory - Finished creating instance of bean 'mvcPathMatcher'
2025-11-28 16:42:34 [restartedMain] TRACE o.s.b.f.s.DefaultListableBeanFactory - Returning cached instance of singleton bean 'viewControllerHandlerMapping'
2025-11-28 16:42:34 [restartedMain] TRACE o.s.b.f.s.DefaultListableBeanFactory - Returning cached instance of singleton bean 'beanNameHandlerMapping'
2025-11-28 16:42:34 [restartedMain] TRACE o.s.b.f.s.DefaultListableBeanFactory - Returning cached instance of singleton bean 'routerFunctionMapping'
2025-11-28 16:42:34 [restartedMain] TRACE o.s.b.f.s.DefaultListableBeanFactory - Returning cached instance of singleton bean 'resourceHandlerMapping'
2025-11-28 16:42:34 [restartedMain] TRACE o.s.b.f.s.DefaultListableBeanFactory - Returning cached instance of singleton bean 'mvcResourceUrlProvider'
2025-11-28 16:42:34 [restartedMain] TRACE o.s.b.f.s.DefaultListableBeanFactory - Returning cached instance of singleton bean 'defaultServletHandlerMapping'
2025-11-28 16:42:34 [restartedMain] DEBUG o.s.b.f.s.DefaultListableBeanFactory - Creating shared instance of singleton bean 'requestMappingHandlerAdapter'
2025-11-28 16:42:34 [restartedMain] TRACE o.s.b.f.s.DefaultListableBeanFactory - Creating instance of bean 'requestMappingHandlerAdapter'
2025-11-28 16:42:34 [restartedMain] TRACE o.s.b.f.s.DefaultListableBeanFactory - Returning cached instance of singleton bean 'org.springframework.transaction.config.internalTransactionAdvisor'
2025-11-28 16:42:34 [restartedMain] TRACE o.s.b.f.s.DefaultListableBeanFactory - Returning cached instance of singleton bean 'org.springframework.boot.autoconfigure.web.servlet.WebMvcAutoConfiguration$EnableWebMvcConfiguration'
2025-11-28 16:42:34 [restartedMain] TRACE o.s.b.f.s.DefaultListableBeanFactory - Returning cached instance of singleton bean 'mvcContentNegotiationManager'
2025-11-28 16:42:34 [restartedMain] TRACE o.s.b.f.s.DefaultListableBeanFactory - Returning cached instance of singleton bean 'mvcConversionService'
2025-11-28 16:42:34 [restartedMain] TRACE o.s.b.f.s.DefaultListableBeanFactory - Returning cached instance of singleton bean 'mvcValidator'
2025-11-28 16:42:34 [restartedMain] DEBUG o.s.b.f.s.DefaultListableBeanFactory - Autowiring by type from bean name 'requestMappingHandlerAdapter' via factory method to bean named 'mvcContentNegotiationManager'
2025-11-28 16:42:34 [restartedMain] DEBUG o.s.b.f.s.DefaultListableBeanFactory - Autowiring by type from bean name 'requestMappingHandlerAdapter' via factory method to bean named 'mvcConversionService'
2025-11-28 16:42:34 [restartedMain] DEBUG o.s.b.f.s.DefaultListableBeanFactory - Autowiring by type from bean name 'requestMappingHandlerAdapter' via factory method to bean named 'mvcValidator'
2025-11-28 16:42:34 [restartedMain] DEBUG o.s.b.f.s.DefaultListableBeanFactory - Creating shared instance of singleton bean 'sortResolver'
2025-11-28 16:42:34 [restartedMain] TRACE o.s.b.f.s.DefaultListableBeanFactory - Creating instance of bean 'sortResolver'
2025-11-28 16:42:34 [restartedMain] TRACE o.s.b.f.s.DefaultListableBeanFactory - Returning cached instance of singleton bean 'org.springframework.transaction.config.internalTransactionAdvisor'
2025-11-28 16:42:34 [restartedMain] TRACE o.s.b.f.s.DefaultListableBeanFactory - Returning cached instance of singleton bean 'org.springframework.data.web.config.SpringDataWebConfiguration'
2025-11-28 16:42:34 [restartedMain] DEBUG o.s.b.f.s.DefaultListableBeanFactory - Creating shared instance of singleton bean 'sortCustomizer'
2025-11-28 16:42:34 [restartedMain] TRACE o.s.b.f.s.DefaultListableBeanFactory - Creating instance of bean 'sortCustomizer'
2025-11-28 16:42:34 [restartedMain] TRACE o.s.b.f.s.DefaultListableBeanFactory - Returning cached instance of singleton bean 'org.springframework.transaction.config.internalTransactionAdvisor'
2025-11-28 16:42:34 [restartedMain] TRACE o.s.b.f.s.DefaultListableBeanFactory - Returning cached instance of singleton bean 'org.springframework.boot.autoconfigure.data.web.SpringDataWebAutoConfiguration'
2025-11-28 16:42:34 [restartedMain] TRACE o.s.b.f.s.DefaultListableBeanFactory - Returning cached instance of singleton bean 'org.springframework.transaction.config.internalTransactionAdvisor'
2025-11-28 16:42:34 [restartedMain] TRACE o.s.b.f.s.DefaultListableBeanFactory - Returning cached instance of singleton bean 'org.springframework.transaction.config.internalTransactionAdvisor'
2025-11-28 16:42:34 [restartedMain] TRACE o.s.b.f.s.DefaultListableBeanFactory - Finished creating instance of bean 'sortCustomizer'
2025-11-28 16:42:34 [restartedMain] TRACE o.s.b.f.s.DefaultListableBeanFactory - Returning cached instance of singleton bean 'org.springframework.transaction.config.internalTransactionAdvisor'
2025-11-28 16:42:34 [restartedMain] TRACE o.s.b.f.s.DefaultListableBeanFactory - Returning cached instance of singleton bean 'org.springframework.transaction.config.internalTransactionAdvisor'
2025-11-28 16:42:34 [restartedMain] TRACE o.s.b.f.s.DefaultListableBeanFactory - Finished creating instance of bean 'sortResolver'
2025-11-28 16:42:34 [restartedMain] DEBUG o.s.b.f.s.DefaultListableBeanFactory - Creating shared instance of singleton bean 'pageableResolver'
2025-11-28 16:42:34 [restartedMain] TRACE o.s.b.f.s.DefaultListableBeanFactory - Creating instance of bean 'pageableResolver'
2025-11-28 16:42:34 [restartedMain] TRACE o.s.b.f.s.DefaultListableBeanFactory - Returning cached instance of singleton bean 'org.springframework.transaction.config.internalTransactionAdvisor'
2025-11-28 16:42:34 [restartedMain] TRACE o.s.b.f.s.DefaultListableBeanFactory - Returning cached instance of singleton bean 'org.springframework.data.web.config.SpringDataWebConfiguration'
2025-11-28 16:42:34 [restartedMain] DEBUG o.s.b.f.s.DefaultListableBeanFactory - Creating shared instance of singleton bean 'pageableCustomizer'
2025-11-28 16:42:34 [restartedMain] TRACE o.s.b.f.s.DefaultListableBeanFactory - Creating instance of bean 'pageableCustomizer'
2025-11-28 16:42:34 [restartedMain] TRACE o.s.b.f.s.DefaultListableBeanFactory - Returning cached instance of singleton bean 'org.springframework.transaction.config.internalTransactionAdvisor'
2025-11-28 16:42:34 [restartedMain] TRACE o.s.b.f.s.DefaultListableBeanFactory - Returning cached instance of singleton bean 'org.springframework.boot.autoconfigure.data.web.SpringDataWebAutoConfiguration'
2025-11-28 16:42:34 [restartedMain] TRACE o.s.b.f.s.DefaultListableBeanFactory - Returning cached instance of singleton bean 'org.springframework.transaction.config.internalTransactionAdvisor'
2025-11-28 16:42:34 [restartedMain] TRACE o.s.b.f.s.DefaultListableBeanFactory - Returning cached instance of singleton bean 'org.springframework.transaction.config.internalTransactionAdvisor'
2025-11-28 16:42:34 [restartedMain] TRACE o.s.b.f.s.DefaultListableBeanFactory - Finished creating instance of bean 'pageableCustomizer'
2025-11-28 16:42:34 [restartedMain] TRACE o.s.b.f.s.DefaultListableBeanFactory - Returning cached instance of singleton bean 'org.springframework.transaction.config.internalTransactionAdvisor'
2025-11-28 16:42:34 [restartedMain] TRACE o.s.b.f.s.DefaultListableBeanFactory - Returning cached instance of singleton bean 'org.springframework.transaction.config.internalTransactionAdvisor'
2025-11-28 16:42:34 [restartedMain] TRACE o.s.b.f.s.DefaultListableBeanFactory - Finished creating instance of bean 'pageableResolver'
2025-11-28 16:42:34 [restartedMain] DEBUG o.s.b.f.s.DefaultListableBeanFactory - Creating shared instance of singleton bean 'applicationTaskExecutor'
2025-11-28 16:42:34 [restartedMain] TRACE o.s.b.f.s.DefaultListableBeanFactory - Creating instance of bean 'applicationTaskExecutor'
2025-11-28 16:42:34 [restartedMain] TRACE o.s.b.f.s.DefaultListableBeanFactory - Returning cached instance of singleton bean 'org.springframework.transaction.config.internalTransactionAdvisor'
2025-11-28 16:42:34 [restartedMain] TRACE o.s.b.f.s.DefaultListableBeanFactory - Returning cached instance of singleton bean 'org.springframework.boot.autoconfigure.task.TaskExecutorConfigurations$TaskExecutorConfiguration'
2025-11-28 16:42:34 [restartedMain] TRACE o.s.b.f.s.DefaultListableBeanFactory - Returning cached instance of singleton bean 'threadPoolTaskExecutorBuilder'
2025-11-28 16:42:34 [restartedMain] DEBUG o.s.b.f.s.DefaultListableBeanFactory - Autowiring by type from bean name 'applicationTaskExecutor' via factory method to bean named 'threadPoolTaskExecutorBuilder'
2025-11-28 16:42:34 [restartedMain] TRACE o.s.b.f.s.DefaultListableBeanFactory - Invoking afterPropertiesSet() on bean with name 'applicationTaskExecutor'
2025-11-28 16:42:34 [restartedMain] TRACE o.s.b.f.s.DefaultListableBeanFactory - Returning cached instance of singleton bean 'org.springframework.transaction.config.internalTransactionAdvisor'
2025-11-28 16:42:34 [restartedMain] TRACE o.s.b.f.s.DefaultListableBeanFactory - Returning cached instance of singleton bean 'org.springframework.transaction.config.internalTransactionAdvisor'
2025-11-28 16:42:34 [restartedMain] TRACE o.s.b.f.s.DefaultListableBeanFactory - Finished creating instance of bean 'applicationTaskExecutor'
2025-11-28 16:42:34 [restartedMain] TRACE o.s.b.f.s.DefaultListableBeanFactory - Invoking afterPropertiesSet() on bean with name 'requestMappingHandlerAdapter'
2025-11-28 16:42:34 [restartedMain] DEBUG o.s.b.f.s.DefaultListableBeanFactory - Creating shared instance of singleton bean 'org.springdoc.core.configuration.SpringDocConfiguration$OpenApiResourceAdvice'
2025-11-28 16:42:34 [restartedMain] TRACE o.s.b.f.s.DefaultListableBeanFactory - Creating instance of bean 'org.springdoc.core.configuration.SpringDocConfiguration$OpenApiResourceAdvice'
2025-11-28 16:42:34 [restartedMain] TRACE o.s.b.f.s.DefaultListableBeanFactory - Returning cached instance of singleton bean 'org.springframework.transaction.config.internalTransactionAdvisor'
2025-11-28 16:42:34 [restartedMain] TRACE o.s.b.f.s.DefaultListableBeanFactory - Returning cached instance of singleton bean 'org.springdoc.core.configuration.SpringDocConfiguration'
2025-11-28 16:42:34 [restartedMain] DEBUG o.s.b.f.s.DefaultListableBeanFactory - Autowiring by type from bean name 'org.springdoc.core.configuration.SpringDocConfiguration$OpenApiResourceAdvice' via constructor to bean named 'org.springdoc.core.configuration.SpringDocConfiguration'
2025-11-28 16:42:34 [restartedMain] TRACE o.s.b.f.s.DefaultListableBeanFactory - Returning cached instance of singleton bean 'org.springframework.transaction.config.internalTransactionAdvisor'
2025-11-28 16:42:34 [restartedMain] TRACE o.s.b.f.s.DefaultListableBeanFactory - Returning cached instance of singleton bean 'org.springframework.transaction.config.internalTransactionAdvisor'
2025-11-28 16:42:34 [restartedMain] TRACE o.s.b.f.s.DefaultListableBeanFactory - Finished creating instance of bean 'org.springdoc.core.configuration.SpringDocConfiguration$OpenApiResourceAdvice'
2025-11-28 16:42:34 [restartedMain] TRACE o.s.b.f.s.DefaultListableBeanFactory - Returning cached instance of singleton bean 'globalExceptionHandler'
2025-11-28 16:42:34 [restartedMain] DEBUG o.s.w.s.m.m.a.RequestMappingHandlerAdapter - ControllerAdvice beans: 0 @ModelAttribute, 0 @InitBinder, 1 RequestBodyAdvice, 1 ResponseBodyAdvice
2025-11-28 16:42:34 [restartedMain] TRACE o.s.b.f.s.DefaultListableBeanFactory - Returning cached instance of singleton bean 'beanNameViewResolver'
2025-11-28 16:42:34 [restartedMain] DEBUG o.s.b.f.s.DefaultListableBeanFactory - Creating shared instance of singleton bean 'mvcViewResolver'
2025-11-28 16:42:34 [restartedMain] TRACE o.s.b.f.s.DefaultListableBeanFactory - Creating instance of bean 'mvcViewResolver'
2025-11-28 16:42:34 [restartedMain] TRACE o.s.b.f.s.DefaultListableBeanFactory - Returning cached instance of singleton bean 'org.springframework.transaction.config.internalTransactionAdvisor'
2025-11-28 16:42:34 [restartedMain] TRACE o.s.b.f.s.DefaultListableBeanFactory - Returning cached instance of singleton bean 'org.springframework.boot.autoconfigure.web.servlet.WebMvcAutoConfiguration$EnableWebMvcConfiguration'
2025-11-28 16:42:34 [restartedMain] TRACE o.s.b.f.s.DefaultListableBeanFactory - Returning cached instance of singleton bean 'mvcContentNegotiationManager'
2025-11-28 16:42:34 [restartedMain] DEBUG o.s.b.f.s.DefaultListableBeanFactory - Autowiring by type from bean name 'mvcViewResolver' via factory method to bean named 'mvcContentNegotiationManager'
2025-11-28 16:42:34 [restartedMain] TRACE o.s.b.f.s.DefaultListableBeanFactory - Invoking afterPropertiesSet() on bean with name 'mvcViewResolver'
2025-11-28 16:42:34 [restartedMain] TRACE o.s.b.f.s.DefaultListableBeanFactory - Returning cached instance of singleton bean 'org.springframework.transaction.config.internalTransactionAdvisor'
2025-11-28 16:42:34 [restartedMain] TRACE o.s.b.f.s.DefaultListableBeanFactory - Returning cached instance of singleton bean 'org.springframework.transaction.config.internalTransactionAdvisor'
2025-11-28 16:42:34 [restartedMain] TRACE o.s.b.f.s.DefaultListableBeanFactory - Finished creating instance of bean 'mvcViewResolver'
2025-11-28 16:42:34 [restartedMain] DEBUG o.s.b.f.s.DefaultListableBeanFactory - Creating shared instance of singleton bean 'defaultViewResolver'
2025-11-28 16:42:34 [restartedMain] TRACE o.s.b.f.s.DefaultListableBeanFactory - Creating instance of bean 'defaultViewResolver'
2025-11-28 16:42:34 [restartedMain] TRACE o.s.b.f.s.DefaultListableBeanFactory - Returning cached instance of singleton bean 'org.springframework.transaction.config.internalTransactionAdvisor'
2025-11-28 16:42:34 [restartedMain] TRACE o.s.b.f.s.DefaultListableBeanFactory - Returning cached instance of singleton bean 'org.springframework.boot.autoconfigure.web.servlet.WebMvcAutoConfiguration$WebMvcAutoConfigurationAdapter'
2025-11-28 16:42:34 [restartedMain] TRACE o.s.b.f.s.DefaultListableBeanFactory - Returning cached instance of singleton bean 'org.springframework.transaction.config.internalTransactionAdvisor'
2025-11-28 16:42:34 [restartedMain] TRACE o.s.b.f.s.DefaultListableBeanFactory - Returning cached instance of singleton bean 'org.springframework.transaction.config.internalTransactionAdvisor'
2025-11-28 16:42:34 [restartedMain] TRACE o.s.b.f.s.DefaultListableBeanFactory - Finished creating instance of bean 'defaultViewResolver'
2025-11-28 16:42:34 [restartedMain] DEBUG o.s.b.f.s.DefaultListableBeanFactory - Creating shared instance of singleton bean 'viewResolver'
2025-11-28 16:42:34 [restartedMain] TRACE o.s.b.f.s.DefaultListableBeanFactory - Creating instance of bean 'viewResolver'
2025-11-28 16:42:34 [restartedMain] TRACE o.s.b.f.s.DefaultListableBeanFactory - Returning cached instance of singleton bean 'org.springframework.transaction.config.internalTransactionAdvisor'
2025-11-28 16:42:34 [restartedMain] TRACE o.s.b.f.s.DefaultListableBeanFactory - Returning cached instance of singleton bean 'org.springframework.boot.autoconfigure.web.servlet.WebMvcAutoConfiguration$WebMvcAutoConfigurationAdapter'
2025-11-28 16:42:34 [restartedMain] DEBUG o.s.b.f.s.DefaultListableBeanFactory - Autowiring by type from bean name 'viewResolver' via factory method to bean named 'org.springframework.beans.factory.support.DefaultListableBeanFactory@79128d90'
2025-11-28 16:42:34 [restartedMain] TRACE o.s.b.f.s.DefaultListableBeanFactory - Returning cached instance of singleton bean 'mvcContentNegotiationManager'
2025-11-28 16:42:34 [restartedMain] TRACE o.s.b.f.s.DefaultListableBeanFactory - Returning cached instance of singleton bean 'beanNameViewResolver'
2025-11-28 16:42:34 [restartedMain] TRACE o.s.b.f.s.DefaultListableBeanFactory - Returning cached instance of singleton bean 'mvcViewResolver'
2025-11-28 16:42:34 [restartedMain] TRACE o.s.b.f.s.DefaultListableBeanFactory - Returning cached instance of singleton bean 'defaultViewResolver'
2025-11-28 16:42:34 [restartedMain] DEBUG o.s.b.f.s.DefaultListableBeanFactory - Creating shared instance of singleton bean 'viewResolver'
2025-11-28 16:42:34 [restartedMain] TRACE o.s.b.f.s.DefaultListableBeanFactory - Ignoring match to currently created bean 'viewResolver': Error creating bean with name 'viewResolver': Requested bean is currently in creation: Is there an unresolvable circular reference or an asynchronous initialization dependency?
2025-11-28 16:42:34 [restartedMain] TRACE o.s.b.f.s.DefaultListableBeanFactory - Invoking afterPropertiesSet() on bean with name 'viewResolver'
2025-11-28 16:42:34 [restartedMain] TRACE o.s.b.f.s.DefaultListableBeanFactory - Returning cached instance of singleton bean 'org.springframework.transaction.config.internalTransactionAdvisor'
2025-11-28 16:42:34 [restartedMain] TRACE o.s.b.f.s.DefaultListableBeanFactory - Returning cached instance of singleton bean 'org.springframework.transaction.config.internalTransactionAdvisor'
2025-11-28 16:42:34 [restartedMain] TRACE o.s.b.f.s.DefaultListableBeanFactory - Finished creating instance of bean 'viewResolver'
2025-11-28 16:42:34 [restartedMain] TRACE o.s.b.f.s.DefaultListableBeanFactory - Returning cached instance of singleton bean 'localeResolver'
2025-11-28 16:42:34 [restartedMain] TRACE o.s.b.f.s.DefaultListableBeanFactory - Returning cached instance of singleton bean 'org.springframework.transaction.config.internalTransactionAdvisor'
2025-11-28 16:42:34 [restartedMain] TRACE o.s.b.f.s.DefaultListableBeanFactory - Returning cached instance of singleton bean 'org.springframework.transaction.config.internalTransactionAdvisor'
2025-11-28 16:42:34 [restartedMain] TRACE o.s.b.f.s.DefaultListableBeanFactory - Finished creating instance of bean 'requestMappingHandlerAdapter'
2025-11-28 16:42:34 [restartedMain] DEBUG o.s.b.f.s.DefaultListableBeanFactory - Creating shared instance of singleton bean 'handlerFunctionAdapter'
2025-11-28 16:42:34 [restartedMain] TRACE o.s.b.f.s.DefaultListableBeanFactory - Creating instance of bean 'handlerFunctionAdapter'
2025-11-28 16:42:34 [restartedMain] TRACE o.s.b.f.s.DefaultListableBeanFactory - Returning cached instance of singleton bean 'org.springframework.transaction.config.internalTransactionAdvisor'
2025-11-28 16:42:34 [restartedMain] TRACE o.s.b.f.s.DefaultListableBeanFactory - Returning cached instance of singleton bean 'org.springframework.boot.autoconfigure.web.servlet.WebMvcAutoConfiguration$EnableWebMvcConfiguration'
2025-11-28 16:42:34 [restartedMain] TRACE o.s.b.f.s.DefaultListableBeanFactory - Returning cached instance of singleton bean 'org.springframework.transaction.config.internalTransactionAdvisor'
2025-11-28 16:42:34 [restartedMain] TRACE o.s.b.f.s.DefaultListableBeanFactory - Returning cached instance of singleton bean 'org.springframework.transaction.config.internalTransactionAdvisor'
2025-11-28 16:42:34 [restartedMain] TRACE o.s.b.f.s.DefaultListableBeanFactory - Finished creating instance of bean 'handlerFunctionAdapter'
2025-11-28 16:42:34 [restartedMain] DEBUG o.s.b.f.s.DefaultListableBeanFactory - Creating shared instance of singleton bean 'mvcUriComponentsContributor'
2025-11-28 16:42:34 [restartedMain] TRACE o.s.b.f.s.DefaultListableBeanFactory - Creating instance of bean 'mvcUriComponentsContributor'
2025-11-28 16:42:34 [restartedMain] TRACE o.s.b.f.s.DefaultListableBeanFactory - Returning cached instance of singleton bean 'org.springframework.transaction.config.internalTransactionAdvisor'
2025-11-28 16:42:34 [restartedMain] TRACE o.s.b.f.s.DefaultListableBeanFactory - Returning cached instance of singleton bean 'org.springframework.boot.autoconfigure.web.servlet.WebMvcAutoConfiguration$EnableWebMvcConfiguration'
2025-11-28 16:42:34 [restartedMain] TRACE o.s.b.f.s.DefaultListableBeanFactory - Returning cached instance of singleton bean 'mvcConversionService'
2025-11-28 16:42:34 [restartedMain] TRACE o.s.b.f.s.DefaultListableBeanFactory - Returning cached instance of singleton bean 'requestMappingHandlerAdapter'
2025-11-28 16:42:34 [restartedMain] DEBUG o.s.b.f.s.DefaultListableBeanFactory - Autowiring by type from bean name 'mvcUriComponentsContributor' via factory method to bean named 'mvcConversionService'
2025-11-28 16:42:34 [restartedMain] DEBUG o.s.b.f.s.DefaultListableBeanFactory - Autowiring by type from bean name 'mvcUriComponentsContributor' via factory method to bean named 'requestMappingHandlerAdapter'
2025-11-28 16:42:34 [restartedMain] TRACE o.s.b.f.s.DefaultListableBeanFactory - Returning cached instance of singleton bean 'org.springframework.transaction.config.internalTransactionAdvisor'
2025-11-28 16:42:34 [restartedMain] TRACE o.s.b.f.s.DefaultListableBeanFactory - Returning cached instance of singleton bean 'org.springframework.transaction.config.internalTransactionAdvisor'
2025-11-28 16:42:34 [restartedMain] TRACE o.s.b.f.s.DefaultListableBeanFactory - Finished creating instance of bean 'mvcUriComponentsContributor'
2025-11-28 16:42:34 [restartedMain] DEBUG o.s.b.f.s.DefaultListableBeanFactory - Creating shared instance of singleton bean 'httpRequestHandlerAdapter'
2025-11-28 16:42:34 [restartedMain] TRACE o.s.b.f.s.DefaultListableBeanFactory - Creating instance of bean 'httpRequestHandlerAdapter'
2025-11-28 16:42:34 [restartedMain] TRACE o.s.b.f.s.DefaultListableBeanFactory - Returning cached instance of singleton bean 'org.springframework.transaction.config.internalTransactionAdvisor'
2025-11-28 16:42:34 [restartedMain] TRACE o.s.b.f.s.DefaultListableBeanFactory - Returning cached instance of singleton bean 'org.springframework.boot.autoconfigure.web.servlet.WebMvcAutoConfiguration$EnableWebMvcConfiguration'
2025-11-28 16:42:34 [restartedMain] TRACE o.s.b.f.s.DefaultListableBeanFactory - Returning cached instance of singleton bean 'org.springframework.transaction.config.internalTransactionAdvisor'
2025-11-28 16:42:34 [restartedMain] TRACE o.s.b.f.s.DefaultListableBeanFactory - Returning cached instance of singleton bean 'org.springframework.transaction.config.internalTransactionAdvisor'
2025-11-28 16:42:34 [restartedMain] TRACE o.s.b.f.s.DefaultListableBeanFactory - Finished creating instance of bean 'httpRequestHandlerAdapter'
2025-11-28 16:42:34 [restartedMain] DEBUG o.s.b.f.s.DefaultListableBeanFactory - Creating shared instance of singleton bean 'simpleControllerHandlerAdapter'
2025-11-28 16:42:34 [restartedMain] TRACE o.s.b.f.s.DefaultListableBeanFactory - Creating instance of bean 'simpleControllerHandlerAdapter'
2025-11-28 16:42:34 [restartedMain] TRACE o.s.b.f.s.DefaultListableBeanFactory - Returning cached instance of singleton bean 'org.springframework.transaction.config.internalTransactionAdvisor'
2025-11-28 16:42:34 [restartedMain] TRACE o.s.b.f.s.DefaultListableBeanFactory - Returning cached instance of singleton bean 'org.springframework.boot.autoconfigure.web.servlet.WebMvcAutoConfiguration$EnableWebMvcConfiguration'
2025-11-28 16:42:34 [restartedMain] TRACE o.s.b.f.s.DefaultListableBeanFactory - Returning cached instance of singleton bean 'org.springframework.transaction.config.internalTransactionAdvisor'
2025-11-28 16:42:34 [restartedMain] TRACE o.s.b.f.s.DefaultListableBeanFactory - Returning cached instance of singleton bean 'org.springframework.transaction.config.internalTransactionAdvisor'
2025-11-28 16:42:34 [restartedMain] TRACE o.s.b.f.s.DefaultListableBeanFactory - Finished creating instance of bean 'simpleControllerHandlerAdapter'
2025-11-28 16:42:34 [restartedMain] DEBUG o.s.b.f.s.DefaultListableBeanFactory - Creating shared instance of singleton bean 'handlerExceptionResolver'
2025-11-28 16:42:34 [restartedMain] TRACE o.s.b.f.s.DefaultListableBeanFactory - Creating instance of bean 'handlerExceptionResolver'
2025-11-28 16:42:34 [restartedMain] TRACE o.s.b.f.s.DefaultListableBeanFactory - Returning cached instance of singleton bean 'org.springframework.transaction.config.internalTransactionAdvisor'
2025-11-28 16:42:34 [restartedMain] TRACE o.s.b.f.s.DefaultListableBeanFactory - Returning cached instance of singleton bean 'org.springframework.boot.autoconfigure.web.servlet.WebMvcAutoConfiguration$EnableWebMvcConfiguration'
2025-11-28 16:42:34 [restartedMain] TRACE o.s.b.f.s.DefaultListableBeanFactory - Returning cached instance of singleton bean 'mvcContentNegotiationManager'
2025-11-28 16:42:34 [restartedMain] DEBUG o.s.b.f.s.DefaultListableBeanFactory - Autowiring by type from bean name 'handlerExceptionResolver' via factory method to bean named 'mvcContentNegotiationManager'
2025-11-28 16:42:34 [restartedMain] TRACE o.s.b.f.s.DefaultListableBeanFactory - Returning cached instance of singleton bean 'org.springdoc.core.configuration.SpringDocConfiguration$OpenApiResourceAdvice'
2025-11-28 16:42:34 [restartedMain] TRACE o.s.b.f.s.DefaultListableBeanFactory - Returning cached instance of singleton bean 'globalExceptionHandler'
2025-11-28 16:42:34 [restartedMain] DEBUG o.s.w.s.m.m.a.ExceptionHandlerExceptionResolver - ControllerAdvice beans: 2 @ExceptionHandler, 1 ResponseBodyAdvice
2025-11-28 16:42:34 [restartedMain] TRACE o.s.b.f.s.DefaultListableBeanFactory - Returning cached instance of singleton bean 'org.springframework.transaction.config.internalTransactionAdvisor'
2025-11-28 16:42:34 [restartedMain] TRACE o.s.b.f.s.DefaultListableBeanFactory - Returning cached instance of singleton bean 'org.springframework.transaction.config.internalTransactionAdvisor'
2025-11-28 16:42:34 [restartedMain] TRACE o.s.b.f.s.DefaultListableBeanFactory - Finished creating instance of bean 'handlerExceptionResolver'
2025-11-28 16:42:34 [restartedMain] TRACE o.s.b.f.s.DefaultListableBeanFactory - Returning cached instance of singleton bean 'mvcViewResolver'
2025-11-28 16:42:34 [restartedMain] TRACE o.s.b.f.s.DefaultListableBeanFactory - Returning cached instance of singleton bean 'org.springframework.boot.autoconfigure.web.servlet.WebMvcAutoConfiguration$WebMvcAutoConfigurationAdapter'
2025-11-28 16:42:34 [restartedMain] TRACE o.s.b.f.s.DefaultListableBeanFactory - Returning cached instance of singleton bean 'defaultViewResolver'
2025-11-28 16:42:34 [restartedMain] TRACE o.s.b.f.s.DefaultListableBeanFactory - Returning cached instance of singleton bean 'viewResolver'
2025-11-28 16:42:34 [restartedMain] TRACE o.s.b.f.s.DefaultListableBeanFactory - Returning cached instance of singleton bean 'requestContextFilter'
2025-11-28 16:42:34 [restartedMain] TRACE o.s.b.f.s.DefaultListableBeanFactory - Returning cached instance of singleton bean 'org.springframework.boot.autoconfigure.web.servlet.WebMvcAutoConfiguration$ResourceChainCustomizerConfiguration'
2025-11-28 16:42:34 [restartedMain] TRACE o.s.b.f.s.DefaultListableBeanFactory - Returning cached instance of singleton bean 'resourceHandlerRegistrationCustomizer'
2025-11-28 16:42:34 [restartedMain] TRACE o.s.b.f.s.DefaultListableBeanFactory - Returning cached instance of singleton bean 'org.springframework.boot.autoconfigure.web.servlet.WebMvcAutoConfiguration'
2025-11-28 16:42:34 [restartedMain] TRACE o.s.b.f.s.DefaultListableBeanFactory - Returning cached instance of singleton bean 'formContentFilter'
2025-11-28 16:42:34 [restartedMain] DEBUG o.s.b.f.s.DefaultListableBeanFactory - Creating shared instance of singleton bean 'org.springdoc.core.configuration.SpringDocConfiguration$QuerydslProvider'
2025-11-28 16:42:34 [restartedMain] TRACE o.s.b.f.s.DefaultListableBeanFactory - Creating instance of bean 'org.springdoc.core.configuration.SpringDocConfiguration$QuerydslProvider'
2025-11-28 16:42:34 [restartedMain] TRACE o.s.b.f.s.DefaultListableBeanFactory - Returning cached instance of singleton bean 'org.springframework.transaction.config.internalTransactionAdvisor'
2025-11-28 16:42:34 [restartedMain] TRACE o.s.b.f.s.DefaultListableBeanFactory - Returning cached instance of singleton bean 'org.springframework.transaction.config.internalTransactionAdvisor'
2025-11-28 16:42:34 [restartedMain] TRACE o.s.b.f.s.DefaultListableBeanFactory - Returning cached instance of singleton bean 'org.springframework.transaction.config.internalTransactionAdvisor'
2025-11-28 16:42:34 [restartedMain] TRACE o.s.b.f.s.DefaultListableBeanFactory - Finished creating instance of bean 'org.springdoc.core.configuration.SpringDocConfiguration$QuerydslProvider'
2025-11-28 16:42:34 [restartedMain] DEBUG o.s.b.f.s.DefaultListableBeanFactory - Creating shared instance of singleton bean 'queryDslQuerydslPredicateOperationCustomizer'
2025-11-28 16:42:34 [restartedMain] TRACE o.s.b.f.s.DefaultListableBeanFactory - Creating instance of bean 'queryDslQuerydslPredicateOperationCustomizer'
2025-11-28 16:42:34 [restartedMain] TRACE o.s.b.f.s.DefaultListableBeanFactory - Returning cached instance of singleton bean 'org.springframework.transaction.config.internalTransactionAdvisor'
2025-11-28 16:42:34 [restartedMain] TRACE o.s.b.f.s.DefaultListableBeanFactory - Returning cached instance of singleton bean 'org.springdoc.core.configuration.SpringDocConfiguration$QuerydslProvider'
2025-11-28 16:42:34 [restartedMain] TRACE o.s.b.f.s.DefaultListableBeanFactory - Returning cached instance of singleton bean 'org.springdoc.core.properties.SpringDocConfigProperties'
2025-11-28 16:42:34 [restartedMain] DEBUG o.s.b.f.s.DefaultListableBeanFactory - Autowiring by type from bean name 'queryDslQuerydslPredicateOperationCustomizer' via factory method to bean named 'org.springdoc.core.properties.SpringDocConfigProperties'
2025-11-28 16:42:34 [restartedMain] TRACE o.s.b.f.s.DefaultListableBeanFactory - Returning cached instance of singleton bean 'org.springframework.transaction.config.internalTransactionAdvisor'
2025-11-28 16:42:34 [restartedMain] TRACE o.s.b.f.s.DefaultListableBeanFactory - Returning cached instance of singleton bean 'org.springframework.transaction.config.internalTransactionAdvisor'
2025-11-28 16:42:34 [restartedMain] TRACE o.s.b.f.s.DefaultListableBeanFactory - Finished creating instance of bean 'queryDslQuerydslPredicateOperationCustomizer'
2025-11-28 16:42:34 [restartedMain] TRACE o.s.b.f.s.DefaultListableBeanFactory - Returning cached instance of singleton bean 'org.springdoc.core.configuration.SpringDocConfiguration$OpenApiResourceAdvice'
2025-11-28 16:42:34 [restartedMain] DEBUG o.s.b.f.s.DefaultListableBeanFactory - Creating shared instance of singleton bean 'org.springdoc.core.configuration.SpringDocConfiguration$SpringDocSpringDataWebPropertiesProvider'
2025-11-28 16:42:34 [restartedMain] TRACE o.s.b.f.s.DefaultListableBeanFactory - Creating instance of bean 'org.springdoc.core.configuration.SpringDocConfiguration$SpringDocSpringDataWebPropertiesProvider'
2025-11-28 16:42:34 [restartedMain] TRACE o.s.b.f.s.DefaultListableBeanFactory - Returning cached instance of singleton bean 'org.springframework.transaction.config.internalTransactionAdvisor'
2025-11-28 16:42:34 [restartedMain] TRACE o.s.b.f.s.DefaultListableBeanFactory - Returning cached instance of singleton bean 'org.springframework.transaction.config.internalTransactionAdvisor'
2025-11-28 16:42:34 [restartedMain] TRACE o.s.b.f.s.DefaultListableBeanFactory - Returning cached instance of singleton bean 'org.springframework.transaction.config.internalTransactionAdvisor'
2025-11-28 16:42:34 [restartedMain] TRACE o.s.b.f.s.DefaultListableBeanFactory - Finished creating instance of bean 'org.springdoc.core.configuration.SpringDocConfiguration$SpringDocSpringDataWebPropertiesProvider'
2025-11-28 16:42:34 [restartedMain] DEBUG o.s.b.f.s.DefaultListableBeanFactory - Creating shared instance of singleton bean 'springDataWebPropertiesProvider'
2025-11-28 16:42:34 [restartedMain] TRACE o.s.b.f.s.DefaultListableBeanFactory - Creating instance of bean 'springDataWebPropertiesProvider'
2025-11-28 16:42:34 [restartedMain] TRACE o.s.b.f.s.DefaultListableBeanFactory - Returning cached instance of singleton bean 'org.springframework.transaction.config.internalTransactionAdvisor'
2025-11-28 16:42:34 [restartedMain] TRACE o.s.b.f.s.DefaultListableBeanFactory - Returning cached instance of singleton bean 'org.springdoc.core.configuration.SpringDocConfiguration$SpringDocSpringDataWebPropertiesProvider'
2025-11-28 16:42:34 [restartedMain] TRACE o.s.b.f.s.DefaultListableBeanFactory - Returning cached instance of singleton bean 'spring.data.web-org.springframework.boot.autoconfigure.data.web.SpringDataWebProperties'
2025-11-28 16:42:34 [restartedMain] TRACE o.s.b.f.s.DefaultListableBeanFactory - Returning cached instance of singleton bean 'org.springframework.transaction.config.internalTransactionAdvisor'
2025-11-28 16:42:34 [restartedMain] TRACE o.s.b.f.s.DefaultListableBeanFactory - Returning cached instance of singleton bean 'org.springframework.transaction.config.internalTransactionAdvisor'
2025-11-28 16:42:34 [restartedMain] TRACE o.s.b.f.s.DefaultListableBeanFactory - Finished creating instance of bean 'springDataWebPropertiesProvider'
2025-11-28 16:42:34 [restartedMain] DEBUG o.s.b.f.s.DefaultListableBeanFactory - Creating shared instance of singleton bean 'org.springdoc.core.configuration.SpringDocConfiguration$WebConversionServiceConfiguration'
2025-11-28 16:42:34 [restartedMain] TRACE o.s.b.f.s.DefaultListableBeanFactory - Creating instance of bean 'org.springdoc.core.configuration.SpringDocConfiguration$WebConversionServiceConfiguration'
2025-11-28 16:42:34 [restartedMain] TRACE o.s.b.f.s.DefaultListableBeanFactory - Returning cached instance of singleton bean 'org.springframework.transaction.config.internalTransactionAdvisor'
2025-11-28 16:42:34 [restartedMain] TRACE o.s.b.f.s.DefaultListableBeanFactory - Returning cached instance of singleton bean 'org.springframework.transaction.config.internalTransactionAdvisor'
2025-11-28 16:42:34 [restartedMain] TRACE o.s.b.f.s.DefaultListableBeanFactory - Returning cached instance of singleton bean 'org.springframework.transaction.config.internalTransactionAdvisor'
2025-11-28 16:42:34 [restartedMain] TRACE o.s.b.f.s.DefaultListableBeanFactory - Finished creating instance of bean 'org.springdoc.core.configuration.SpringDocConfiguration$WebConversionServiceConfiguration'
2025-11-28 16:42:34 [restartedMain] DEBUG o.s.b.f.s.DefaultListableBeanFactory - Creating shared instance of singleton bean 'webConversionServiceProvider'
2025-11-28 16:42:34 [restartedMain] TRACE o.s.b.f.s.DefaultListableBeanFactory - Creating instance of bean 'webConversionServiceProvider'
2025-11-28 16:42:34 [restartedMain] TRACE o.s.b.f.s.DefaultListableBeanFactory - Returning cached instance of singleton bean 'org.springframework.transaction.config.internalTransactionAdvisor'
2025-11-28 16:42:34 [restartedMain] TRACE o.s.b.f.s.DefaultListableBeanFactory - Returning cached instance of singleton bean 'org.springdoc.core.configuration.SpringDocConfiguration$WebConversionServiceConfiguration'
2025-11-28 16:42:34 [restartedMain] TRACE o.s.b.f.s.DefaultListableBeanFactory - Invoking afterPropertiesSet() on bean with name 'webConversionServiceProvider'
2025-11-28 16:42:34 [restartedMain] TRACE o.s.b.f.s.DefaultListableBeanFactory - Returning cached instance of singleton bean 'mvcConversionService'
2025-11-28 16:42:34 [restartedMain] TRACE o.s.b.f.s.DefaultListableBeanFactory - Returning cached instance of singleton bean 'org.springframework.transaction.config.internalTransactionAdvisor'
2025-11-28 16:42:34 [restartedMain] TRACE o.s.b.f.s.DefaultListableBeanFactory - Returning cached instance of singleton bean 'org.springframework.transaction.config.internalTransactionAdvisor'
2025-11-28 16:42:34 [restartedMain] TRACE o.s.b.f.s.DefaultListableBeanFactory - Finished creating instance of bean 'webConversionServiceProvider'
2025-11-28 16:42:34 [restartedMain] TRACE o.s.b.f.s.DefaultListableBeanFactory - Returning cached instance of singleton bean 'org.springdoc.core.configuration.SpringDocConfiguration'
2025-11-28 16:42:34 [restartedMain] DEBUG o.s.b.f.s.DefaultListableBeanFactory - Creating shared instance of singleton bean 'localSpringDocParameterNameDiscoverer'
2025-11-28 16:42:34 [restartedMain] TRACE o.s.b.f.s.DefaultListableBeanFactory - Creating instance of bean 'localSpringDocParameterNameDiscoverer'
2025-11-28 16:42:34 [restartedMain] TRACE o.s.b.f.s.DefaultListableBeanFactory - Returning cached instance of singleton bean 'org.springframework.transaction.config.internalTransactionAdvisor'
2025-11-28 16:42:34 [restartedMain] TRACE o.s.b.f.s.DefaultListableBeanFactory - Returning cached instance of singleton bean 'org.springdoc.core.configuration.SpringDocConfiguration'
2025-11-28 16:42:34 [restartedMain] TRACE o.s.b.f.s.DefaultListableBeanFactory - Returning cached instance of singleton bean 'org.springframework.transaction.config.internalTransactionAdvisor'
2025-11-28 16:42:34 [restartedMain] TRACE o.s.b.f.s.DefaultListableBeanFactory - Returning cached instance of singleton bean 'org.springframework.transaction.config.internalTransactionAdvisor'
2025-11-28 16:42:34 [restartedMain] TRACE o.s.b.f.s.DefaultListableBeanFactory - Finished creating instance of bean 'localSpringDocParameterNameDiscoverer'
2025-11-28 16:42:34 [restartedMain] DEBUG o.s.b.f.s.DefaultListableBeanFactory - Creating shared instance of singleton bean 'additionalModelsConverter'
2025-11-28 16:42:34 [restartedMain] TRACE o.s.b.f.s.DefaultListableBeanFactory - Creating instance of bean 'additionalModelsConverter'
2025-11-28 16:42:34 [restartedMain] TRACE o.s.b.f.s.DefaultListableBeanFactory - Returning cached instance of singleton bean 'org.springframework.transaction.config.internalTransactionAdvisor'
2025-11-28 16:42:34 [restartedMain] TRACE o.s.b.f.s.DefaultListableBeanFactory - Returning cached instance of singleton bean 'org.springdoc.core.configuration.SpringDocConfiguration'
2025-11-28 16:42:34 [restartedMain] TRACE o.s.b.f.s.DefaultListableBeanFactory - Returning cached instance of singleton bean 'springdocObjectMapperProvider'
2025-11-28 16:42:34 [restartedMain] DEBUG o.s.b.f.s.DefaultListableBeanFactory - Autowiring by type from bean name 'additionalModelsConverter' via factory method to bean named 'springdocObjectMapperProvider'
2025-11-28 16:42:34 [restartedMain] TRACE o.s.b.f.s.DefaultListableBeanFactory - Returning cached instance of singleton bean 'org.springframework.transaction.config.internalTransactionAdvisor'
2025-11-28 16:42:34 [restartedMain] TRACE o.s.b.f.s.DefaultListableBeanFactory - Returning cached instance of singleton bean 'org.springframework.transaction.config.internalTransactionAdvisor'
2025-11-28 16:42:34 [restartedMain] TRACE o.s.b.f.s.DefaultListableBeanFactory - Finished creating instance of bean 'additionalModelsConverter'
2025-11-28 16:42:34 [restartedMain] DEBUG o.s.b.f.s.DefaultListableBeanFactory - Creating shared instance of singleton bean 'fileSupportConverter'
2025-11-28 16:42:34 [restartedMain] TRACE o.s.b.f.s.DefaultListableBeanFactory - Creating instance of bean 'fileSupportConverter'
2025-11-28 16:42:34 [restartedMain] TRACE o.s.b.f.s.DefaultListableBeanFactory - Returning cached instance of singleton bean 'org.springframework.transaction.config.internalTransactionAdvisor'
2025-11-28 16:42:34 [restartedMain] TRACE o.s.b.f.s.DefaultListableBeanFactory - Returning cached instance of singleton bean 'org.springdoc.core.configuration.SpringDocConfiguration'
2025-11-28 16:42:34 [restartedMain] TRACE o.s.b.f.s.DefaultListableBeanFactory - Returning cached instance of singleton bean 'springdocObjectMapperProvider'
2025-11-28 16:42:34 [restartedMain] DEBUG o.s.b.f.s.DefaultListableBeanFactory - Autowiring by type from bean name 'fileSupportConverter' via factory method to bean named 'springdocObjectMapperProvider'
2025-11-28 16:42:34 [restartedMain] TRACE o.s.b.f.s.DefaultListableBeanFactory - Returning cached instance of singleton bean 'org.springframework.transaction.config.internalTransactionAdvisor'
2025-11-28 16:42:34 [restartedMain] TRACE o.s.b.f.s.DefaultListableBeanFactory - Returning cached instance of singleton bean 'org.springframework.transaction.config.internalTransactionAdvisor'
2025-11-28 16:42:34 [restartedMain] TRACE o.s.b.f.s.DefaultListableBeanFactory - Finished creating instance of bean 'fileSupportConverter'
2025-11-28 16:42:34 [restartedMain] DEBUG o.s.b.f.s.DefaultListableBeanFactory - Creating shared instance of singleton bean 'responseSupportConverter'
2025-11-28 16:42:34 [restartedMain] TRACE o.s.b.f.s.DefaultListableBeanFactory - Creating instance of bean 'responseSupportConverter'
2025-11-28 16:42:34 [restartedMain] TRACE o.s.b.f.s.DefaultListableBeanFactory - Returning cached instance of singleton bean 'org.springframework.transaction.config.internalTransactionAdvisor'
2025-11-28 16:42:34 [restartedMain] TRACE o.s.b.f.s.DefaultListableBeanFactory - Returning cached instance of singleton bean 'org.springdoc.core.configuration.SpringDocConfiguration'
2025-11-28 16:42:34 [restartedMain] TRACE o.s.b.f.s.DefaultListableBeanFactory - Returning cached instance of singleton bean 'springdocObjectMapperProvider'
2025-11-28 16:42:34 [restartedMain] DEBUG o.s.b.f.s.DefaultListableBeanFactory - Autowiring by type from bean name 'responseSupportConverter' via factory method to bean named 'springdocObjectMapperProvider'
2025-11-28 16:42:34 [restartedMain] TRACE o.s.b.f.s.DefaultListableBeanFactory - Returning cached instance of singleton bean 'org.springframework.transaction.config.internalTransactionAdvisor'
2025-11-28 16:42:34 [restartedMain] TRACE o.s.b.f.s.DefaultListableBeanFactory - Returning cached instance of singleton bean 'org.springframework.transaction.config.internalTransactionAdvisor'
2025-11-28 16:42:34 [restartedMain] TRACE o.s.b.f.s.DefaultListableBeanFactory - Finished creating instance of bean 'responseSupportConverter'
2025-11-28 16:42:34 [restartedMain] DEBUG o.s.b.f.s.DefaultListableBeanFactory - Creating shared instance of singleton bean 'schemaPropertyDeprecatingConverter'
2025-11-28 16:42:34 [restartedMain] TRACE o.s.b.f.s.DefaultListableBeanFactory - Creating instance of bean 'schemaPropertyDeprecatingConverter'
2025-11-28 16:42:34 [restartedMain] TRACE o.s.b.f.s.DefaultListableBeanFactory - Returning cached instance of singleton bean 'org.springframework.transaction.config.internalTransactionAdvisor'
2025-11-28 16:42:34 [restartedMain] TRACE o.s.b.f.s.DefaultListableBeanFactory - Returning cached instance of singleton bean 'org.springdoc.core.configuration.SpringDocConfiguration'
2025-11-28 16:42:34 [restartedMain] TRACE o.s.b.f.s.DefaultListableBeanFactory - Returning cached instance of singleton bean 'org.springframework.transaction.config.internalTransactionAdvisor'
2025-11-28 16:42:34 [restartedMain] TRACE o.s.b.f.s.DefaultListableBeanFactory - Returning cached instance of singleton bean 'org.springframework.transaction.config.internalTransactionAdvisor'
2025-11-28 16:42:34 [restartedMain] TRACE o.s.b.f.s.DefaultListableBeanFactory - Finished creating instance of bean 'schemaPropertyDeprecatingConverter'
2025-11-28 16:42:34 [restartedMain] DEBUG o.s.b.f.s.DefaultListableBeanFactory - Creating shared instance of singleton bean 'polymorphicModelConverter'
2025-11-28 16:42:34 [restartedMain] TRACE o.s.b.f.s.DefaultListableBeanFactory - Creating instance of bean 'polymorphicModelConverter'
2025-11-28 16:42:34 [restartedMain] TRACE o.s.b.f.s.DefaultListableBeanFactory - Returning cached instance of singleton bean 'org.springframework.transaction.config.internalTransactionAdvisor'
2025-11-28 16:42:34 [restartedMain] TRACE o.s.b.f.s.DefaultListableBeanFactory - Returning cached instance of singleton bean 'org.springdoc.core.configuration.SpringDocConfiguration'
2025-11-28 16:42:34 [restartedMain] TRACE o.s.b.f.s.DefaultListableBeanFactory - Returning cached instance of singleton bean 'springdocObjectMapperProvider'
2025-11-28 16:42:34 [restartedMain] DEBUG o.s.b.f.s.DefaultListableBeanFactory - Autowiring by type from bean name 'polymorphicModelConverter' via factory method to bean named 'springdocObjectMapperProvider'
2025-11-28 16:42:34 [restartedMain] TRACE o.s.b.f.s.DefaultListableBeanFactory - Returning cached instance of singleton bean 'org.springframework.transaction.config.internalTransactionAdvisor'
2025-11-28 16:42:34 [restartedMain] TRACE o.s.b.f.s.DefaultListableBeanFactory - Returning cached instance of singleton bean 'org.springframework.transaction.config.internalTransactionAdvisor'
2025-11-28 16:42:34 [restartedMain] TRACE o.s.b.f.s.DefaultListableBeanFactory - Finished creating instance of bean 'polymorphicModelConverter'
2025-11-28 16:42:34 [restartedMain] DEBUG o.s.b.f.s.DefaultListableBeanFactory - Creating shared instance of singleton bean 'openAPIBuilder'
2025-11-28 16:42:34 [restartedMain] TRACE o.s.b.f.s.DefaultListableBeanFactory - Creating instance of bean 'openAPIBuilder'
2025-11-28 16:42:34 [restartedMain] TRACE o.s.b.f.s.DefaultListableBeanFactory - Returning cached instance of singleton bean 'org.springframework.transaction.config.internalTransactionAdvisor'
2025-11-28 16:42:34 [restartedMain] TRACE o.s.b.f.s.DefaultListableBeanFactory - Returning cached instance of singleton bean 'org.springdoc.core.configuration.SpringDocConfiguration'
2025-11-28 16:42:34 [restartedMain] TRACE o.s.b.f.s.DefaultListableBeanFactory - Returning cached instance of singleton bean 'customOpenAPI'
2025-11-28 16:42:34 [restartedMain] DEBUG o.s.b.f.s.DefaultListableBeanFactory - Creating shared instance of singleton bean 'securityParser'
2025-11-28 16:42:34 [restartedMain] TRACE o.s.b.f.s.DefaultListableBeanFactory - Creating instance of bean 'securityParser'
2025-11-28 16:42:34 [restartedMain] TRACE o.s.b.f.s.DefaultListableBeanFactory - Returning cached instance of singleton bean 'org.springframework.transaction.config.internalTransactionAdvisor'
2025-11-28 16:42:34 [restartedMain] TRACE o.s.b.f.s.DefaultListableBeanFactory - Returning cached instance of singleton bean 'org.springdoc.core.configuration.SpringDocConfiguration'
2025-11-28 16:42:34 [restartedMain] DEBUG o.s.b.f.s.DefaultListableBeanFactory - Creating shared instance of singleton bean 'propertyResolverUtils'
2025-11-28 16:42:34 [restartedMain] TRACE o.s.b.f.s.DefaultListableBeanFactory - Creating instance of bean 'propertyResolverUtils'
2025-11-28 16:42:34 [restartedMain] TRACE o.s.b.f.s.DefaultListableBeanFactory - Returning cached instance of singleton bean 'org.springframework.transaction.config.internalTransactionAdvisor'
2025-11-28 16:42:34 [restartedMain] TRACE o.s.b.f.s.DefaultListableBeanFactory - Returning cached instance of singleton bean 'org.springdoc.core.configuration.SpringDocConfiguration'
2025-11-28 16:42:34 [restartedMain] TRACE o.s.b.f.s.DefaultListableBeanFactory - Returning cached instance of singleton bean 'messageSource'
2025-11-28 16:42:34 [restartedMain] TRACE o.s.b.f.s.DefaultListableBeanFactory - Returning cached instance of singleton bean 'org.springdoc.core.properties.SpringDocConfigProperties'
2025-11-28 16:42:34 [restartedMain] DEBUG o.s.b.f.s.DefaultListableBeanFactory - Autowiring by type from bean name 'propertyResolverUtils' via factory method to bean named 'org.springframework.beans.factory.support.DefaultListableBeanFactory@79128d90'
2025-11-28 16:42:34 [restartedMain] DEBUG o.s.b.f.s.DefaultListableBeanFactory - Autowiring by type from bean name 'propertyResolverUtils' via factory method to bean named 'messageSource'
2025-11-28 16:42:34 [restartedMain] DEBUG o.s.b.f.s.DefaultListableBeanFactory - Autowiring by type from bean name 'propertyResolverUtils' via factory method to bean named 'org.springdoc.core.properties.SpringDocConfigProperties'
2025-11-28 16:42:34 [restartedMain] TRACE o.s.b.f.s.DefaultListableBeanFactory - Returning cached instance of singleton bean 'org.springframework.transaction.config.internalTransactionAdvisor'
2025-11-28 16:42:34 [restartedMain] TRACE o.s.b.f.s.DefaultListableBeanFactory - Returning cached instance of singleton bean 'org.springframework.transaction.config.internalTransactionAdvisor'
2025-11-28 16:42:34 [restartedMain] TRACE o.s.b.f.s.DefaultListableBeanFactory - Finished creating instance of bean 'propertyResolverUtils'
2025-11-28 16:42:34 [restartedMain] DEBUG o.s.b.f.s.DefaultListableBeanFactory - Autowiring by type from bean name 'securityParser' via factory method to bean named 'propertyResolverUtils'
2025-11-28 16:42:34 [restartedMain] TRACE o.s.b.f.s.DefaultListableBeanFactory - Returning cached instance of singleton bean 'org.springframework.transaction.config.internalTransactionAdvisor'
2025-11-28 16:42:34 [restartedMain] TRACE o.s.b.f.s.DefaultListableBeanFactory - Returning cached instance of singleton bean 'org.springframework.transaction.config.internalTransactionAdvisor'
2025-11-28 16:42:34 [restartedMain] TRACE o.s.b.f.s.DefaultListableBeanFactory - Finished creating instance of bean 'securityParser'
2025-11-28 16:42:34 [restartedMain] TRACE o.s.b.f.s.DefaultListableBeanFactory - Returning cached instance of singleton bean 'org.springdoc.core.properties.SpringDocConfigProperties'
2025-11-28 16:42:34 [restartedMain] TRACE o.s.b.f.s.DefaultListableBeanFactory - Returning cached instance of singleton bean 'propertyResolverUtils'
2025-11-28 16:42:34 [restartedMain] DEBUG o.s.b.f.s.DefaultListableBeanFactory - Autowiring by type from bean name 'openAPIBuilder' via factory method to bean named 'securityParser'
2025-11-28 16:42:34 [restartedMain] DEBUG o.s.b.f.s.DefaultListableBeanFactory - Autowiring by type from bean name 'openAPIBuilder' via factory method to bean named 'org.springdoc.core.properties.SpringDocConfigProperties'
2025-11-28 16:42:34 [restartedMain] DEBUG o.s.b.f.s.DefaultListableBeanFactory - Autowiring by type from bean name 'openAPIBuilder' via factory method to bean named 'propertyResolverUtils'
2025-11-28 16:42:34 [restartedMain] TRACE o.s.b.f.s.DefaultListableBeanFactory - Returning cached instance of singleton bean 'org.springframework.transaction.config.internalTransactionAdvisor'
2025-11-28 16:42:34 [restartedMain] TRACE o.s.b.f.s.DefaultListableBeanFactory - Returning cached instance of singleton bean 'org.springframework.transaction.config.internalTransactionAdvisor'
2025-11-28 16:42:34 [restartedMain] TRACE o.s.b.f.s.DefaultListableBeanFactory - Finished creating instance of bean 'openAPIBuilder'
2025-11-28 16:42:34 [restartedMain] DEBUG o.s.b.f.s.DefaultListableBeanFactory - Creating shared instance of singleton bean 'modelConverterRegistrar'
2025-11-28 16:42:34 [restartedMain] TRACE o.s.b.f.s.DefaultListableBeanFactory - Creating instance of bean 'modelConverterRegistrar'
2025-11-28 16:42:34 [restartedMain] TRACE o.s.b.f.s.DefaultListableBeanFactory - Returning cached instance of singleton bean 'org.springframework.transaction.config.internalTransactionAdvisor'
2025-11-28 16:42:34 [restartedMain] TRACE o.s.b.f.s.DefaultListableBeanFactory - Returning cached instance of singleton bean 'org.springdoc.core.configuration.SpringDocConfiguration'
2025-11-28 16:42:34 [restartedMain] TRACE o.s.b.f.s.DefaultListableBeanFactory - Returning cached instance of singleton bean 'additionalModelsConverter'
2025-11-28 16:42:34 [restartedMain] TRACE o.s.b.f.s.DefaultListableBeanFactory - Returning cached instance of singleton bean 'fileSupportConverter'
2025-11-28 16:42:34 [restartedMain] TRACE o.s.b.f.s.DefaultListableBeanFactory - Returning cached instance of singleton bean 'responseSupportConverter'
2025-11-28 16:42:34 [restartedMain] TRACE o.s.b.f.s.DefaultListableBeanFactory - Returning cached instance of singleton bean 'schemaPropertyDeprecatingConverter'
2025-11-28 16:42:34 [restartedMain] TRACE o.s.b.f.s.DefaultListableBeanFactory - Returning cached instance of singleton bean 'polymorphicModelConverter'
2025-11-28 16:42:34 [restartedMain] DEBUG o.s.b.f.s.DefaultListableBeanFactory - Creating shared instance of singleton bean 'pageableOpenAPIConverter'
2025-11-28 16:42:34 [restartedMain] TRACE o.s.b.f.s.DefaultListableBeanFactory - Creating instance of bean 'pageableOpenAPIConverter'
2025-11-28 16:42:34 [restartedMain] TRACE o.s.b.f.s.DefaultListableBeanFactory - Returning cached instance of singleton bean 'org.springframework.transaction.config.internalTransactionAdvisor'
2025-11-28 16:42:34 [restartedMain] DEBUG o.s.b.f.s.DefaultListableBeanFactory - Creating shared instance of singleton bean 'org.springdoc.core.configuration.SpringDocPageableConfiguration'
2025-11-28 16:42:34 [restartedMain] TRACE o.s.b.f.s.DefaultListableBeanFactory - Creating instance of bean 'org.springdoc.core.configuration.SpringDocPageableConfiguration'
2025-11-28 16:42:34 [restartedMain] TRACE o.s.b.f.s.DefaultListableBeanFactory - Returning cached instance of singleton bean 'org.springframework.transaction.config.internalTransactionAdvisor'
2025-11-28 16:42:34 [restartedMain] TRACE o.s.b.f.s.DefaultListableBeanFactory - Returning cached instance of singleton bean 'org.springframework.transaction.config.internalTransactionAdvisor'
2025-11-28 16:42:34 [restartedMain] TRACE o.s.b.f.s.DefaultListableBeanFactory - Returning cached instance of singleton bean 'org.springframework.transaction.config.internalTransactionAdvisor'
2025-11-28 16:42:34 [restartedMain] TRACE o.s.b.f.s.DefaultListableBeanFactory - Finished creating instance of bean 'org.springdoc.core.configuration.SpringDocPageableConfiguration'
2025-11-28 16:42:34 [restartedMain] TRACE o.s.b.f.s.DefaultListableBeanFactory - Returning cached instance of singleton bean 'springdocObjectMapperProvider'
2025-11-28 16:42:34 [restartedMain] DEBUG o.s.b.f.s.DefaultListableBeanFactory - Autowiring by type from bean name 'pageableOpenAPIConverter' via factory method to bean named 'springdocObjectMapperProvider'
2025-11-28 16:42:34 [restartedMain] TRACE o.s.b.f.s.DefaultListableBeanFactory - Returning cached instance of singleton bean 'org.springframework.transaction.config.internalTransactionAdvisor'
2025-11-28 16:42:34 [restartedMain] TRACE o.s.b.f.s.DefaultListableBeanFactory - Returning cached instance of singleton bean 'org.springframework.transaction.config.internalTransactionAdvisor'
2025-11-28 16:42:34 [restartedMain] TRACE o.s.b.f.s.DefaultListableBeanFactory - Finished creating instance of bean 'pageableOpenAPIConverter'
2025-11-28 16:42:34 [restartedMain] DEBUG o.s.b.f.s.DefaultListableBeanFactory - Creating shared instance of singleton bean 'pageOpenAPIConverter'
2025-11-28 16:42:34 [restartedMain] TRACE o.s.b.f.s.DefaultListableBeanFactory - Creating instance of bean 'pageOpenAPIConverter'
2025-11-28 16:42:34 [restartedMain] TRACE o.s.b.f.s.DefaultListableBeanFactory - Returning cached instance of singleton bean 'org.springframework.transaction.config.internalTransactionAdvisor'
2025-11-28 16:42:34 [restartedMain] TRACE o.s.b.f.s.DefaultListableBeanFactory - Returning cached instance of singleton bean 'org.springdoc.core.configuration.SpringDocPageableConfiguration'
2025-11-28 16:42:34 [restartedMain] TRACE o.s.b.f.s.DefaultListableBeanFactory - Returning cached instance of singleton bean 'springDataWebSettings'
2025-11-28 16:42:34 [restartedMain] TRACE o.s.b.f.s.DefaultListableBeanFactory - Returning cached instance of singleton bean 'springdocObjectMapperProvider'
2025-11-28 16:42:34 [restartedMain] DEBUG o.s.b.f.s.DefaultListableBeanFactory - Autowiring by type from bean name 'pageOpenAPIConverter' via factory method to bean named 'springdocObjectMapperProvider'
2025-11-28 16:42:34 [restartedMain] TRACE o.s.b.f.s.DefaultListableBeanFactory - Returning cached instance of singleton bean 'org.springframework.transaction.config.internalTransactionAdvisor'
2025-11-28 16:42:34 [restartedMain] TRACE o.s.b.f.s.DefaultListableBeanFactory - Returning cached instance of singleton bean 'org.springframework.transaction.config.internalTransactionAdvisor'
2025-11-28 16:42:34 [restartedMain] TRACE o.s.b.f.s.DefaultListableBeanFactory - Finished creating instance of bean 'pageOpenAPIConverter'
2025-11-28 16:42:34 [restartedMain] DEBUG o.s.b.f.s.DefaultListableBeanFactory - Creating shared instance of singleton bean 'sortOpenAPIConverter'
2025-11-28 16:42:34 [restartedMain] TRACE o.s.b.f.s.DefaultListableBeanFactory - Creating instance of bean 'sortOpenAPIConverter'
2025-11-28 16:42:34 [restartedMain] TRACE o.s.b.f.s.DefaultListableBeanFactory - Returning cached instance of singleton bean 'org.springframework.transaction.config.internalTransactionAdvisor'
2025-11-28 16:42:34 [restartedMain] DEBUG o.s.b.f.s.DefaultListableBeanFactory - Creating shared instance of singleton bean 'org.springdoc.core.configuration.SpringDocSortConfiguration'
2025-11-28 16:42:34 [restartedMain] TRACE o.s.b.f.s.DefaultListableBeanFactory - Creating instance of bean 'org.springdoc.core.configuration.SpringDocSortConfiguration'
2025-11-28 16:42:34 [restartedMain] TRACE o.s.b.f.s.DefaultListableBeanFactory - Returning cached instance of singleton bean 'org.springframework.transaction.config.internalTransactionAdvisor'
2025-11-28 16:42:34 [restartedMain] TRACE o.s.b.f.s.DefaultListableBeanFactory - Returning cached instance of singleton bean 'org.springframework.transaction.config.internalTransactionAdvisor'
2025-11-28 16:42:34 [restartedMain] TRACE o.s.b.f.s.DefaultListableBeanFactory - Returning cached instance of singleton bean 'org.springframework.transaction.config.internalTransactionAdvisor'
2025-11-28 16:42:34 [restartedMain] TRACE o.s.b.f.s.DefaultListableBeanFactory - Finished creating instance of bean 'org.springdoc.core.configuration.SpringDocSortConfiguration'
2025-11-28 16:42:34 [restartedMain] TRACE o.s.b.f.s.DefaultListableBeanFactory - Returning cached instance of singleton bean 'springdocObjectMapperProvider'
2025-11-28 16:42:34 [restartedMain] DEBUG o.s.b.f.s.DefaultListableBeanFactory - Autowiring by type from bean name 'sortOpenAPIConverter' via factory method to bean named 'springdocObjectMapperProvider'
2025-11-28 16:42:34 [restartedMain] TRACE o.s.b.f.s.DefaultListableBeanFactory - Returning cached instance of singleton bean 'org.springframework.transaction.config.internalTransactionAdvisor'
2025-11-28 16:42:34 [restartedMain] TRACE o.s.b.f.s.DefaultListableBeanFactory - Returning cached instance of singleton bean 'org.springframework.transaction.config.internalTransactionAdvisor'
2025-11-28 16:42:34 [restartedMain] TRACE o.s.b.f.s.DefaultListableBeanFactory - Finished creating instance of bean 'sortOpenAPIConverter'
2025-11-28 16:42:34 [restartedMain] TRACE o.s.b.f.s.DefaultListableBeanFactory - Returning cached instance of singleton bean 'org.springdoc.core.properties.SpringDocConfigProperties'
2025-11-28 16:42:34 [restartedMain] DEBUG o.s.b.f.s.DefaultListableBeanFactory - Autowiring by type from bean name 'modelConverterRegistrar' via factory method to bean named 'org.springdoc.core.properties.SpringDocConfigProperties'
2025-11-28 16:42:34 [restartedMain] TRACE o.s.b.f.s.DefaultListableBeanFactory - Returning cached instance of singleton bean 'org.springframework.transaction.config.internalTransactionAdvisor'
2025-11-28 16:42:34 [restartedMain] TRACE o.s.b.f.s.DefaultListableBeanFactory - Returning cached instance of singleton bean 'org.springframework.transaction.config.internalTransactionAdvisor'
2025-11-28 16:42:34 [restartedMain] TRACE o.s.b.f.s.DefaultListableBeanFactory - Finished creating instance of bean 'modelConverterRegistrar'
2025-11-28 16:42:34 [restartedMain] DEBUG o.s.b.f.s.DefaultListableBeanFactory - Creating shared instance of singleton bean 'operationBuilder'
2025-11-28 16:42:34 [restartedMain] TRACE o.s.b.f.s.DefaultListableBeanFactory - Creating instance of bean 'operationBuilder'
2025-11-28 16:42:34 [restartedMain] TRACE o.s.b.f.s.DefaultListableBeanFactory - Returning cached instance of singleton bean 'org.springframework.transaction.config.internalTransactionAdvisor'
2025-11-28 16:42:34 [restartedMain] TRACE o.s.b.f.s.DefaultListableBeanFactory - Returning cached instance of singleton bean 'org.springdoc.core.configuration.SpringDocConfiguration'
2025-11-28 16:42:34 [restartedMain] DEBUG o.s.b.f.s.DefaultListableBeanFactory - Creating shared instance of singleton bean 'parameterBuilder'
2025-11-28 16:42:34 [restartedMain] TRACE o.s.b.f.s.DefaultListableBeanFactory - Creating instance of bean 'parameterBuilder'
2025-11-28 16:42:34 [restartedMain] TRACE o.s.b.f.s.DefaultListableBeanFactory - Returning cached instance of singleton bean 'org.springframework.transaction.config.internalTransactionAdvisor'
2025-11-28 16:42:34 [restartedMain] TRACE o.s.b.f.s.DefaultListableBeanFactory - Returning cached instance of singleton bean 'org.springdoc.core.configuration.SpringDocConfiguration'
2025-11-28 16:42:34 [restartedMain] TRACE o.s.b.f.s.DefaultListableBeanFactory - Returning cached instance of singleton bean 'propertyResolverUtils'
2025-11-28 16:42:34 [restartedMain] DEBUG o.s.b.f.s.DefaultListableBeanFactory - Creating shared instance of singleton bean 'parameterObjectNamingStrategyCustomizer'
2025-11-28 16:42:34 [restartedMain] TRACE o.s.b.f.s.DefaultListableBeanFactory - Creating instance of bean 'parameterObjectNamingStrategyCustomizer'
2025-11-28 16:42:34 [restartedMain] TRACE o.s.b.f.s.DefaultListableBeanFactory - Returning cached instance of singleton bean 'org.springframework.transaction.config.internalTransactionAdvisor'
2025-11-28 16:42:34 [restartedMain] TRACE o.s.b.f.s.DefaultListableBeanFactory - Returning cached instance of singleton bean 'org.springdoc.core.configuration.SpringDocConfiguration'
2025-11-28 16:42:34 [restartedMain] TRACE o.s.b.f.s.DefaultListableBeanFactory - Returning cached instance of singleton bean 'org.springframework.transaction.config.internalTransactionAdvisor'
2025-11-28 16:42:34 [restartedMain] TRACE o.s.b.f.s.DefaultListableBeanFactory - Returning cached instance of singleton bean 'org.springframework.transaction.config.internalTransactionAdvisor'
2025-11-28 16:42:34 [restartedMain] TRACE o.s.b.f.s.DefaultListableBeanFactory - Finished creating instance of bean 'parameterObjectNamingStrategyCustomizer'
2025-11-28 16:42:34 [restartedMain] DEBUG o.s.b.f.s.DefaultListableBeanFactory - Creating shared instance of singleton bean 'dataRestDelegatingMethodParameterCustomizer'
2025-11-28 16:42:34 [restartedMain] TRACE o.s.b.f.s.DefaultListableBeanFactory - Creating instance of bean 'dataRestDelegatingMethodParameterCustomizer'
2025-11-28 16:42:34 [restartedMain] TRACE o.s.b.f.s.DefaultListableBeanFactory - Returning cached instance of singleton bean 'org.springframework.transaction.config.internalTransactionAdvisor'
2025-11-28 16:42:34 [restartedMain] TRACE o.s.b.f.s.DefaultListableBeanFactory - Returning cached instance of singleton bean 'org.springdoc.core.configuration.SpringDocPageableConfiguration'
2025-11-28 16:42:34 [restartedMain] TRACE o.s.b.f.s.DefaultListableBeanFactory - Returning cached instance of singleton bean 'springDataWebPropertiesProvider'
2025-11-28 16:42:34 [restartedMain] TRACE o.s.b.f.s.DefaultListableBeanFactory - Returning cached instance of singleton bean 'org.springframework.transaction.config.internalTransactionAdvisor'
2025-11-28 16:42:34 [restartedMain] TRACE o.s.b.f.s.DefaultListableBeanFactory - Returning cached instance of singleton bean 'org.springframework.transaction.config.internalTransactionAdvisor'
2025-11-28 16:42:34 [restartedMain] TRACE o.s.b.f.s.DefaultListableBeanFactory - Finished creating instance of bean 'dataRestDelegatingMethodParameterCustomizer'
2025-11-28 16:42:34 [restartedMain] TRACE o.s.b.f.s.DefaultListableBeanFactory - Returning cached instance of singleton bean 'webConversionServiceProvider'
2025-11-28 16:42:34 [restartedMain] TRACE o.s.b.f.s.DefaultListableBeanFactory - Returning cached instance of singleton bean 'springdocObjectMapperProvider'
2025-11-28 16:42:34 [restartedMain] DEBUG o.s.b.f.s.DefaultListableBeanFactory - Autowiring by type from bean name 'parameterBuilder' via factory method to bean named 'propertyResolverUtils'
2025-11-28 16:42:34 [restartedMain] DEBUG o.s.b.f.s.DefaultListableBeanFactory - Autowiring by type from bean name 'parameterBuilder' via factory method to bean named 'springdocObjectMapperProvider'
2025-11-28 16:42:34 [restartedMain] TRACE o.s.b.f.s.DefaultListableBeanFactory - Returning cached instance of singleton bean 'org.springframework.transaction.config.internalTransactionAdvisor'
2025-11-28 16:42:34 [restartedMain] TRACE o.s.b.f.s.DefaultListableBeanFactory - Returning cached instance of singleton bean 'org.springframework.transaction.config.internalTransactionAdvisor'
2025-11-28 16:42:34 [restartedMain] TRACE o.s.b.f.s.DefaultListableBeanFactory - Finished creating instance of bean 'parameterBuilder'
2025-11-28 16:42:34 [restartedMain] DEBUG o.s.b.f.s.DefaultListableBeanFactory - Creating shared instance of singleton bean 'requestBodyBuilder'
2025-11-28 16:42:34 [restartedMain] TRACE o.s.b.f.s.DefaultListableBeanFactory - Creating instance of bean 'requestBodyBuilder'
2025-11-28 16:42:34 [restartedMain] TRACE o.s.b.f.s.DefaultListableBeanFactory - Returning cached instance of singleton bean 'org.springframework.transaction.config.internalTransactionAdvisor'
2025-11-28 16:42:34 [restartedMain] TRACE o.s.b.f.s.DefaultListableBeanFactory - Returning cached instance of singleton bean 'org.springdoc.core.configuration.SpringDocConfiguration'
2025-11-28 16:42:34 [restartedMain] TRACE o.s.b.f.s.DefaultListableBeanFactory - Returning cached instance of singleton bean 'parameterBuilder'
2025-11-28 16:42:34 [restartedMain] TRACE o.s.b.f.s.DefaultListableBeanFactory - Returning cached instance of singleton bean 'propertyResolverUtils'
2025-11-28 16:42:34 [restartedMain] DEBUG o.s.b.f.s.DefaultListableBeanFactory - Autowiring by type from bean name 'requestBodyBuilder' via factory method to bean named 'parameterBuilder'
2025-11-28 16:42:34 [restartedMain] DEBUG o.s.b.f.s.DefaultListableBeanFactory - Autowiring by type from bean name 'requestBodyBuilder' via factory method to bean named 'propertyResolverUtils'
2025-11-28 16:42:34 [restartedMain] TRACE o.s.b.f.s.DefaultListableBeanFactory - Returning cached instance of singleton bean 'org.springframework.transaction.config.internalTransactionAdvisor'
2025-11-28 16:42:34 [restartedMain] TRACE o.s.b.f.s.DefaultListableBeanFactory - Returning cached instance of singleton bean 'org.springframework.transaction.config.internalTransactionAdvisor'
2025-11-28 16:42:34 [restartedMain] TRACE o.s.b.f.s.DefaultListableBeanFactory - Finished creating instance of bean 'requestBodyBuilder'
2025-11-28 16:42:34 [restartedMain] TRACE o.s.b.f.s.DefaultListableBeanFactory - Returning cached instance of singleton bean 'securityParser'
2025-11-28 16:42:34 [restartedMain] TRACE o.s.b.f.s.DefaultListableBeanFactory - Returning cached instance of singleton bean 'propertyResolverUtils'
2025-11-28 16:42:34 [restartedMain] DEBUG o.s.b.f.s.DefaultListableBeanFactory - Autowiring by type from bean name 'operationBuilder' via factory method to bean named 'parameterBuilder'
2025-11-28 16:42:34 [restartedMain] DEBUG o.s.b.f.s.DefaultListableBeanFactory - Autowiring by type from bean name 'operationBuilder' via factory method to bean named 'requestBodyBuilder'
2025-11-28 16:42:34 [restartedMain] DEBUG o.s.b.f.s.DefaultListableBeanFactory - Autowiring by type from bean name 'operationBuilder' via factory method to bean named 'securityParser'
2025-11-28 16:42:34 [restartedMain] DEBUG o.s.b.f.s.DefaultListableBeanFactory - Autowiring by type from bean name 'operationBuilder' via factory method to bean named 'propertyResolverUtils'
2025-11-28 16:42:34 [restartedMain] TRACE o.s.b.f.s.DefaultListableBeanFactory - Returning cached instance of singleton bean 'org.springframework.transaction.config.internalTransactionAdvisor'
2025-11-28 16:42:34 [restartedMain] TRACE o.s.b.f.s.DefaultListableBeanFactory - Returning cached instance of singleton bean 'org.springframework.transaction.config.internalTransactionAdvisor'
2025-11-28 16:42:34 [restartedMain] TRACE o.s.b.f.s.DefaultListableBeanFactory - Finished creating instance of bean 'operationBuilder'
2025-11-28 16:42:34 [restartedMain] TRACE o.s.b.f.s.DefaultListableBeanFactory - Returning cached instance of singleton bean 'propertyResolverUtils'
2025-11-28 16:42:34 [restartedMain] TRACE o.s.b.f.s.DefaultListableBeanFactory - Returning cached instance of singleton bean 'requestBodyBuilder'
2025-11-28 16:42:34 [restartedMain] TRACE o.s.b.f.s.DefaultListableBeanFactory - Returning cached instance of singleton bean 'securityParser'
2025-11-28 16:42:34 [restartedMain] TRACE o.s.b.f.s.DefaultListableBeanFactory - Returning cached instance of singleton bean 'parameterBuilder'
2025-11-28 16:42:34 [restartedMain] DEBUG o.s.b.f.s.DefaultListableBeanFactory - Creating shared instance of singleton bean 'springDocProviders'
2025-11-28 16:42:34 [restartedMain] TRACE o.s.b.f.s.DefaultListableBeanFactory - Creating instance of bean 'springDocProviders'
2025-11-28 16:42:34 [restartedMain] TRACE o.s.b.f.s.DefaultListableBeanFactory - Returning cached instance of singleton bean 'org.springframework.transaction.config.internalTransactionAdvisor'
2025-11-28 16:42:34 [restartedMain] TRACE o.s.b.f.s.DefaultListableBeanFactory - Returning cached instance of singleton bean 'org.springdoc.core.configuration.SpringDocConfiguration'
2025-11-28 16:42:34 [restartedMain] DEBUG o.s.b.f.s.DefaultListableBeanFactory - Creating shared instance of singleton bean 'routerFunctionProvider'
2025-11-28 16:42:34 [restartedMain] TRACE o.s.b.f.s.DefaultListableBeanFactory - Creating instance of bean 'routerFunctionProvider'
2025-11-28 16:42:34 [restartedMain] TRACE o.s.b.f.s.DefaultListableBeanFactory - Returning cached instance of singleton bean 'org.springframework.transaction.config.internalTransactionAdvisor'
2025-11-28 16:42:34 [restartedMain] DEBUG o.s.b.f.s.DefaultListableBeanFactory - Creating shared instance of singleton bean 'org.springdoc.webmvc.core.configuration.SpringDocWebMvcConfiguration$SpringDocWebMvcRouterConfiguration'
2025-11-28 16:42:34 [restartedMain] TRACE o.s.b.f.s.DefaultListableBeanFactory - Creating instance of bean 'org.springdoc.webmvc.core.configuration.SpringDocWebMvcConfiguration$SpringDocWebMvcRouterConfiguration'
2025-11-28 16:42:34 [restartedMain] TRACE o.s.b.f.s.DefaultListableBeanFactory - Returning cached instance of singleton bean 'org.springframework.transaction.config.internalTransactionAdvisor'
2025-11-28 16:42:34 [restartedMain] TRACE o.s.b.f.s.DefaultListableBeanFactory - Returning cached instance of singleton bean 'org.springframework.transaction.config.internalTransactionAdvisor'
2025-11-28 16:42:34 [restartedMain] TRACE o.s.b.f.s.DefaultListableBeanFactory - Returning cached instance of singleton bean 'org.springframework.transaction.config.internalTransactionAdvisor'
2025-11-28 16:42:34 [restartedMain] TRACE o.s.b.f.s.DefaultListableBeanFactory - Finished creating instance of bean 'org.springdoc.webmvc.core.configuration.SpringDocWebMvcConfiguration$SpringDocWebMvcRouterConfiguration'
2025-11-28 16:42:34 [restartedMain] TRACE o.s.b.f.s.DefaultListableBeanFactory - Returning cached instance of singleton bean 'org.springframework.transaction.config.internalTransactionAdvisor'
2025-11-28 16:42:34 [restartedMain] TRACE o.s.b.f.s.DefaultListableBeanFactory - Returning cached instance of singleton bean 'org.springframework.transaction.config.internalTransactionAdvisor'
2025-11-28 16:42:34 [restartedMain] TRACE o.s.b.f.s.DefaultListableBeanFactory - Finished creating instance of bean 'routerFunctionProvider'
2025-11-28 16:42:34 [restartedMain] TRACE o.s.b.f.s.DefaultListableBeanFactory - Returning cached instance of singleton bean 'springWebProvider'
2025-11-28 16:42:34 [restartedMain] TRACE o.s.b.f.s.DefaultListableBeanFactory - Returning cached instance of singleton bean 'springdocObjectMapperProvider'
2025-11-28 16:42:34 [restartedMain] DEBUG o.s.b.f.s.DefaultListableBeanFactory - Autowiring by type from bean name 'springDocProviders' via factory method to bean named 'springdocObjectMapperProvider'
2025-11-28 16:42:34 [restartedMain] TRACE o.s.b.f.s.DefaultListableBeanFactory - Returning cached instance of singleton bean 'org.springframework.transaction.config.internalTransactionAdvisor'
2025-11-28 16:42:34 [restartedMain] TRACE o.s.b.f.s.DefaultListableBeanFactory - Returning cached instance of singleton bean 'org.springframework.transaction.config.internalTransactionAdvisor'
2025-11-28 16:42:34 [restartedMain] TRACE o.s.b.f.s.DefaultListableBeanFactory - Finished creating instance of bean 'springDocProviders'
2025-11-28 16:42:34 [restartedMain] TRACE o.s.b.f.s.DefaultListableBeanFactory - Returning cached instance of singleton bean 'springdocObjectMapperProvider'
2025-11-28 16:42:34 [restartedMain] DEBUG o.s.b.f.s.DefaultListableBeanFactory - Creating shared instance of singleton bean 'springDocCustomizers'
2025-11-28 16:42:34 [restartedMain] TRACE o.s.b.f.s.DefaultListableBeanFactory - Creating instance of bean 'springDocCustomizers'
2025-11-28 16:42:34 [restartedMain] TRACE o.s.b.f.s.DefaultListableBeanFactory - Returning cached instance of singleton bean 'org.springframework.transaction.config.internalTransactionAdvisor'
2025-11-28 16:42:34 [restartedMain] TRACE o.s.b.f.s.DefaultListableBeanFactory - Returning cached instance of singleton bean 'org.springdoc.core.configuration.SpringDocConfiguration'
2025-11-28 16:42:34 [restartedMain] DEBUG o.s.b.f.s.DefaultListableBeanFactory - Creating shared instance of singleton bean 'globalOpenApiCustomizer'
2025-11-28 16:42:34 [restartedMain] TRACE o.s.b.f.s.DefaultListableBeanFactory - Creating instance of bean 'globalOpenApiCustomizer'
2025-11-28 16:42:34 [restartedMain] TRACE o.s.b.f.s.DefaultListableBeanFactory - Returning cached instance of singleton bean 'org.springframework.transaction.config.internalTransactionAdvisor'
2025-11-28 16:42:34 [restartedMain] TRACE o.s.b.f.s.DefaultListableBeanFactory - Returning cached instance of singleton bean 'org.springdoc.core.configuration.SpringDocConfiguration'
2025-11-28 16:42:34 [restartedMain] TRACE o.s.b.f.s.DefaultListableBeanFactory - Returning cached instance of singleton bean 'org.springframework.transaction.config.internalTransactionAdvisor'
2025-11-28 16:42:34 [restartedMain] TRACE o.s.b.f.s.DefaultListableBeanFactory - Returning cached instance of singleton bean 'org.springframework.transaction.config.internalTransactionAdvisor'
2025-11-28 16:42:34 [restartedMain] TRACE o.s.b.f.s.DefaultListableBeanFactory - Finished creating instance of bean 'globalOpenApiCustomizer'
2025-11-28 16:42:34 [restartedMain] TRACE o.s.b.f.s.DefaultListableBeanFactory - Returning cached instance of singleton bean 'queryDslQuerydslPredicateOperationCustomizer'
2025-11-28 16:42:34 [restartedMain] TRACE o.s.b.f.s.DefaultListableBeanFactory - Returning cached instance of singleton bean 'queryDslQuerydslPredicateOperationCustomizer'
2025-11-28 16:42:34 [restartedMain] TRACE o.s.b.f.s.DefaultListableBeanFactory - Returning cached instance of singleton bean 'queryDslQuerydslPredicateOperationCustomizer'
2025-11-28 16:42:34 [restartedMain] TRACE o.s.b.f.s.DefaultListableBeanFactory - Returning cached instance of singleton bean 'queryDslQuerydslPredicateOperationCustomizer'
2025-11-28 16:42:34 [restartedMain] TRACE o.s.b.f.s.DefaultListableBeanFactory - Returning cached instance of singleton bean 'globalOpenApiCustomizer'
2025-11-28 16:42:34 [restartedMain] TRACE o.s.b.f.s.DefaultListableBeanFactory - Returning cached instance of singleton bean 'queryDslQuerydslPredicateOperationCustomizer'
2025-11-28 16:42:34 [restartedMain] TRACE o.s.b.f.s.DefaultListableBeanFactory - Returning cached instance of singleton bean 'queryDslQuerydslPredicateOperationCustomizer'
2025-11-28 16:42:34 [restartedMain] TRACE o.s.b.f.s.DefaultListableBeanFactory - Returning cached instance of singleton bean 'queryDslQuerydslPredicateOperationCustomizer'
2025-11-28 16:42:34 [restartedMain] TRACE o.s.b.f.s.DefaultListableBeanFactory - Returning cached instance of singleton bean 'queryDslQuerydslPredicateOperationCustomizer'
2025-11-28 16:42:34 [restartedMain] TRACE o.s.b.f.s.DefaultListableBeanFactory - Invoking afterPropertiesSet() on bean with name 'springDocCustomizers'
2025-11-28 16:42:34 [restartedMain] TRACE o.s.b.f.s.DefaultListableBeanFactory - Returning cached instance of singleton bean 'globalOpenApiCustomizer'
2025-11-28 16:42:34 [restartedMain] TRACE o.s.b.f.s.DefaultListableBeanFactory - Returning cached instance of singleton bean 'org.springframework.transaction.config.internalTransactionAdvisor'
2025-11-28 16:42:34 [restartedMain] TRACE o.s.b.f.s.DefaultListableBeanFactory - Returning cached instance of singleton bean 'org.springframework.transaction.config.internalTransactionAdvisor'
2025-11-28 16:42:34 [restartedMain] TRACE o.s.b.f.s.DefaultListableBeanFactory - Finished creating instance of bean 'springDocCustomizers'
2025-11-28 16:42:34 [restartedMain] TRACE o.s.b.f.s.DefaultListableBeanFactory - Returning cached instance of singleton bean 'parameterObjectNamingStrategyCustomizer'
2025-11-28 16:42:34 [restartedMain] TRACE o.s.b.f.s.DefaultListableBeanFactory - Returning cached instance of singleton bean 'globalOpenApiCustomizer'
2025-11-28 16:42:34 [restartedMain] TRACE o.s.b.f.s.DefaultListableBeanFactory - Returning cached instance of singleton bean 'org.springdoc.core.configuration.SpringDocPageableConfiguration'
2025-11-28 16:42:34 [restartedMain] TRACE o.s.b.f.s.DefaultListableBeanFactory - Returning cached instance of singleton bean 'pageableOpenAPIConverter'
2025-11-28 16:42:34 [restartedMain] TRACE o.s.b.f.s.DefaultListableBeanFactory - Returning cached instance of singleton bean 'pageOpenAPIConverter'
2025-11-28 16:42:34 [restartedMain] TRACE o.s.b.f.s.DefaultListableBeanFactory - Returning cached instance of singleton bean 'dataRestDelegatingMethodParameterCustomizer'
2025-11-28 16:42:34 [restartedMain] DEBUG o.s.b.f.s.DefaultListableBeanFactory - Creating shared instance of singleton bean 'org.springdoc.core.configuration.SpringDocSecurityConfiguration$SpringSecurityLoginEndpointConfiguration'
2025-11-28 16:42:34 [restartedMain] TRACE o.s.b.f.s.DefaultListableBeanFactory - Creating instance of bean 'org.springdoc.core.configuration.SpringDocSecurityConfiguration$SpringSecurityLoginEndpointConfiguration'
2025-11-28 16:42:34 [restartedMain] TRACE o.s.b.f.s.DefaultListableBeanFactory - Returning cached instance of singleton bean 'org.springframework.transaction.config.internalTransactionAdvisor'
2025-11-28 16:42:34 [restartedMain] DEBUG o.s.b.f.s.DefaultListableBeanFactory - Creating shared instance of singleton bean 'org.springdoc.core.configuration.SpringDocSecurityConfiguration'
2025-11-28 16:42:34 [restartedMain] TRACE o.s.b.f.s.DefaultListableBeanFactory - Creating instance of bean 'org.springdoc.core.configuration.SpringDocSecurityConfiguration'
2025-11-28 16:42:34 [restartedMain] TRACE o.s.b.f.s.DefaultListableBeanFactory - Returning cached instance of singleton bean 'org.springframework.transaction.config.internalTransactionAdvisor'
2025-11-28 16:42:34 [restartedMain] TRACE o.s.b.f.s.DefaultListableBeanFactory - Returning cached instance of singleton bean 'org.springframework.transaction.config.internalTransactionAdvisor'
2025-11-28 16:42:34 [restartedMain] TRACE o.s.b.f.s.DefaultListableBeanFactory - Returning cached instance of singleton bean 'org.springframework.transaction.config.internalTransactionAdvisor'
2025-11-28 16:42:34 [restartedMain] TRACE o.s.b.f.s.DefaultListableBeanFactory - Finished creating instance of bean 'org.springdoc.core.configuration.SpringDocSecurityConfiguration'
2025-11-28 16:42:34 [restartedMain] DEBUG o.s.b.f.s.DefaultListableBeanFactory - Autowiring by type from bean name 'org.springdoc.core.configuration.SpringDocSecurityConfiguration$SpringSecurityLoginEndpointConfiguration' via constructor to bean named 'org.springdoc.core.configuration.SpringDocSecurityConfiguration'
2025-11-28 16:42:34 [restartedMain] TRACE o.s.b.f.s.DefaultListableBeanFactory - Returning cached instance of singleton bean 'org.springframework.transaction.config.internalTransactionAdvisor'
2025-11-28 16:42:34 [restartedMain] TRACE o.s.b.f.s.DefaultListableBeanFactory - Returning cached instance of singleton bean 'org.springframework.transaction.config.internalTransactionAdvisor'
2025-11-28 16:42:34 [restartedMain] TRACE o.s.b.f.s.DefaultListableBeanFactory - Finished creating instance of bean 'org.springdoc.core.configuration.SpringDocSecurityConfiguration$SpringSecurityLoginEndpointConfiguration'
2025-11-28 16:42:34 [restartedMain] TRACE o.s.b.f.s.DefaultListableBeanFactory - Returning cached instance of singleton bean 'org.springdoc.core.configuration.SpringDocSecurityConfiguration'
2025-11-28 16:42:34 [restartedMain] TRACE o.s.b.f.s.DefaultListableBeanFactory - Returning cached instance of singleton bean 'org.springdoc.core.configuration.SpringDocSortConfiguration'
2025-11-28 16:42:34 [restartedMain] TRACE o.s.b.f.s.DefaultListableBeanFactory - Returning cached instance of singleton bean 'sortOpenAPIConverter'
2025-11-28 16:42:34 [restartedMain] DEBUG o.s.b.f.s.DefaultListableBeanFactory - Creating shared instance of singleton bean 'org.springdoc.core.configuration.SpringDocUIConfiguration'
2025-11-28 16:42:34 [restartedMain] TRACE o.s.b.f.s.DefaultListableBeanFactory - Creating instance of bean 'org.springdoc.core.configuration.SpringDocUIConfiguration'
2025-11-28 16:42:34 [restartedMain] TRACE o.s.b.f.s.DefaultListableBeanFactory - Returning cached instance of singleton bean 'org.springframework.transaction.config.internalTransactionAdvisor'
2025-11-28 16:42:34 [restartedMain] TRACE o.s.b.f.s.DefaultListableBeanFactory - Returning cached instance of singleton bean 'org.springdoc.core.properties.SwaggerUiConfigProperties'
2025-11-28 16:42:34 [restartedMain] TRACE o.s.b.f.s.DefaultListableBeanFactory - Invoking afterPropertiesSet() on bean with name 'org.springdoc.core.configuration.SpringDocUIConfiguration'
2025-11-28 16:42:34 [restartedMain] TRACE o.s.b.f.s.DefaultListableBeanFactory - Returning cached instance of singleton bean 'org.springframework.transaction.config.internalTransactionAdvisor'
2025-11-28 16:42:34 [restartedMain] TRACE o.s.b.f.s.DefaultListableBeanFactory - Returning cached instance of singleton bean 'org.springframework.transaction.config.internalTransactionAdvisor'
2025-11-28 16:42:34 [restartedMain] TRACE o.s.b.f.s.DefaultListableBeanFactory - Finished creating instance of bean 'org.springdoc.core.configuration.SpringDocUIConfiguration'
2025-11-28 16:42:34 [restartedMain] TRACE o.s.b.f.s.DefaultListableBeanFactory - Returning cached instance of singleton bean 'org.springdoc.core.properties.SpringDocConfigProperties'
2025-11-28 16:42:34 [restartedMain] TRACE o.s.b.f.s.DefaultListableBeanFactory - Returning cached instance of singleton bean 'org.springdoc.core.properties.SwaggerUiConfigProperties'
2025-11-28 16:42:34 [restartedMain] TRACE o.s.b.f.s.DefaultListableBeanFactory - Returning cached instance of singleton bean 'org.springdoc.core.properties.SwaggerUiOAuthProperties'
2025-11-28 16:42:34 [restartedMain] TRACE o.s.b.f.s.DefaultListableBeanFactory - Returning cached instance of singleton bean 'org.springdoc.webmvc.core.configuration.SpringDocWebMvcConfiguration$SpringDocWebMvcRouterConfiguration'
2025-11-28 16:42:34 [restartedMain] TRACE o.s.b.f.s.DefaultListableBeanFactory - Returning cached instance of singleton bean 'routerFunctionProvider'
2025-11-28 16:42:34 [restartedMain] TRACE o.s.b.f.s.DefaultListableBeanFactory - Returning cached instance of singleton bean 'org.springdoc.webmvc.core.configuration.SpringDocWebMvcConfiguration'
2025-11-28 16:42:34 [restartedMain] DEBUG o.s.b.f.s.DefaultListableBeanFactory - Creating shared instance of singleton bean 'openApiResource'
2025-11-28 16:42:34 [restartedMain] TRACE o.s.b.f.s.DefaultListableBeanFactory - Creating instance of bean 'openApiResource'
2025-11-28 16:42:34 [restartedMain] TRACE o.s.b.f.s.DefaultListableBeanFactory - Returning cached instance of singleton bean 'org.springframework.transaction.config.internalTransactionAdvisor'
2025-11-28 16:42:34 [restartedMain] TRACE o.s.b.f.s.DefaultListableBeanFactory - Returning cached instance of singleton bean 'org.springdoc.webmvc.core.configuration.SpringDocWebMvcConfiguration'
2025-11-28 16:42:34 [restartedMain] DEBUG o.s.b.f.s.DefaultListableBeanFactory - Creating shared instance of singleton bean 'requestBuilder'
2025-11-28 16:42:34 [restartedMain] TRACE o.s.b.f.s.DefaultListableBeanFactory - Creating instance of bean 'requestBuilder'
2025-11-28 16:42:34 [restartedMain] TRACE o.s.b.f.s.DefaultListableBeanFactory - Returning cached instance of singleton bean 'org.springframework.transaction.config.internalTransactionAdvisor'
2025-11-28 16:42:34 [restartedMain] TRACE o.s.b.f.s.DefaultListableBeanFactory - Returning cached instance of singleton bean 'org.springdoc.webmvc.core.configuration.SpringDocWebMvcConfiguration'
2025-11-28 16:42:34 [restartedMain] TRACE o.s.b.f.s.DefaultListableBeanFactory - Returning cached instance of singleton bean 'parameterBuilder'
2025-11-28 16:42:34 [restartedMain] TRACE o.s.b.f.s.DefaultListableBeanFactory - Returning cached instance of singleton bean 'requestBodyBuilder'
2025-11-28 16:42:34 [restartedMain] TRACE o.s.b.f.s.DefaultListableBeanFactory - Returning cached instance of singleton bean 'localSpringDocParameterNameDiscoverer'
2025-11-28 16:42:34 [restartedMain] DEBUG o.s.b.f.s.DefaultListableBeanFactory - Autowiring by type from bean name 'requestBuilder' via factory method to bean named 'parameterBuilder'
2025-11-28 16:42:34 [restartedMain] DEBUG o.s.b.f.s.DefaultListableBeanFactory - Autowiring by type from bean name 'requestBuilder' via factory method to bean named 'requestBodyBuilder'
2025-11-28 16:42:34 [restartedMain] DEBUG o.s.b.f.s.DefaultListableBeanFactory - Autowiring by type from bean name 'requestBuilder' via factory method to bean named 'localSpringDocParameterNameDiscoverer'
2025-11-28 16:42:34 [restartedMain] TRACE o.s.b.f.s.DefaultListableBeanFactory - Returning cached instance of singleton bean 'org.springframework.transaction.config.internalTransactionAdvisor'
2025-11-28 16:42:34 [restartedMain] TRACE o.s.b.f.s.DefaultListableBeanFactory - Returning cached instance of singleton bean 'org.springframework.transaction.config.internalTransactionAdvisor'
2025-11-28 16:42:34 [restartedMain] TRACE o.s.b.f.s.DefaultListableBeanFactory - Finished creating instance of bean 'requestBuilder'
2025-11-28 16:42:34 [restartedMain] DEBUG o.s.b.f.s.DefaultListableBeanFactory - Creating shared instance of singleton bean 'responseBuilder'
2025-11-28 16:42:34 [restartedMain] TRACE o.s.b.f.s.DefaultListableBeanFactory - Creating instance of bean 'responseBuilder'
2025-11-28 16:42:34 [restartedMain] TRACE o.s.b.f.s.DefaultListableBeanFactory - Returning cached instance of singleton bean 'org.springframework.transaction.config.internalTransactionAdvisor'
2025-11-28 16:42:34 [restartedMain] TRACE o.s.b.f.s.DefaultListableBeanFactory - Returning cached instance of singleton bean 'org.springdoc.webmvc.core.configuration.SpringDocWebMvcConfiguration'
2025-11-28 16:42:34 [restartedMain] TRACE o.s.b.f.s.DefaultListableBeanFactory - Returning cached instance of singleton bean 'operationBuilder'
2025-11-28 16:42:34 [restartedMain] TRACE o.s.b.f.s.DefaultListableBeanFactory - Returning cached instance of singleton bean 'org.springdoc.core.properties.SpringDocConfigProperties'
2025-11-28 16:42:34 [restartedMain] TRACE o.s.b.f.s.DefaultListableBeanFactory - Returning cached instance of singleton bean 'propertyResolverUtils'
2025-11-28 16:42:34 [restartedMain] DEBUG o.s.b.f.s.DefaultListableBeanFactory - Autowiring by type from bean name 'responseBuilder' via factory method to bean named 'operationBuilder'
2025-11-28 16:42:34 [restartedMain] DEBUG o.s.b.f.s.DefaultListableBeanFactory - Autowiring by type from bean name 'responseBuilder' via factory method to bean named 'org.springdoc.core.properties.SpringDocConfigProperties'
2025-11-28 16:42:34 [restartedMain] DEBUG o.s.b.f.s.DefaultListableBeanFactory - Autowiring by type from bean name 'responseBuilder' via factory method to bean named 'propertyResolverUtils'
2025-11-28 16:42:34 [restartedMain] TRACE o.s.b.f.s.DefaultListableBeanFactory - Returning cached instance of singleton bean 'org.springframework.transaction.config.internalTransactionAdvisor'
2025-11-28 16:42:34 [restartedMain] TRACE o.s.b.f.s.DefaultListableBeanFactory - Returning cached instance of singleton bean 'org.springframework.transaction.config.internalTransactionAdvisor'
2025-11-28 16:42:34 [restartedMain] TRACE o.s.b.f.s.DefaultListableBeanFactory - Finished creating instance of bean 'responseBuilder'
2025-11-28 16:42:34 [restartedMain] TRACE o.s.b.f.s.DefaultListableBeanFactory - Returning cached instance of singleton bean 'operationBuilder'
2025-11-28 16:42:34 [restartedMain] TRACE o.s.b.f.s.DefaultListableBeanFactory - Returning cached instance of singleton bean 'org.springdoc.core.properties.SpringDocConfigProperties'
2025-11-28 16:42:34 [restartedMain] TRACE o.s.b.f.s.DefaultListableBeanFactory - Returning cached instance of singleton bean 'springDocProviders'
2025-11-28 16:42:34 [restartedMain] TRACE o.s.b.f.s.DefaultListableBeanFactory - Returning cached instance of singleton bean 'springDocCustomizers'
2025-11-28 16:42:34 [restartedMain] DEBUG o.s.b.f.s.DefaultListableBeanFactory - Autowiring by type from bean name 'openApiResource' via factory method to bean named 'requestBuilder'
2025-11-28 16:42:34 [restartedMain] DEBUG o.s.b.f.s.DefaultListableBeanFactory - Autowiring by type from bean name 'openApiResource' via factory method to bean named 'responseBuilder'
2025-11-28 16:42:34 [restartedMain] DEBUG o.s.b.f.s.DefaultListableBeanFactory - Autowiring by type from bean name 'openApiResource' via factory method to bean named 'operationBuilder'
2025-11-28 16:42:34 [restartedMain] DEBUG o.s.b.f.s.DefaultListableBeanFactory - Autowiring by type from bean name 'openApiResource' via factory method to bean named 'org.springdoc.core.properties.SpringDocConfigProperties'
2025-11-28 16:42:34 [restartedMain] DEBUG o.s.b.f.s.DefaultListableBeanFactory - Autowiring by type from bean name 'openApiResource' via factory method to bean named 'springDocProviders'
2025-11-28 16:42:34 [restartedMain] DEBUG o.s.b.f.s.DefaultListableBeanFactory - Autowiring by type from bean name 'openApiResource' via factory method to bean named 'springDocCustomizers'
2025-11-28 16:42:34 [restartedMain] TRACE o.s.b.f.s.DefaultListableBeanFactory - Returning cached instance of singleton bean 'openAPIBuilder'
2025-11-28 16:42:34 [restartedMain] TRACE o.s.b.f.s.DefaultListableBeanFactory - Returning cached instance of singleton bean 'org.springframework.transaction.config.internalTransactionAdvisor'
2025-11-28 16:42:34 [restartedMain] TRACE o.s.b.f.s.DefaultListableBeanFactory - Returning cached instance of singleton bean 'org.springframework.transaction.config.internalTransactionAdvisor'
2025-11-28 16:42:34 [restartedMain] TRACE o.s.b.f.s.DefaultListableBeanFactory - Finished creating instance of bean 'openApiResource'
2025-11-28 16:42:34 [restartedMain] TRACE o.s.b.f.s.DefaultListableBeanFactory - Returning cached instance of singleton bean 'requestBuilder'
2025-11-28 16:42:34 [restartedMain] TRACE o.s.b.f.s.DefaultListableBeanFactory - Returning cached instance of singleton bean 'springWebProvider'
2025-11-28 16:42:34 [restartedMain] TRACE o.s.b.f.s.DefaultListableBeanFactory - Returning cached instance of singleton bean 'responseBuilder'
2025-11-28 16:42:34 [restartedMain] TRACE o.s.b.f.s.DefaultListableBeanFactory - Returning cached instance of singleton bean 'org.springdoc.webmvc.ui.SwaggerConfig'
2025-11-28 16:42:34 [restartedMain] TRACE o.s.b.f.s.DefaultListableBeanFactory - Returning cached instance of singleton bean 'swaggerWelcome'
2025-11-28 16:42:34 [restartedMain] DEBUG o.s.b.f.s.DefaultListableBeanFactory - Creating shared instance of singleton bean 'swaggerConfigResource'
2025-11-28 16:42:34 [restartedMain] TRACE o.s.b.f.s.DefaultListableBeanFactory - Creating instance of bean 'swaggerConfigResource'
2025-11-28 16:42:34 [restartedMain] TRACE o.s.b.f.s.DefaultListableBeanFactory - Returning cached instance of singleton bean 'org.springframework.transaction.config.internalTransactionAdvisor'
2025-11-28 16:42:34 [restartedMain] TRACE o.s.b.f.s.DefaultListableBeanFactory - Returning cached instance of singleton bean 'org.springdoc.webmvc.ui.SwaggerConfig'
2025-11-28 16:42:34 [restartedMain] TRACE o.s.b.f.s.DefaultListableBeanFactory - Returning cached instance of singleton bean 'swaggerWelcome'
2025-11-28 16:42:34 [restartedMain] DEBUG o.s.b.f.s.DefaultListableBeanFactory - Autowiring by type from bean name 'swaggerConfigResource' via factory method to bean named 'swaggerWelcome'
2025-11-28 16:42:34 [restartedMain] TRACE o.s.b.f.s.DefaultListableBeanFactory - Returning cached instance of singleton bean 'org.springframework.transaction.config.internalTransactionAdvisor'
2025-11-28 16:42:34 [restartedMain] TRACE o.s.b.f.s.DefaultListableBeanFactory - Returning cached instance of singleton bean 'org.springframework.transaction.config.internalTransactionAdvisor'
2025-11-28 16:42:34 [restartedMain] TRACE o.s.b.f.s.DefaultListableBeanFactory - Finished creating instance of bean 'swaggerConfigResource'
2025-11-28 16:42:34 [restartedMain] TRACE o.s.b.f.s.DefaultListableBeanFactory - Returning cached instance of singleton bean 'indexPageTransformer'
2025-11-28 16:42:34 [restartedMain] TRACE o.s.b.f.s.DefaultListableBeanFactory - Returning cached instance of singleton bean 'swaggerWebMvcConfigurer'
2025-11-28 16:42:34 [restartedMain] TRACE o.s.b.f.s.DefaultListableBeanFactory - Returning cached instance of singleton bean 'swaggerResourceResolver'
2025-11-28 16:42:34 [restartedMain] DEBUG o.s.b.f.s.DefaultListableBeanFactory - Creating shared instance of singleton bean 'org.springframework.boot.autoconfigure.jmx.JmxAutoConfiguration'
2025-11-28 16:42:34 [restartedMain] TRACE o.s.b.f.s.DefaultListableBeanFactory - Creating instance of bean 'org.springframework.boot.autoconfigure.jmx.JmxAutoConfiguration'
2025-11-28 16:42:34 [restartedMain] TRACE o.s.b.f.s.DefaultListableBeanFactory - Returning cached instance of singleton bean 'org.springframework.transaction.config.internalTransactionAdvisor'
2025-11-28 16:42:34 [restartedMain] DEBUG o.s.b.f.s.DefaultListableBeanFactory - Creating shared instance of singleton bean 'spring.jmx-org.springframework.boot.autoconfigure.jmx.JmxProperties'
2025-11-28 16:42:34 [restartedMain] TRACE o.s.b.f.s.DefaultListableBeanFactory - Creating instance of bean 'spring.jmx-org.springframework.boot.autoconfigure.jmx.JmxProperties'
2025-11-28 16:42:34 [restartedMain] TRACE o.s.b.f.s.DefaultListableBeanFactory - Returning cached instance of singleton bean 'org.springframework.transaction.config.internalTransactionAdvisor'
2025-11-28 16:42:34 [restartedMain] TRACE o.s.b.f.s.DefaultListableBeanFactory - Returning cached instance of singleton bean 'org.springframework.boot.context.properties.BoundConfigurationProperties'
2025-11-28 16:42:34 [restartedMain] TRACE o.s.b.f.s.DefaultListableBeanFactory - Returning cached instance of singleton bean 'org.springframework.transaction.config.internalTransactionAdvisor'
2025-11-28 16:42:34 [restartedMain] TRACE o.s.b.f.s.DefaultListableBeanFactory - Returning cached instance of singleton bean 'org.springframework.transaction.config.internalTransactionAdvisor'
2025-11-28 16:42:34 [restartedMain] TRACE o.s.b.f.s.DefaultListableBeanFactory - Finished creating instance of bean 'spring.jmx-org.springframework.boot.autoconfigure.jmx.JmxProperties'
2025-11-28 16:42:34 [restartedMain] DEBUG o.s.b.f.s.DefaultListableBeanFactory - Autowiring by type from bean name 'org.springframework.boot.autoconfigure.jmx.JmxAutoConfiguration' via constructor to bean named 'spring.jmx-org.springframework.boot.autoconfigure.jmx.JmxProperties'
2025-11-28 16:42:34 [restartedMain] TRACE o.s.b.f.s.DefaultListableBeanFactory - Returning cached instance of singleton bean 'org.springframework.transaction.config.internalTransactionAdvisor'
2025-11-28 16:42:34 [restartedMain] TRACE o.s.b.f.s.DefaultListableBeanFactory - Returning cached instance of singleton bean 'org.springframework.transaction.config.internalTransactionAdvisor'
2025-11-28 16:42:34 [restartedMain] TRACE o.s.b.f.s.DefaultListableBeanFactory - Finished creating instance of bean 'org.springframework.boot.autoconfigure.jmx.JmxAutoConfiguration'
2025-11-28 16:42:34 [restartedMain] DEBUG o.s.b.f.s.DefaultListableBeanFactory - Creating shared instance of singleton bean 'mbeanExporter'
2025-11-28 16:42:34 [restartedMain] TRACE o.s.b.f.s.DefaultListableBeanFactory - Creating instance of bean 'mbeanExporter'
2025-11-28 16:42:34 [restartedMain] TRACE o.s.b.f.s.DefaultListableBeanFactory - Returning cached instance of singleton bean 'org.springframework.transaction.config.internalTransactionAdvisor'
2025-11-28 16:42:34 [restartedMain] TRACE o.s.b.f.s.DefaultListableBeanFactory - Returning cached instance of singleton bean 'org.springframework.boot.autoconfigure.jmx.JmxAutoConfiguration'
2025-11-28 16:42:34 [restartedMain] DEBUG o.s.b.f.s.DefaultListableBeanFactory - Creating shared instance of singleton bean 'objectNamingStrategy'
2025-11-28 16:42:34 [restartedMain] TRACE o.s.b.f.s.DefaultListableBeanFactory - Creating instance of bean 'objectNamingStrategy'
2025-11-28 16:42:34 [restartedMain] TRACE o.s.b.f.s.DefaultListableBeanFactory - Returning cached instance of singleton bean 'org.springframework.transaction.config.internalTransactionAdvisor'
2025-11-28 16:42:34 [restartedMain] TRACE o.s.b.f.s.DefaultListableBeanFactory - Returning cached instance of singleton bean 'org.springframework.boot.autoconfigure.jmx.JmxAutoConfiguration'
2025-11-28 16:42:34 [restartedMain] TRACE o.s.b.f.s.DefaultListableBeanFactory - Invoking afterPropertiesSet() on bean with name 'objectNamingStrategy'
2025-11-28 16:42:34 [restartedMain] TRACE o.s.b.f.s.DefaultListableBeanFactory - Returning cached instance of singleton bean 'org.springframework.transaction.config.internalTransactionAdvisor'
2025-11-28 16:42:34 [restartedMain] TRACE o.s.b.f.s.DefaultListableBeanFactory - Returning cached instance of singleton bean 'org.springframework.transaction.config.internalTransactionAdvisor'
2025-11-28 16:42:34 [restartedMain] TRACE o.s.b.f.s.DefaultListableBeanFactory - Finished creating instance of bean 'objectNamingStrategy'
2025-11-28 16:42:34 [restartedMain] DEBUG o.s.b.f.s.DefaultListableBeanFactory - Autowiring by type from bean name 'mbeanExporter' via factory method to bean named 'objectNamingStrategy'
2025-11-28 16:42:34 [restartedMain] DEBUG o.s.b.f.s.DefaultListableBeanFactory - Autowiring by type from bean name 'mbeanExporter' via factory method to bean named 'org.springframework.beans.factory.support.DefaultListableBeanFactory@79128d90'
2025-11-28 16:42:34 [restartedMain] DEBUG o.s.b.f.s.DefaultListableBeanFactory - Creating shared instance of singleton bean 'mbeanServer'
2025-11-28 16:42:34 [restartedMain] TRACE o.s.b.f.s.DefaultListableBeanFactory - Creating instance of bean 'mbeanServer'
2025-11-28 16:42:34 [restartedMain] TRACE o.s.b.f.s.DefaultListableBeanFactory - Returning cached instance of singleton bean 'org.springframework.transaction.config.internalTransactionAdvisor'
2025-11-28 16:42:34 [restartedMain] TRACE o.s.b.f.s.DefaultListableBeanFactory - Returning cached instance of singleton bean 'org.springframework.boot.autoconfigure.jmx.JmxAutoConfiguration'
2025-11-28 16:42:34 [restartedMain] TRACE o.s.b.f.s.DefaultListableBeanFactory - Returning cached instance of singleton bean 'org.springframework.transaction.config.internalTransactionAdvisor'
2025-11-28 16:42:34 [restartedMain] TRACE o.s.b.f.s.DefaultListableBeanFactory - Returning cached instance of singleton bean 'org.springframework.transaction.config.internalTransactionAdvisor'
2025-11-28 16:42:34 [restartedMain] TRACE o.s.b.f.s.DefaultListableBeanFactory - Finished creating instance of bean 'mbeanServer'
2025-11-28 16:42:34 [restartedMain] TRACE o.s.b.f.s.DefaultListableBeanFactory - Invoking afterPropertiesSet() on bean with name 'mbeanExporter'
2025-11-28 16:42:34 [restartedMain] TRACE o.s.b.f.s.DefaultListableBeanFactory - Returning cached instance of singleton bean 'org.springframework.transaction.config.internalTransactionAdvisor'
2025-11-28 16:42:34 [restartedMain] TRACE o.s.b.f.s.DefaultListableBeanFactory - Returning cached instance of singleton bean 'org.springframework.transaction.config.internalTransactionAdvisor'
2025-11-28 16:42:34 [restartedMain] TRACE o.s.b.f.s.DefaultListableBeanFactory - Finished creating instance of bean 'mbeanExporter'
2025-11-28 16:42:34 [restartedMain] TRACE o.s.b.f.s.DefaultListableBeanFactory - Returning cached instance of singleton bean 'objectNamingStrategy'
2025-11-28 16:42:34 [restartedMain] TRACE o.s.b.f.s.DefaultListableBeanFactory - Returning cached instance of singleton bean 'mbeanServer'
2025-11-28 16:42:34 [restartedMain] TRACE o.s.b.f.s.DefaultListableBeanFactory - Returning cached instance of singleton bean 'spring.jmx-org.springframework.boot.autoconfigure.jmx.JmxProperties'
2025-11-28 16:42:34 [restartedMain] DEBUG o.s.b.f.s.DefaultListableBeanFactory - Creating shared instance of singleton bean 'org.springframework.boot.autoconfigure.admin.SpringApplicationAdminJmxAutoConfiguration'
2025-11-28 16:42:34 [restartedMain] TRACE o.s.b.f.s.DefaultListableBeanFactory - Creating instance of bean 'org.springframework.boot.autoconfigure.admin.SpringApplicationAdminJmxAutoConfiguration'
2025-11-28 16:42:34 [restartedMain] TRACE o.s.b.f.s.DefaultListableBeanFactory - Returning cached instance of singleton bean 'org.springframework.transaction.config.internalTransactionAdvisor'
2025-11-28 16:42:34 [restartedMain] TRACE o.s.b.f.s.DefaultListableBeanFactory - Returning cached instance of singleton bean 'org.springframework.transaction.config.internalTransactionAdvisor'
2025-11-28 16:42:34 [restartedMain] TRACE o.s.b.f.s.DefaultListableBeanFactory - Returning cached instance of singleton bean 'org.springframework.transaction.config.internalTransactionAdvisor'
2025-11-28 16:42:34 [restartedMain] TRACE o.s.b.f.s.DefaultListableBeanFactory - Finished creating instance of bean 'org.springframework.boot.autoconfigure.admin.SpringApplicationAdminJmxAutoConfiguration'
2025-11-28 16:42:34 [restartedMain] DEBUG o.s.b.f.s.DefaultListableBeanFactory - Creating shared instance of singleton bean 'springApplicationAdminRegistrar'
2025-11-28 16:42:34 [restartedMain] TRACE o.s.b.f.s.DefaultListableBeanFactory - Creating instance of bean 'springApplicationAdminRegistrar'
2025-11-28 16:42:34 [restartedMain] TRACE o.s.b.f.s.DefaultListableBeanFactory - Returning cached instance of singleton bean 'org.springframework.transaction.config.internalTransactionAdvisor'
2025-11-28 16:42:34 [restartedMain] TRACE o.s.b.f.s.DefaultListableBeanFactory - Returning cached instance of singleton bean 'org.springframework.boot.autoconfigure.admin.SpringApplicationAdminJmxAutoConfiguration'
2025-11-28 16:42:34 [restartedMain] TRACE o.s.b.f.s.DefaultListableBeanFactory - Returning cached instance of singleton bean 'environment'
2025-11-28 16:42:34 [restartedMain] DEBUG o.s.b.f.s.DefaultListableBeanFactory - Autowiring by type from bean name 'springApplicationAdminRegistrar' via factory method to bean named 'environment'
2025-11-28 16:42:34 [restartedMain] TRACE o.s.b.f.s.DefaultListableBeanFactory - Returning cached instance of singleton bean 'mbeanExporter'
2025-11-28 16:42:34 [restartedMain] TRACE o.s.b.f.s.DefaultListableBeanFactory - Returning cached instance of singleton bean 'mbeanExporter'
2025-11-28 16:42:34 [restartedMain] TRACE o.s.b.f.s.DefaultListableBeanFactory - Invoking afterPropertiesSet() on bean with name 'springApplicationAdminRegistrar'
2025-11-28 16:42:34 [restartedMain] TRACE o.s.b.f.s.DefaultListableBeanFactory - Returning cached instance of singleton bean 'org.springframework.transaction.config.internalTransactionAdvisor'
2025-11-28 16:42:34 [restartedMain] TRACE o.s.b.f.s.DefaultListableBeanFactory - Returning cached instance of singleton bean 'org.springframework.transaction.config.internalTransactionAdvisor'
2025-11-28 16:42:34 [restartedMain] TRACE o.s.b.f.s.DefaultListableBeanFactory - Finished creating instance of bean 'springApplicationAdminRegistrar'
2025-11-28 16:42:34 [restartedMain] DEBUG o.s.b.f.s.DefaultListableBeanFactory - Creating shared instance of singleton bean 'org.springframework.boot.autoconfigure.aop.AopAutoConfiguration$AspectJAutoProxyingConfiguration$CglibAutoProxyConfiguration'
2025-11-28 16:42:34 [restartedMain] TRACE o.s.b.f.s.DefaultListableBeanFactory - Creating instance of bean 'org.springframework.boot.autoconfigure.aop.AopAutoConfiguration$AspectJAutoProxyingConfiguration$CglibAutoProxyConfiguration'
2025-11-28 16:42:34 [restartedMain] TRACE o.s.b.f.s.DefaultListableBeanFactory - Returning cached instance of singleton bean 'org.springframework.transaction.config.internalTransactionAdvisor'
2025-11-28 16:42:34 [restartedMain] TRACE o.s.b.f.s.DefaultListableBeanFactory - Returning cached instance of singleton bean 'org.springframework.transaction.config.internalTransactionAdvisor'
2025-11-28 16:42:34 [restartedMain] TRACE o.s.b.f.s.DefaultListableBeanFactory - Returning cached instance of singleton bean 'org.springframework.transaction.config.internalTransactionAdvisor'
2025-11-28 16:42:34 [restartedMain] TRACE o.s.b.f.s.DefaultListableBeanFactory - Finished creating instance of bean 'org.springframework.boot.autoconfigure.aop.AopAutoConfiguration$AspectJAutoProxyingConfiguration$CglibAutoProxyConfiguration'
2025-11-28 16:42:34 [restartedMain] TRACE o.s.b.f.s.DefaultListableBeanFactory - Returning cached instance of singleton bean 'org.springframework.aop.config.internalAutoProxyCreator'
2025-11-28 16:42:34 [restartedMain] DEBUG o.s.b.f.s.DefaultListableBeanFactory - Creating shared instance of singleton bean 'org.springframework.boot.autoconfigure.aop.AopAutoConfiguration$AspectJAutoProxyingConfiguration'
2025-11-28 16:42:34 [restartedMain] TRACE o.s.b.f.s.DefaultListableBeanFactory - Creating instance of bean 'org.springframework.boot.autoconfigure.aop.AopAutoConfiguration$AspectJAutoProxyingConfiguration'
2025-11-28 16:42:34 [restartedMain] TRACE o.s.b.f.s.DefaultListableBeanFactory - Returning cached instance of singleton bean 'org.springframework.transaction.config.internalTransactionAdvisor'
2025-11-28 16:42:34 [restartedMain] TRACE o.s.b.f.s.DefaultListableBeanFactory - Returning cached instance of singleton bean 'org.springframework.transaction.config.internalTransactionAdvisor'
2025-11-28 16:42:34 [restartedMain] TRACE o.s.b.f.s.DefaultListableBeanFactory - Returning cached instance of singleton bean 'org.springframework.transaction.config.internalTransactionAdvisor'
2025-11-28 16:42:34 [restartedMain] TRACE o.s.b.f.s.DefaultListableBeanFactory - Finished creating instance of bean 'org.springframework.boot.autoconfigure.aop.AopAutoConfiguration$AspectJAutoProxyingConfiguration'
2025-11-28 16:42:34 [restartedMain] DEBUG o.s.b.f.s.DefaultListableBeanFactory - Creating shared instance of singleton bean 'org.springframework.boot.autoconfigure.aop.AopAutoConfiguration'
2025-11-28 16:42:34 [restartedMain] TRACE o.s.b.f.s.DefaultListableBeanFactory - Creating instance of bean 'org.springframework.boot.autoconfigure.aop.AopAutoConfiguration'
2025-11-28 16:42:34 [restartedMain] TRACE o.s.b.f.s.DefaultListableBeanFactory - Returning cached instance of singleton bean 'org.springframework.transaction.config.internalTransactionAdvisor'
2025-11-28 16:42:34 [restartedMain] TRACE o.s.b.f.s.DefaultListableBeanFactory - Returning cached instance of singleton bean 'org.springframework.transaction.config.internalTransactionAdvisor'
2025-11-28 16:42:34 [restartedMain] TRACE o.s.b.f.s.DefaultListableBeanFactory - Returning cached instance of singleton bean 'org.springframework.transaction.config.internalTransactionAdvisor'
2025-11-28 16:42:34 [restartedMain] TRACE o.s.b.f.s.DefaultListableBeanFactory - Finished creating instance of bean 'org.springframework.boot.autoconfigure.aop.AopAutoConfiguration'
2025-11-28 16:42:34 [restartedMain] DEBUG o.s.b.f.s.DefaultListableBeanFactory - Creating shared instance of singleton bean 'org.springframework.boot.autoconfigure.availability.ApplicationAvailabilityAutoConfiguration'
2025-11-28 16:42:34 [restartedMain] TRACE o.s.b.f.s.DefaultListableBeanFactory - Creating instance of bean 'org.springframework.boot.autoconfigure.availability.ApplicationAvailabilityAutoConfiguration'
2025-11-28 16:42:34 [restartedMain] TRACE o.s.b.f.s.DefaultListableBeanFactory - Returning cached instance of singleton bean 'org.springframework.transaction.config.internalTransactionAdvisor'
2025-11-28 16:42:34 [restartedMain] TRACE o.s.b.f.s.DefaultListableBeanFactory - Returning cached instance of singleton bean 'org.springframework.transaction.config.internalTransactionAdvisor'
2025-11-28 16:42:34 [restartedMain] TRACE o.s.b.f.s.DefaultListableBeanFactory - Returning cached instance of singleton bean 'org.springframework.transaction.config.internalTransactionAdvisor'
2025-11-28 16:42:34 [restartedMain] TRACE o.s.b.f.s.DefaultListableBeanFactory - Finished creating instance of bean 'org.springframework.boot.autoconfigure.availability.ApplicationAvailabilityAutoConfiguration'
2025-11-28 16:42:34 [restartedMain] DEBUG o.s.b.f.s.DefaultListableBeanFactory - Creating shared instance of singleton bean 'applicationAvailability'
2025-11-28 16:42:34 [restartedMain] TRACE o.s.b.f.s.DefaultListableBeanFactory - Creating instance of bean 'applicationAvailability'
2025-11-28 16:42:34 [restartedMain] TRACE o.s.b.f.s.DefaultListableBeanFactory - Returning cached instance of singleton bean 'org.springframework.transaction.config.internalTransactionAdvisor'
2025-11-28 16:42:34 [restartedMain] TRACE o.s.b.f.s.DefaultListableBeanFactory - Returning cached instance of singleton bean 'org.springframework.boot.autoconfigure.availability.ApplicationAvailabilityAutoConfiguration'
2025-11-28 16:42:34 [restartedMain] TRACE o.s.b.f.s.DefaultListableBeanFactory - Returning cached instance of singleton bean 'org.springframework.transaction.config.internalTransactionAdvisor'
2025-11-28 16:42:34 [restartedMain] TRACE o.s.b.f.s.DefaultListableBeanFactory - Returning cached instance of singleton bean 'org.springframework.transaction.config.internalTransactionAdvisor'
2025-11-28 16:42:34 [restartedMain] TRACE o.s.b.f.s.DefaultListableBeanFactory - Finished creating instance of bean 'applicationAvailability'
2025-11-28 16:42:34 [restartedMain] DEBUG o.s.b.f.s.DefaultListableBeanFactory - Creating shared instance of singleton bean 'org.springframework.boot.autoconfigure.transaction.jta.JtaAutoConfiguration'
2025-11-28 16:42:34 [restartedMain] TRACE o.s.b.f.s.DefaultListableBeanFactory - Creating instance of bean 'org.springframework.boot.autoconfigure.transaction.jta.JtaAutoConfiguration'
2025-11-28 16:42:34 [restartedMain] TRACE o.s.b.f.s.DefaultListableBeanFactory - Returning cached instance of singleton bean 'org.springframework.transaction.config.internalTransactionAdvisor'
2025-11-28 16:42:34 [restartedMain] TRACE o.s.b.f.s.DefaultListableBeanFactory - Returning cached instance of singleton bean 'org.springframework.transaction.config.internalTransactionAdvisor'
2025-11-28 16:42:34 [restartedMain] TRACE o.s.b.f.s.DefaultListableBeanFactory - Returning cached instance of singleton bean 'org.springframework.transaction.config.internalTransactionAdvisor'
2025-11-28 16:42:34 [restartedMain] TRACE o.s.b.f.s.DefaultListableBeanFactory - Finished creating instance of bean 'org.springframework.boot.autoconfigure.transaction.jta.JtaAutoConfiguration'
2025-11-28 16:42:34 [restartedMain] TRACE o.s.b.f.s.DefaultListableBeanFactory - Returning cached instance of singleton bean 'org.springframework.boot.autoconfigure.jdbc.DataSourceConfiguration$Hikari'
2025-11-28 16:42:34 [restartedMain] TRACE o.s.b.f.s.DefaultListableBeanFactory - Returning cached instance of singleton bean 'jdbcConnectionDetailsHikariBeanPostProcessor'
2025-11-28 16:42:34 [restartedMain] TRACE o.s.b.f.s.DefaultListableBeanFactory - Returning cached instance of singleton bean 'dataSource'
2025-11-28 16:42:34 [restartedMain] DEBUG o.s.b.f.s.DefaultListableBeanFactory - Creating shared instance of singleton bean 'org.springframework.boot.autoconfigure.jdbc.DataSourceJmxConfiguration$Hikari'
2025-11-28 16:42:34 [restartedMain] TRACE o.s.b.f.s.DefaultListableBeanFactory - Creating instance of bean 'org.springframework.boot.autoconfigure.jdbc.DataSourceJmxConfiguration$Hikari'
2025-11-28 16:42:34 [restartedMain] TRACE o.s.b.f.s.DefaultListableBeanFactory - Returning cached instance of singleton bean 'org.springframework.transaction.config.internalTransactionAdvisor'
2025-11-28 16:42:34 [restartedMain] TRACE o.s.b.f.s.DefaultListableBeanFactory - Returning cached instance of singleton bean 'dataSource'
2025-11-28 16:42:34 [restartedMain] DEBUG o.s.b.f.s.DefaultListableBeanFactory - Autowiring by type from bean name 'org.springframework.boot.autoconfigure.jdbc.DataSourceJmxConfiguration$Hikari' via constructor to bean named 'dataSource'
2025-11-28 16:42:34 [restartedMain] TRACE o.s.b.f.s.DefaultListableBeanFactory - Returning cached instance of singleton bean 'org.springframework.transaction.config.internalTransactionAdvisor'
2025-11-28 16:42:34 [restartedMain] TRACE o.s.b.f.s.DefaultListableBeanFactory - Returning cached instance of singleton bean 'org.springframework.transaction.config.internalTransactionAdvisor'
2025-11-28 16:42:34 [restartedMain] TRACE o.s.b.f.s.DefaultListableBeanFactory - Finished creating instance of bean 'org.springframework.boot.autoconfigure.jdbc.DataSourceJmxConfiguration$Hikari'
2025-11-28 16:42:34 [restartedMain] DEBUG o.s.b.f.s.DefaultListableBeanFactory - Creating shared instance of singleton bean 'org.springframework.boot.autoconfigure.jdbc.DataSourceJmxConfiguration'
2025-11-28 16:42:34 [restartedMain] TRACE o.s.b.f.s.DefaultListableBeanFactory - Creating instance of bean 'org.springframework.boot.autoconfigure.jdbc.DataSourceJmxConfiguration'
2025-11-28 16:42:34 [restartedMain] TRACE o.s.b.f.s.DefaultListableBeanFactory - Returning cached instance of singleton bean 'org.springframework.transaction.config.internalTransactionAdvisor'
2025-11-28 16:42:34 [restartedMain] TRACE o.s.b.f.s.DefaultListableBeanFactory - Returning cached instance of singleton bean 'org.springframework.transaction.config.internalTransactionAdvisor'
2025-11-28 16:42:34 [restartedMain] TRACE o.s.b.f.s.DefaultListableBeanFactory - Returning cached instance of singleton bean 'org.springframework.transaction.config.internalTransactionAdvisor'
2025-11-28 16:42:34 [restartedMain] TRACE o.s.b.f.s.DefaultListableBeanFactory - Finished creating instance of bean 'org.springframework.boot.autoconfigure.jdbc.DataSourceJmxConfiguration'
2025-11-28 16:42:34 [restartedMain] TRACE o.s.b.f.s.DefaultListableBeanFactory - Returning cached instance of singleton bean 'org.springframework.boot.autoconfigure.jdbc.DataSourceAutoConfiguration$PooledDataSourceConfiguration'
2025-11-28 16:42:34 [restartedMain] TRACE o.s.b.f.s.DefaultListableBeanFactory - Returning cached instance of singleton bean 'jdbcConnectionDetails'
2025-11-28 16:42:34 [restartedMain] TRACE o.s.b.f.s.DefaultListableBeanFactory - Returning cached instance of singleton bean 'org.springframework.boot.autoconfigure.jdbc.metadata.DataSourcePoolMetadataProvidersConfiguration$HikariPoolDataSourceMetadataProviderConfiguration'
2025-11-28 16:42:34 [restartedMain] TRACE o.s.b.f.s.DefaultListableBeanFactory - Returning cached instance of singleton bean 'hikariPoolDataSourceMetadataProvider'
2025-11-28 16:42:34 [restartedMain] DEBUG o.s.b.f.s.DefaultListableBeanFactory - Creating shared instance of singleton bean 'org.springframework.boot.autoconfigure.jdbc.metadata.DataSourcePoolMetadataProvidersConfiguration'
2025-11-28 16:42:34 [restartedMain] TRACE o.s.b.f.s.DefaultListableBeanFactory - Creating instance of bean 'org.springframework.boot.autoconfigure.jdbc.metadata.DataSourcePoolMetadataProvidersConfiguration'
2025-11-28 16:42:34 [restartedMain] TRACE o.s.b.f.s.DefaultListableBeanFactory - Returning cached instance of singleton bean 'org.springframework.transaction.config.internalTransactionAdvisor'
2025-11-28 16:42:34 [restartedMain] TRACE o.s.b.f.s.DefaultListableBeanFactory - Returning cached instance of singleton bean 'org.springframework.transaction.config.internalTransactionAdvisor'
2025-11-28 16:42:34 [restartedMain] TRACE o.s.b.f.s.DefaultListableBeanFactory - Returning cached instance of singleton bean 'org.springframework.transaction.config.internalTransactionAdvisor'
2025-11-28 16:42:34 [restartedMain] TRACE o.s.b.f.s.DefaultListableBeanFactory - Finished creating instance of bean 'org.springframework.boot.autoconfigure.jdbc.metadata.DataSourcePoolMetadataProvidersConfiguration'
2025-11-28 16:42:34 [restartedMain] DEBUG o.s.b.f.s.DefaultListableBeanFactory - Creating shared instance of singleton bean 'org.springframework.boot.autoconfigure.jdbc.DataSourceAutoConfiguration'
2025-11-28 16:42:34 [restartedMain] TRACE o.s.b.f.s.DefaultListableBeanFactory - Creating instance of bean 'org.springframework.boot.autoconfigure.jdbc.DataSourceAutoConfiguration'
2025-11-28 16:42:34 [restartedMain] TRACE o.s.b.f.s.DefaultListableBeanFactory - Returning cached instance of singleton bean 'org.springframework.transaction.config.internalTransactionAdvisor'
2025-11-28 16:42:34 [restartedMain] TRACE o.s.b.f.s.DefaultListableBeanFactory - Returning cached instance of singleton bean 'org.springframework.transaction.config.internalTransactionAdvisor'
2025-11-28 16:42:34 [restartedMain] TRACE o.s.b.f.s.DefaultListableBeanFactory - Returning cached instance of singleton bean 'org.springframework.transaction.config.internalTransactionAdvisor'
2025-11-28 16:42:34 [restartedMain] TRACE o.s.b.f.s.DefaultListableBeanFactory - Finished creating instance of bean 'org.springframework.boot.autoconfigure.jdbc.DataSourceAutoConfiguration'
2025-11-28 16:42:34 [restartedMain] TRACE o.s.b.f.s.DefaultListableBeanFactory - Returning cached instance of singleton bean 'spring.datasource-org.springframework.boot.autoconfigure.jdbc.DataSourceProperties'
2025-11-28 16:42:34 [restartedMain] DEBUG o.s.b.f.s.DefaultListableBeanFactory - Creating shared instance of singleton bean 'org.springframework.boot.autoconfigure.transaction.TransactionManagerCustomizationAutoConfiguration'
2025-11-28 16:42:34 [restartedMain] TRACE o.s.b.f.s.DefaultListableBeanFactory - Creating instance of bean 'org.springframework.boot.autoconfigure.transaction.TransactionManagerCustomizationAutoConfiguration'
2025-11-28 16:42:34 [restartedMain] TRACE o.s.b.f.s.DefaultListableBeanFactory - Returning cached instance of singleton bean 'org.springframework.transaction.config.internalTransactionAdvisor'
2025-11-28 16:42:34 [restartedMain] TRACE o.s.b.f.s.DefaultListableBeanFactory - Returning cached instance of singleton bean 'org.springframework.transaction.config.internalTransactionAdvisor'
2025-11-28 16:42:34 [restartedMain] TRACE o.s.b.f.s.DefaultListableBeanFactory - Returning cached instance of singleton bean 'org.springframework.transaction.config.internalTransactionAdvisor'
2025-11-28 16:42:34 [restartedMain] TRACE o.s.b.f.s.DefaultListableBeanFactory - Finished creating instance of bean 'org.springframework.boot.autoconfigure.transaction.TransactionManagerCustomizationAutoConfiguration'
2025-11-28 16:42:34 [restartedMain] DEBUG o.s.b.f.s.DefaultListableBeanFactory - Creating shared instance of singleton bean 'platformTransactionManagerCustomizers'
2025-11-28 16:42:34 [restartedMain] TRACE o.s.b.f.s.DefaultListableBeanFactory - Creating instance of bean 'platformTransactionManagerCustomizers'
2025-11-28 16:42:34 [restartedMain] TRACE o.s.b.f.s.DefaultListableBeanFactory - Returning cached instance of singleton bean 'org.springframework.transaction.config.internalTransactionAdvisor'
2025-11-28 16:42:34 [restartedMain] TRACE o.s.b.f.s.DefaultListableBeanFactory - Returning cached instance of singleton bean 'org.springframework.boot.autoconfigure.transaction.TransactionManagerCustomizationAutoConfiguration'
2025-11-28 16:42:34 [restartedMain] DEBUG o.s.b.f.s.DefaultListableBeanFactory - Creating shared instance of singleton bean 'transactionExecutionListeners'
2025-11-28 16:42:34 [restartedMain] TRACE o.s.b.f.s.DefaultListableBeanFactory - Creating instance of bean 'transactionExecutionListeners'
2025-11-28 16:42:34 [restartedMain] TRACE o.s.b.f.s.DefaultListableBeanFactory - Returning cached instance of singleton bean 'org.springframework.transaction.config.internalTransactionAdvisor'
2025-11-28 16:42:34 [restartedMain] TRACE o.s.b.f.s.DefaultListableBeanFactory - Returning cached instance of singleton bean 'org.springframework.boot.autoconfigure.transaction.TransactionManagerCustomizationAutoConfiguration'
2025-11-28 16:42:34 [restartedMain] TRACE o.s.b.f.s.DefaultListableBeanFactory - Returning cached instance of singleton bean 'org.springframework.transaction.config.internalTransactionAdvisor'
2025-11-28 16:42:34 [restartedMain] TRACE o.s.b.f.s.DefaultListableBeanFactory - Returning cached instance of singleton bean 'org.springframework.transaction.config.internalTransactionAdvisor'
2025-11-28 16:42:34 [restartedMain] TRACE o.s.b.f.s.DefaultListableBeanFactory - Finished creating instance of bean 'transactionExecutionListeners'
2025-11-28 16:42:34 [restartedMain] DEBUG o.s.b.f.s.DefaultListableBeanFactory - Creating shared instance of singleton bean 'spring.transaction-org.springframework.boot.autoconfigure.transaction.TransactionProperties'
2025-11-28 16:42:34 [restartedMain] TRACE o.s.b.f.s.DefaultListableBeanFactory - Creating instance of bean 'spring.transaction-org.springframework.boot.autoconfigure.transaction.TransactionProperties'
2025-11-28 16:42:34 [restartedMain] TRACE o.s.b.f.s.DefaultListableBeanFactory - Returning cached instance of singleton bean 'org.springframework.transaction.config.internalTransactionAdvisor'
2025-11-28 16:42:34 [restartedMain] TRACE o.s.b.f.s.DefaultListableBeanFactory - Returning cached instance of singleton bean 'org.springframework.boot.context.properties.BoundConfigurationProperties'
2025-11-28 16:42:34 [restartedMain] TRACE o.s.b.f.s.DefaultListableBeanFactory - Returning cached instance of singleton bean 'org.springframework.transaction.config.internalTransactionAdvisor'
2025-11-28 16:42:34 [restartedMain] TRACE o.s.b.f.s.DefaultListableBeanFactory - Returning cached instance of singleton bean 'org.springframework.transaction.config.internalTransactionAdvisor'
2025-11-28 16:42:34 [restartedMain] TRACE o.s.b.f.s.DefaultListableBeanFactory - Finished creating instance of bean 'spring.transaction-org.springframework.boot.autoconfigure.transaction.TransactionProperties'
2025-11-28 16:42:34 [restartedMain] TRACE o.s.b.f.s.DefaultListableBeanFactory - Returning cached instance of singleton bean 'transactionExecutionListeners'
2025-11-28 16:42:34 [restartedMain] TRACE o.s.b.f.s.DefaultListableBeanFactory - Returning cached instance of singleton bean 'spring.transaction-org.springframework.boot.autoconfigure.transaction.TransactionProperties'
2025-11-28 16:42:34 [restartedMain] TRACE o.s.b.f.s.DefaultListableBeanFactory - Returning cached instance of singleton bean 'org.springframework.transaction.config.internalTransactionAdvisor'
2025-11-28 16:42:34 [restartedMain] TRACE o.s.b.f.s.DefaultListableBeanFactory - Returning cached instance of singleton bean 'org.springframework.transaction.config.internalTransactionAdvisor'
2025-11-28 16:42:34 [restartedMain] TRACE o.s.b.f.s.DefaultListableBeanFactory - Finished creating instance of bean 'platformTransactionManagerCustomizers'
2025-11-28 16:42:34 [restartedMain] TRACE o.s.b.f.s.DefaultListableBeanFactory - Returning cached instance of singleton bean 'transactionExecutionListeners'
2025-11-28 16:42:34 [restartedMain] TRACE o.s.b.f.s.DefaultListableBeanFactory - Returning cached instance of singleton bean 'spring.transaction-org.springframework.boot.autoconfigure.transaction.TransactionProperties'
2025-11-28 16:42:34 [restartedMain] TRACE o.s.b.f.s.DefaultListableBeanFactory - Returning cached instance of singleton bean 'org.springframework.boot.autoconfigure.orm.jpa.JpaBaseConfiguration$JpaWebConfiguration'
2025-11-28 16:42:34 [restartedMain] TRACE o.s.b.f.s.DefaultListableBeanFactory - Returning cached instance of singleton bean 'openEntityManagerInViewInterceptor'
2025-11-28 16:42:34 [restartedMain] TRACE o.s.b.f.s.DefaultListableBeanFactory - Returning cached instance of singleton bean 'openEntityManagerInViewInterceptorConfigurer'
2025-11-28 16:42:34 [restartedMain] DEBUG o.s.b.f.s.DefaultListableBeanFactory - Creating shared instance of singleton bean 'org.springframework.boot.autoconfigure.orm.jpa.JpaBaseConfiguration$PersistenceManagedTypesConfiguration'
2025-11-28 16:42:34 [restartedMain] TRACE o.s.b.f.s.DefaultListableBeanFactory - Creating instance of bean 'org.springframework.boot.autoconfigure.orm.jpa.JpaBaseConfiguration$PersistenceManagedTypesConfiguration'
2025-11-28 16:42:34 [restartedMain] TRACE o.s.b.f.s.DefaultListableBeanFactory - Returning cached instance of singleton bean 'org.springframework.transaction.config.internalTransactionAdvisor'
2025-11-28 16:42:34 [restartedMain] TRACE o.s.b.f.s.DefaultListableBeanFactory - Returning cached instance of singleton bean 'org.springframework.transaction.config.internalTransactionAdvisor'
2025-11-28 16:42:34 [restartedMain] TRACE o.s.b.f.s.DefaultListableBeanFactory - Returning cached instance of singleton bean 'org.springframework.transaction.config.internalTransactionAdvisor'
2025-11-28 16:42:34 [restartedMain] TRACE o.s.b.f.s.DefaultListableBeanFactory - Finished creating instance of bean 'org.springframework.boot.autoconfigure.orm.jpa.JpaBaseConfiguration$PersistenceManagedTypesConfiguration'
2025-11-28 16:42:34 [restartedMain] TRACE o.s.b.f.s.DefaultListableBeanFactory - Returning cached instance of singleton bean 'persistenceManagedTypes'
2025-11-28 16:42:34 [restartedMain] TRACE o.s.b.f.s.DefaultListableBeanFactory - Returning cached instance of singleton bean 'org.springframework.boot.autoconfigure.orm.jpa.HibernateJpaConfiguration'
2025-11-28 16:42:34 [restartedMain] DEBUG o.s.b.f.s.DefaultListableBeanFactory - Creating shared instance of singleton bean 'transactionManager'
2025-11-28 16:42:34 [restartedMain] TRACE o.s.b.f.s.DefaultListableBeanFactory - Creating instance of bean 'transactionManager'
2025-11-28 16:42:34 [restartedMain] TRACE o.s.b.f.s.DefaultListableBeanFactory - Returning cached instance of singleton bean 'org.springframework.transaction.config.internalTransactionAdvisor'
2025-11-28 16:42:34 [restartedMain] TRACE o.s.b.f.s.DefaultListableBeanFactory - Returning cached instance of singleton bean 'org.springframework.boot.autoconfigure.orm.jpa.HibernateJpaConfiguration'
2025-11-28 16:42:34 [restartedMain] TRACE o.s.b.f.s.DefaultListableBeanFactory - Returning cached instance of singleton bean 'platformTransactionManagerCustomizers'
2025-11-28 16:42:34 [restartedMain] TRACE o.s.b.f.s.DefaultListableBeanFactory - Returning cached instance of singleton bean 'entityManagerFactory'
2025-11-28 16:42:34 [restartedMain] TRACE o.s.b.f.s.DefaultListableBeanFactory - Invoking afterPropertiesSet() on bean with name 'transactionManager'
2025-11-28 16:42:34 [restartedMain] TRACE o.s.b.f.s.DefaultListableBeanFactory - Returning cached instance of singleton bean 'org.springframework.transaction.config.internalTransactionAdvisor'
2025-11-28 16:42:34 [restartedMain] TRACE o.s.b.f.s.DefaultListableBeanFactory - Returning cached instance of singleton bean 'org.springframework.transaction.config.internalTransactionAdvisor'
2025-11-28 16:42:34 [restartedMain] TRACE o.s.b.f.s.DefaultListableBeanFactory - Finished creating instance of bean 'transactionManager'
2025-11-28 16:42:34 [restartedMain] TRACE o.s.b.f.s.DefaultListableBeanFactory - Returning cached instance of singleton bean 'jpaVendorAdapter'
2025-11-28 16:42:34 [restartedMain] TRACE o.s.b.f.s.DefaultListableBeanFactory - Returning cached instance of singleton bean 'entityManagerFactoryBuilder'
2025-11-28 16:42:34 [restartedMain] TRACE o.s.b.f.s.DefaultListableBeanFactory - Returning cached instance of singleton bean 'entityManagerFactory'
2025-11-28 16:42:34 [restartedMain] TRACE o.s.b.f.s.DefaultListableBeanFactory - Returning cached instance of singleton bean 'spring.jpa.hibernate-org.springframework.boot.autoconfigure.orm.jpa.HibernateProperties'
2025-11-28 16:42:34 [restartedMain] TRACE o.s.b.f.s.DefaultListableBeanFactory - Returning cached instance of singleton bean 'spring.jpa-org.springframework.boot.autoconfigure.orm.jpa.JpaProperties'
2025-11-28 16:42:34 [restartedMain] DEBUG o.s.b.f.s.DefaultListableBeanFactory - Creating shared instance of singleton bean 'org.springframework.boot.autoconfigure.orm.jpa.HibernateJpaAutoConfiguration'
2025-11-28 16:42:34 [restartedMain] TRACE o.s.b.f.s.DefaultListableBeanFactory - Creating instance of bean 'org.springframework.boot.autoconfigure.orm.jpa.HibernateJpaAutoConfiguration'
2025-11-28 16:42:34 [restartedMain] TRACE o.s.b.f.s.DefaultListableBeanFactory - Returning cached instance of singleton bean 'org.springframework.transaction.config.internalTransactionAdvisor'
2025-11-28 16:42:34 [restartedMain] TRACE o.s.b.f.s.DefaultListableBeanFactory - Returning cached instance of singleton bean 'org.springframework.transaction.config.internalTransactionAdvisor'
2025-11-28 16:42:34 [restartedMain] TRACE o.s.b.f.s.DefaultListableBeanFactory - Returning cached instance of singleton bean 'org.springframework.transaction.config.internalTransactionAdvisor'
2025-11-28 16:42:34 [restartedMain] TRACE o.s.b.f.s.DefaultListableBeanFactory - Finished creating instance of bean 'org.springframework.boot.autoconfigure.orm.jpa.HibernateJpaAutoConfiguration'
2025-11-28 16:42:34 [restartedMain] TRACE o.s.b.f.s.DefaultListableBeanFactory - Returning cached instance of singleton bean 'org.springframework.boot.autoconfigure.jackson.JacksonAutoConfiguration$Jackson2ObjectMapperBuilderCustomizerConfiguration'
2025-11-28 16:42:34 [restartedMain] TRACE o.s.b.f.s.DefaultListableBeanFactory - Returning cached instance of singleton bean 'standardJacksonObjectMapperBuilderCustomizer'
2025-11-28 16:42:34 [restartedMain] TRACE o.s.b.f.s.DefaultListableBeanFactory - Returning cached instance of singleton bean 'spring.jackson-org.springframework.boot.autoconfigure.jackson.JacksonProperties'
2025-11-28 16:42:34 [restartedMain] TRACE o.s.b.f.s.DefaultListableBeanFactory - Returning cached instance of singleton bean 'org.springframework.boot.autoconfigure.jackson.JacksonAutoConfiguration$JacksonObjectMapperBuilderConfiguration'
2025-11-28 16:42:34 [restartedMain] TRACE o.s.b.f.s.DefaultListableBeanFactory - Returning cached instance of singleton bean 'org.springframework.boot.autoconfigure.jackson.JacksonAutoConfiguration$ParameterNamesModuleConfiguration'
2025-11-28 16:42:34 [restartedMain] TRACE o.s.b.f.s.DefaultListableBeanFactory - Returning cached instance of singleton bean 'parameterNamesModule'
2025-11-28 16:42:34 [restartedMain] TRACE o.s.b.f.s.DefaultListableBeanFactory - Returning cached instance of singleton bean 'org.springframework.boot.autoconfigure.jackson.JacksonAutoConfiguration$JacksonObjectMapperConfiguration'
2025-11-28 16:42:34 [restartedMain] TRACE o.s.b.f.s.DefaultListableBeanFactory - Returning cached instance of singleton bean 'jacksonObjectMapper'
2025-11-28 16:42:34 [restartedMain] TRACE o.s.b.f.s.DefaultListableBeanFactory - Returning cached instance of singleton bean 'org.springframework.boot.autoconfigure.jackson.JacksonAutoConfiguration$JacksonMixinConfiguration'
2025-11-28 16:42:34 [restartedMain] TRACE o.s.b.f.s.DefaultListableBeanFactory - Returning cached instance of singleton bean 'jsonMixinModuleEntries'
2025-11-28 16:42:34 [restartedMain] TRACE o.s.b.f.s.DefaultListableBeanFactory - Returning cached instance of singleton bean 'jsonMixinModule'
2025-11-28 16:42:34 [restartedMain] TRACE o.s.b.f.s.DefaultListableBeanFactory - Returning cached instance of singleton bean 'org.springframework.boot.autoconfigure.jackson.JacksonAutoConfiguration'
2025-11-28 16:42:34 [restartedMain] TRACE o.s.b.f.s.DefaultListableBeanFactory - Returning cached instance of singleton bean 'jsonComponentModule'
2025-11-28 16:42:34 [restartedMain] DEBUG o.s.b.f.s.DefaultListableBeanFactory - Creating shared instance of singleton bean 'org.springframework.boot.autoconfigure.context.ConfigurationPropertiesAutoConfiguration'
2025-11-28 16:42:34 [restartedMain] TRACE o.s.b.f.s.DefaultListableBeanFactory - Creating instance of bean 'org.springframework.boot.autoconfigure.context.ConfigurationPropertiesAutoConfiguration'
2025-11-28 16:42:34 [restartedMain] TRACE o.s.b.f.s.DefaultListableBeanFactory - Returning cached instance of singleton bean 'org.springframework.transaction.config.internalTransactionAdvisor'
2025-11-28 16:42:34 [restartedMain] TRACE o.s.b.f.s.DefaultListableBeanFactory - Returning cached instance of singleton bean 'org.springframework.transaction.config.internalTransactionAdvisor'
2025-11-28 16:42:34 [restartedMain] TRACE o.s.b.f.s.DefaultListableBeanFactory - Returning cached instance of singleton bean 'org.springframework.transaction.config.internalTransactionAdvisor'
2025-11-28 16:42:34 [restartedMain] TRACE o.s.b.f.s.DefaultListableBeanFactory - Finished creating instance of bean 'org.springframework.boot.autoconfigure.context.ConfigurationPropertiesAutoConfiguration'
2025-11-28 16:42:34 [restartedMain] DEBUG o.s.b.f.s.DefaultListableBeanFactory - Creating shared instance of singleton bean 'org.springframework.boot.autoconfigure.context.LifecycleAutoConfiguration'
2025-11-28 16:42:34 [restartedMain] TRACE o.s.b.f.s.DefaultListableBeanFactory - Creating instance of bean 'org.springframework.boot.autoconfigure.context.LifecycleAutoConfiguration'
2025-11-28 16:42:34 [restartedMain] TRACE o.s.b.f.s.DefaultListableBeanFactory - Returning cached instance of singleton bean 'org.springframework.transaction.config.internalTransactionAdvisor'
2025-11-28 16:42:34 [restartedMain] TRACE o.s.b.f.s.DefaultListableBeanFactory - Returning cached instance of singleton bean 'org.springframework.transaction.config.internalTransactionAdvisor'
2025-11-28 16:42:34 [restartedMain] TRACE o.s.b.f.s.DefaultListableBeanFactory - Returning cached instance of singleton bean 'org.springframework.transaction.config.internalTransactionAdvisor'
2025-11-28 16:42:34 [restartedMain] TRACE o.s.b.f.s.DefaultListableBeanFactory - Finished creating instance of bean 'org.springframework.boot.autoconfigure.context.LifecycleAutoConfiguration'
2025-11-28 16:42:34 [restartedMain] DEBUG o.s.b.f.s.DefaultListableBeanFactory - Creating shared instance of singleton bean 'lifecycleProcessor'
2025-11-28 16:42:34 [restartedMain] TRACE o.s.b.f.s.DefaultListableBeanFactory - Creating instance of bean 'lifecycleProcessor'
2025-11-28 16:42:34 [restartedMain] TRACE o.s.b.f.s.DefaultListableBeanFactory - Returning cached instance of singleton bean 'org.springframework.transaction.config.internalTransactionAdvisor'
2025-11-28 16:42:34 [restartedMain] TRACE o.s.b.f.s.DefaultListableBeanFactory - Returning cached instance of singleton bean 'org.springframework.boot.autoconfigure.context.LifecycleAutoConfiguration'
2025-11-28 16:42:34 [restartedMain] DEBUG o.s.b.f.s.DefaultListableBeanFactory - Creating shared instance of singleton bean 'spring.lifecycle-org.springframework.boot.autoconfigure.context.LifecycleProperties'
2025-11-28 16:42:34 [restartedMain] TRACE o.s.b.f.s.DefaultListableBeanFactory - Creating instance of bean 'spring.lifecycle-org.springframework.boot.autoconfigure.context.LifecycleProperties'
2025-11-28 16:42:34 [restartedMain] TRACE o.s.b.f.s.DefaultListableBeanFactory - Returning cached instance of singleton bean 'org.springframework.transaction.config.internalTransactionAdvisor'
2025-11-28 16:42:34 [restartedMain] TRACE o.s.b.f.s.DefaultListableBeanFactory - Returning cached instance of singleton bean 'org.springframework.boot.context.properties.BoundConfigurationProperties'
2025-11-28 16:42:34 [restartedMain] TRACE o.s.b.f.s.DefaultListableBeanFactory - Returning cached instance of singleton bean 'org.springframework.transaction.config.internalTransactionAdvisor'
2025-11-28 16:42:34 [restartedMain] TRACE o.s.b.f.s.DefaultListableBeanFactory - Returning cached instance of singleton bean 'org.springframework.transaction.config.internalTransactionAdvisor'
2025-11-28 16:42:34 [restartedMain] TRACE o.s.b.f.s.DefaultListableBeanFactory - Finished creating instance of bean 'spring.lifecycle-org.springframework.boot.autoconfigure.context.LifecycleProperties'
2025-11-28 16:42:34 [restartedMain] DEBUG o.s.b.f.s.DefaultListableBeanFactory - Autowiring by type from bean name 'lifecycleProcessor' via factory method to bean named 'spring.lifecycle-org.springframework.boot.autoconfigure.context.LifecycleProperties'
2025-11-28 16:42:34 [restartedMain] TRACE o.s.b.f.s.DefaultListableBeanFactory - Returning cached instance of singleton bean 'org.springframework.transaction.config.internalTransactionAdvisor'
2025-11-28 16:42:34 [restartedMain] TRACE o.s.b.f.s.DefaultListableBeanFactory - Returning cached instance of singleton bean 'org.springframework.transaction.config.internalTransactionAdvisor'
2025-11-28 16:42:34 [restartedMain] TRACE o.s.b.f.s.DefaultListableBeanFactory - Finished creating instance of bean 'lifecycleProcessor'
2025-11-28 16:42:34 [restartedMain] TRACE o.s.b.f.s.DefaultListableBeanFactory - Returning cached instance of singleton bean 'spring.lifecycle-org.springframework.boot.autoconfigure.context.LifecycleProperties'
2025-11-28 16:42:34 [restartedMain] DEBUG o.s.b.f.s.DefaultListableBeanFactory - Creating shared instance of singleton bean 'org.springframework.boot.autoconfigure.dao.PersistenceExceptionTranslationAutoConfiguration'
2025-11-28 16:42:34 [restartedMain] TRACE o.s.b.f.s.DefaultListableBeanFactory - Creating instance of bean 'org.springframework.boot.autoconfigure.dao.PersistenceExceptionTranslationAutoConfiguration'
2025-11-28 16:42:34 [restartedMain] TRACE o.s.b.f.s.DefaultListableBeanFactory - Returning cached instance of singleton bean 'org.springframework.transaction.config.internalTransactionAdvisor'
2025-11-28 16:42:34 [restartedMain] TRACE o.s.b.f.s.DefaultListableBeanFactory - Returning cached instance of singleton bean 'org.springframework.transaction.config.internalTransactionAdvisor'
2025-11-28 16:42:34 [restartedMain] TRACE o.s.b.f.s.DefaultListableBeanFactory - Returning cached instance of singleton bean 'org.springframework.transaction.config.internalTransactionAdvisor'
2025-11-28 16:42:34 [restartedMain] TRACE o.s.b.f.s.DefaultListableBeanFactory - Finished creating instance of bean 'org.springframework.boot.autoconfigure.dao.PersistenceExceptionTranslationAutoConfiguration'
2025-11-28 16:42:34 [restartedMain] TRACE o.s.b.f.s.DefaultListableBeanFactory - Returning cached instance of singleton bean 'persistenceExceptionTranslationPostProcessor'
2025-11-28 16:42:34 [restartedMain] DEBUG o.s.b.f.s.DefaultListableBeanFactory - Creating shared instance of singleton bean 'org.springframework.boot.autoconfigure.data.jpa.JpaRepositoriesAutoConfiguration'
2025-11-28 16:42:34 [restartedMain] TRACE o.s.b.f.s.DefaultListableBeanFactory - Creating instance of bean 'org.springframework.boot.autoconfigure.data.jpa.JpaRepositoriesAutoConfiguration'
2025-11-28 16:42:34 [restartedMain] TRACE o.s.b.f.s.DefaultListableBeanFactory - Returning cached instance of singleton bean 'org.springframework.transaction.config.internalTransactionAdvisor'
2025-11-28 16:42:34 [restartedMain] TRACE o.s.b.f.s.DefaultListableBeanFactory - Returning cached instance of singleton bean 'org.springframework.transaction.config.internalTransactionAdvisor'
2025-11-28 16:42:34 [restartedMain] TRACE o.s.b.f.s.DefaultListableBeanFactory - Returning cached instance of singleton bean 'org.springframework.transaction.config.internalTransactionAdvisor'
2025-11-28 16:42:34 [restartedMain] TRACE o.s.b.f.s.DefaultListableBeanFactory - Finished creating instance of bean 'org.springframework.boot.autoconfigure.data.jpa.JpaRepositoriesAutoConfiguration'
2025-11-28 16:42:34 [restartedMain] TRACE o.s.b.f.s.DefaultListableBeanFactory - Returning cached instance of singleton bean 'jpaSharedEM_entityManagerFactory'
2025-11-28 16:42:34 [restartedMain] DEBUG o.s.b.f.s.DefaultListableBeanFactory - Creating shared instance of singleton bean 'org.springframework.data.jpa.util.JpaMetamodelCacheCleanup'
2025-11-28 16:42:34 [restartedMain] TRACE o.s.b.f.s.DefaultListableBeanFactory - Creating instance of bean 'org.springframework.data.jpa.util.JpaMetamodelCacheCleanup'
2025-11-28 16:42:34 [restartedMain] TRACE o.s.b.f.s.DefaultListableBeanFactory - Returning cached instance of singleton bean 'org.springframework.transaction.config.internalTransactionAdvisor'
2025-11-28 16:42:34 [restartedMain] TRACE o.s.b.f.s.DefaultListableBeanFactory - Returning cached instance of singleton bean 'org.springframework.transaction.config.internalTransactionAdvisor'
2025-11-28 16:42:34 [restartedMain] TRACE o.s.b.f.s.DefaultListableBeanFactory - Returning cached instance of singleton bean 'org.springframework.transaction.config.internalTransactionAdvisor'
2025-11-28 16:42:34 [restartedMain] TRACE o.s.b.f.s.DefaultListableBeanFactory - Finished creating instance of bean 'org.springframework.data.jpa.util.JpaMetamodelCacheCleanup'
2025-11-28 16:42:34 [restartedMain] DEBUG o.s.b.f.s.DefaultListableBeanFactory - Creating shared instance of singleton bean 'org.springframework.data.jpa.repository.support.JpaEvaluationContextExtension'
2025-11-28 16:42:34 [restartedMain] TRACE o.s.b.f.s.DefaultListableBeanFactory - Creating instance of bean 'org.springframework.data.jpa.repository.support.JpaEvaluationContextExtension'
2025-11-28 16:42:34 [restartedMain] TRACE o.s.b.f.s.DefaultListableBeanFactory - Returning cached instance of singleton bean 'org.springframework.transaction.config.internalTransactionAdvisor'
2025-11-28 16:42:34 [restartedMain] TRACE o.s.b.f.s.DefaultListableBeanFactory - Returning cached instance of singleton bean 'org.springframework.transaction.config.internalTransactionAdvisor'
2025-11-28 16:42:34 [restartedMain] TRACE o.s.b.f.s.DefaultListableBeanFactory - Returning cached instance of singleton bean 'org.springframework.transaction.config.internalTransactionAdvisor'
2025-11-28 16:42:34 [restartedMain] TRACE o.s.b.f.s.DefaultListableBeanFactory - Finished creating instance of bean 'org.springframework.data.jpa.repository.support.JpaEvaluationContextExtension'
2025-11-28 16:42:34 [restartedMain] TRACE o.s.b.f.s.DefaultListableBeanFactory - Returning cached instance of singleton bean 'jpa.named-queries#0'
2025-11-28 16:42:34 [restartedMain] TRACE o.s.b.f.s.DefaultListableBeanFactory - Returning cached instance of singleton bean 'jpa.GenreRepository.fragments#0'
2025-11-28 16:42:34 [restartedMain] TRACE o.s.b.f.s.DefaultListableBeanFactory - Returning cached instance of singleton bean 'genreRepository'
2025-11-28 16:42:34 [restartedMain] TRACE o.s.b.f.s.DefaultListableBeanFactory - Returning cached instance of singleton bean 'jpa.named-queries#1'
2025-11-28 16:42:34 [restartedMain] TRACE o.s.b.f.s.DefaultListableBeanFactory - Returning cached instance of singleton bean 'jpa.RatingRepository.fragments#0'
2025-11-28 16:42:34 [restartedMain] TRACE o.s.b.f.s.DefaultListableBeanFactory - Returning cached instance of singleton bean 'ratingRepository'
2025-11-28 16:42:34 [restartedMain] TRACE o.s.b.f.s.DefaultListableBeanFactory - Returning cached instance of singleton bean 'jpa.named-queries#2'
2025-11-28 16:42:34 [restartedMain] TRACE o.s.b.f.s.DefaultListableBeanFactory - Returning cached instance of singleton bean 'jpa.UserRepository.fragments#0'
2025-11-28 16:42:34 [restartedMain] TRACE o.s.b.f.s.DefaultListableBeanFactory - Returning cached instance of singleton bean 'userRepository'
2025-11-28 16:42:34 [restartedMain] TRACE o.s.b.f.s.DefaultListableBeanFactory - Returning cached instance of singleton bean 'jpa.named-queries#3'
2025-11-28 16:42:34 [restartedMain] TRACE o.s.b.f.s.DefaultListableBeanFactory - Returning cached instance of singleton bean 'jpa.MovieRepository.fragments#0'
2025-11-28 16:42:34 [restartedMain] TRACE o.s.b.f.s.DefaultListableBeanFactory - Returning cached instance of singleton bean 'movieRepository'
2025-11-28 16:42:34 [restartedMain] DEBUG o.s.b.f.s.DefaultListableBeanFactory - Creating shared instance of singleton bean 'data-jpa.repository-aot-processor#0'
2025-11-28 16:42:34 [restartedMain] TRACE o.s.b.f.s.DefaultListableBeanFactory - Creating instance of bean 'data-jpa.repository-aot-processor#0'
2025-11-28 16:42:34 [restartedMain] TRACE o.s.b.f.s.DefaultListableBeanFactory - Returning cached instance of singleton bean 'org.springframework.transaction.config.internalTransactionAdvisor'
2025-11-28 16:42:34 [restartedMain] TRACE o.s.b.f.s.DefaultListableBeanFactory - Returning cached instance of singleton bean 'org.springframework.transaction.config.internalTransactionAdvisor'
2025-11-28 16:42:34 [restartedMain] TRACE o.s.b.f.s.DefaultListableBeanFactory - Returning cached instance of singleton bean 'org.springframework.transaction.config.internalTransactionAdvisor'
2025-11-28 16:42:34 [restartedMain] TRACE o.s.b.f.s.DefaultListableBeanFactory - Finished creating instance of bean 'data-jpa.repository-aot-processor#0'
2025-11-28 16:42:34 [restartedMain] TRACE o.s.b.f.s.DefaultListableBeanFactory - Returning cached instance of singleton bean 'org.springframework.boot.autoconfigure.http.HttpMessageConvertersAutoConfiguration$StringHttpMessageConverterConfiguration'
2025-11-28 16:42:34 [restartedMain] TRACE o.s.b.f.s.DefaultListableBeanFactory - Returning cached instance of singleton bean 'stringHttpMessageConverter'
2025-11-28 16:42:34 [restartedMain] TRACE o.s.b.f.s.DefaultListableBeanFactory - Returning cached instance of singleton bean 'org.springframework.boot.autoconfigure.http.JacksonHttpMessageConvertersConfiguration$MappingJackson2XmlHttpMessageConverterConfiguration'
2025-11-28 16:42:34 [restartedMain] TRACE o.s.b.f.s.DefaultListableBeanFactory - Returning cached instance of singleton bean 'mappingJackson2XmlHttpMessageConverter'
2025-11-28 16:42:34 [restartedMain] TRACE o.s.b.f.s.DefaultListableBeanFactory - Returning cached instance of singleton bean 'org.springframework.boot.autoconfigure.http.JacksonHttpMessageConvertersConfiguration$MappingJackson2HttpMessageConverterConfiguration'
2025-11-28 16:42:34 [restartedMain] TRACE o.s.b.f.s.DefaultListableBeanFactory - Returning cached instance of singleton bean 'mappingJackson2HttpMessageConverter'
2025-11-28 16:42:34 [restartedMain] DEBUG o.s.b.f.s.DefaultListableBeanFactory - Creating shared instance of singleton bean 'org.springframework.boot.autoconfigure.http.JacksonHttpMessageConvertersConfiguration'
2025-11-28 16:42:34 [restartedMain] TRACE o.s.b.f.s.DefaultListableBeanFactory - Creating instance of bean 'org.springframework.boot.autoconfigure.http.JacksonHttpMessageConvertersConfiguration'
2025-11-28 16:42:34 [restartedMain] TRACE o.s.b.f.s.DefaultListableBeanFactory - Returning cached instance of singleton bean 'org.springframework.transaction.config.internalTransactionAdvisor'
2025-11-28 16:42:34 [restartedMain] TRACE o.s.b.f.s.DefaultListableBeanFactory - Returning cached instance of singleton bean 'org.springframework.transaction.config.internalTransactionAdvisor'
2025-11-28 16:42:34 [restartedMain] TRACE o.s.b.f.s.DefaultListableBeanFactory - Returning cached instance of singleton bean 'org.springframework.transaction.config.internalTransactionAdvisor'
2025-11-28 16:42:34 [restartedMain] TRACE o.s.b.f.s.DefaultListableBeanFactory - Finished creating instance of bean 'org.springframework.boot.autoconfigure.http.JacksonHttpMessageConvertersConfiguration'
2025-11-28 16:42:34 [restartedMain] TRACE o.s.b.f.s.DefaultListableBeanFactory - Returning cached instance of singleton bean 'org.springframework.boot.autoconfigure.http.HttpMessageConvertersAutoConfiguration'
2025-11-28 16:42:34 [restartedMain] TRACE o.s.b.f.s.DefaultListableBeanFactory - Returning cached instance of singleton bean 'messageConverters'
2025-11-28 16:42:34 [restartedMain] DEBUG o.s.b.f.s.DefaultListableBeanFactory - Creating shared instance of singleton bean 'org.springframework.data.web.config.ProjectingArgumentResolverRegistrar'
2025-11-28 16:42:34 [restartedMain] TRACE o.s.b.f.s.DefaultListableBeanFactory - Creating instance of bean 'org.springframework.data.web.config.ProjectingArgumentResolverRegistrar'
2025-11-28 16:42:34 [restartedMain] TRACE o.s.b.f.s.DefaultListableBeanFactory - Returning cached instance of singleton bean 'org.springframework.transaction.config.internalTransactionAdvisor'
2025-11-28 16:42:34 [restartedMain] TRACE o.s.b.f.s.DefaultListableBeanFactory - Returning cached instance of singleton bean 'org.springframework.transaction.config.internalTransactionAdvisor'
2025-11-28 16:42:34 [restartedMain] TRACE o.s.b.f.s.DefaultListableBeanFactory - Returning cached instance of singleton bean 'org.springframework.transaction.config.internalTransactionAdvisor'
2025-11-28 16:42:34 [restartedMain] TRACE o.s.b.f.s.DefaultListableBeanFactory - Finished creating instance of bean 'org.springframework.data.web.config.ProjectingArgumentResolverRegistrar'
2025-11-28 16:42:34 [restartedMain] TRACE o.s.b.f.s.DefaultListableBeanFactory - Returning cached instance of singleton bean 'projectingArgumentResolverBeanPostProcessor'
2025-11-28 16:42:34 [restartedMain] TRACE o.s.b.f.s.DefaultListableBeanFactory - Returning cached instance of singleton bean 'org.springframework.data.web.config.SpringDataWebConfiguration'
2025-11-28 16:42:34 [restartedMain] TRACE o.s.b.f.s.DefaultListableBeanFactory - Returning cached instance of singleton bean 'pageableResolver'
2025-11-28 16:42:34 [restartedMain] TRACE o.s.b.f.s.DefaultListableBeanFactory - Returning cached instance of singleton bean 'sortResolver'
2025-11-28 16:42:34 [restartedMain] DEBUG o.s.b.f.s.DefaultListableBeanFactory - Creating shared instance of singleton bean 'offsetResolver'
2025-11-28 16:42:34 [restartedMain] TRACE o.s.b.f.s.DefaultListableBeanFactory - Creating instance of bean 'offsetResolver'
2025-11-28 16:42:34 [restartedMain] TRACE o.s.b.f.s.DefaultListableBeanFactory - Returning cached instance of singleton bean 'org.springframework.transaction.config.internalTransactionAdvisor'
2025-11-28 16:42:34 [restartedMain] TRACE o.s.b.f.s.DefaultListableBeanFactory - Returning cached instance of singleton bean 'org.springframework.data.web.config.SpringDataWebConfiguration'
2025-11-28 16:42:34 [restartedMain] TRACE o.s.b.f.s.DefaultListableBeanFactory - Returning cached instance of singleton bean 'org.springframework.transaction.config.internalTransactionAdvisor'
2025-11-28 16:42:34 [restartedMain] TRACE o.s.b.f.s.DefaultListableBeanFactory - Returning cached instance of singleton bean 'org.springframework.transaction.config.internalTransactionAdvisor'
2025-11-28 16:42:34 [restartedMain] TRACE o.s.b.f.s.DefaultListableBeanFactory - Finished creating instance of bean 'offsetResolver'
2025-11-28 16:42:34 [restartedMain] TRACE o.s.b.f.s.DefaultListableBeanFactory - Returning cached instance of singleton bean 'org.springframework.data.web.config.SpringDataJacksonConfiguration'
2025-11-28 16:42:34 [restartedMain] TRACE o.s.b.f.s.DefaultListableBeanFactory - Returning cached instance of singleton bean 'jacksonGeoModule'
2025-11-28 16:42:34 [restartedMain] TRACE o.s.b.f.s.DefaultListableBeanFactory - Returning cached instance of singleton bean 'pageModule'
2025-11-28 16:42:34 [restartedMain] TRACE o.s.b.f.s.DefaultListableBeanFactory - Returning cached instance of singleton bean 'org.springframework.boot.autoconfigure.data.web.SpringDataWebAutoConfiguration'
2025-11-28 16:42:34 [restartedMain] TRACE o.s.b.f.s.DefaultListableBeanFactory - Returning cached instance of singleton bean 'pageableCustomizer'
2025-11-28 16:42:34 [restartedMain] TRACE o.s.b.f.s.DefaultListableBeanFactory - Returning cached instance of singleton bean 'sortCustomizer'
2025-11-28 16:42:34 [restartedMain] TRACE o.s.b.f.s.DefaultListableBeanFactory - Returning cached instance of singleton bean 'springDataWebSettings'
2025-11-28 16:42:34 [restartedMain] TRACE o.s.b.f.s.DefaultListableBeanFactory - Returning cached instance of singleton bean 'spring.data.web-org.springframework.boot.autoconfigure.data.web.SpringDataWebProperties'
2025-11-28 16:42:34 [restartedMain] TRACE o.s.b.f.s.DefaultListableBeanFactory - Returning cached instance of singleton bean 'org.springframework.boot.autoconfigure.h2.H2ConsoleAutoConfiguration'
2025-11-28 16:42:34 [restartedMain] TRACE o.s.b.f.s.DefaultListableBeanFactory - Returning cached instance of singleton bean 'h2Console'
2025-11-28 16:42:34 [restartedMain] DEBUG o.s.b.f.s.DefaultListableBeanFactory - Creating shared instance of singleton bean 'h2ConsoleLogger'
2025-11-28 16:42:34 [restartedMain] TRACE o.s.b.f.s.DefaultListableBeanFactory - Creating instance of bean 'h2ConsoleLogger'
2025-11-28 16:42:34 [restartedMain] TRACE o.s.b.f.s.DefaultListableBeanFactory - Returning cached instance of singleton bean 'org.springframework.transaction.config.internalTransactionAdvisor'
2025-11-28 16:42:34 [restartedMain] TRACE o.s.b.f.s.DefaultListableBeanFactory - Returning cached instance of singleton bean 'org.springframework.boot.autoconfigure.h2.H2ConsoleAutoConfiguration'
2025-11-28 16:42:34 [restartedMain] TRACE o.s.b.f.s.DefaultListableBeanFactory - Returning cached instance of singleton bean 'dataSource'
2025-11-28 16:42:34 [restartedMain] TRACE o.s.b.f.s.DefaultListableBeanFactory - Returning cached instance of singleton bean 'dataSource'
2025-11-28 16:42:34 [restartedMain] INFO  o.s.b.a.h.H2ConsoleAutoConfiguration - H2 console available at '/h2-console'. Database available at 'jdbc:postgresql://localhost:5432/Rating'
2025-11-28 16:42:34 [restartedMain] TRACE o.s.b.f.s.DefaultListableBeanFactory - Returning cached instance of singleton bean 'org.springframework.transaction.config.internalTransactionAdvisor'
2025-11-28 16:42:34 [restartedMain] TRACE o.s.b.f.s.DefaultListableBeanFactory - Returning cached instance of singleton bean 'org.springframework.transaction.config.internalTransactionAdvisor'
2025-11-28 16:42:34 [restartedMain] TRACE o.s.b.f.s.DefaultListableBeanFactory - Finished creating instance of bean 'h2ConsoleLogger'
2025-11-28 16:42:34 [restartedMain] TRACE o.s.b.f.s.DefaultListableBeanFactory - Returning cached instance of singleton bean 'spring.h2.console-org.springframework.boot.autoconfigure.h2.H2ConsoleProperties'
2025-11-28 16:42:34 [restartedMain] DEBUG o.s.b.f.s.DefaultListableBeanFactory - Creating shared instance of singleton bean 'org.springframework.boot.autoconfigure.http.client.HttpClientAutoConfiguration'
2025-11-28 16:42:34 [restartedMain] TRACE o.s.b.f.s.DefaultListableBeanFactory - Creating instance of bean 'org.springframework.boot.autoconfigure.http.client.HttpClientAutoConfiguration'
2025-11-28 16:42:34 [restartedMain] TRACE o.s.b.f.s.DefaultListableBeanFactory - Returning cached instance of singleton bean 'org.springframework.transaction.config.internalTransactionAdvisor'
2025-11-28 16:42:34 [restartedMain] TRACE o.s.b.f.s.DefaultListableBeanFactory - Returning cached instance of singleton bean 'org.springframework.transaction.config.internalTransactionAdvisor'
2025-11-28 16:42:34 [restartedMain] TRACE o.s.b.f.s.DefaultListableBeanFactory - Returning cached instance of singleton bean 'org.springframework.transaction.config.internalTransactionAdvisor'
2025-11-28 16:42:34 [restartedMain] TRACE o.s.b.f.s.DefaultListableBeanFactory - Finished creating instance of bean 'org.springframework.boot.autoconfigure.http.client.HttpClientAutoConfiguration'
2025-11-28 16:42:34 [restartedMain] DEBUG o.s.b.f.s.DefaultListableBeanFactory - Creating shared instance of singleton bean 'clientHttpRequestFactoryBuilder'
2025-11-28 16:42:34 [restartedMain] TRACE o.s.b.f.s.DefaultListableBeanFactory - Creating instance of bean 'clientHttpRequestFactoryBuilder'
2025-11-28 16:42:34 [restartedMain] TRACE o.s.b.f.s.DefaultListableBeanFactory - Returning cached instance of singleton bean 'org.springframework.transaction.config.internalTransactionAdvisor'
2025-11-28 16:42:34 [restartedMain] TRACE o.s.b.f.s.DefaultListableBeanFactory - Returning cached instance of singleton bean 'org.springframework.boot.autoconfigure.http.client.HttpClientAutoConfiguration'
2025-11-28 16:42:34 [restartedMain] DEBUG o.s.b.f.s.DefaultListableBeanFactory - Creating shared instance of singleton bean 'spring.http.client-org.springframework.boot.autoconfigure.http.client.HttpClientProperties'
2025-11-28 16:42:34 [restartedMain] TRACE o.s.b.f.s.DefaultListableBeanFactory - Creating instance of bean 'spring.http.client-org.springframework.boot.autoconfigure.http.client.HttpClientProperties'
2025-11-28 16:42:34 [restartedMain] TRACE o.s.b.f.s.DefaultListableBeanFactory - Returning cached instance of singleton bean 'org.springframework.transaction.config.internalTransactionAdvisor'
2025-11-28 16:42:34 [restartedMain] TRACE o.s.b.f.s.DefaultListableBeanFactory - Returning cached instance of singleton bean 'org.springframework.boot.context.properties.BoundConfigurationProperties'
2025-11-28 16:42:34 [restartedMain] TRACE o.s.b.f.s.DefaultListableBeanFactory - Returning cached instance of singleton bean 'org.springframework.transaction.config.internalTransactionAdvisor'
2025-11-28 16:42:34 [restartedMain] TRACE o.s.b.f.s.DefaultListableBeanFactory - Returning cached instance of singleton bean 'org.springframework.transaction.config.internalTransactionAdvisor'
2025-11-28 16:42:34 [restartedMain] TRACE o.s.b.f.s.DefaultListableBeanFactory - Finished creating instance of bean 'spring.http.client-org.springframework.boot.autoconfigure.http.client.HttpClientProperties'
2025-11-28 16:42:34 [restartedMain] DEBUG o.s.b.f.s.DefaultListableBeanFactory - Autowiring by type from bean name 'clientHttpRequestFactoryBuilder' via factory method to bean named 'spring.http.client-org.springframework.boot.autoconfigure.http.client.HttpClientProperties'
2025-11-28 16:42:34 [restartedMain] TRACE o.s.b.f.s.DefaultListableBeanFactory - Returning cached instance of singleton bean 'org.springframework.transaction.config.internalTransactionAdvisor'
2025-11-28 16:42:34 [restartedMain] TRACE o.s.b.f.s.DefaultListableBeanFactory - Returning cached instance of singleton bean 'org.springframework.transaction.config.internalTransactionAdvisor'
2025-11-28 16:42:34 [restartedMain] TRACE o.s.b.f.s.DefaultListableBeanFactory - Finished creating instance of bean 'clientHttpRequestFactoryBuilder'
2025-11-28 16:42:34 [restartedMain] DEBUG o.s.b.f.s.DefaultListableBeanFactory - Creating shared instance of singleton bean 'clientHttpRequestFactorySettings'
2025-11-28 16:42:34 [restartedMain] TRACE o.s.b.f.s.DefaultListableBeanFactory - Creating instance of bean 'clientHttpRequestFactorySettings'
2025-11-28 16:42:34 [restartedMain] TRACE o.s.b.f.s.DefaultListableBeanFactory - Returning cached instance of singleton bean 'org.springframework.transaction.config.internalTransactionAdvisor'
2025-11-28 16:42:34 [restartedMain] TRACE o.s.b.f.s.DefaultListableBeanFactory - Returning cached instance of singleton bean 'org.springframework.boot.autoconfigure.http.client.HttpClientAutoConfiguration'
2025-11-28 16:42:34 [restartedMain] TRACE o.s.b.f.s.DefaultListableBeanFactory - Returning cached instance of singleton bean 'spring.http.client-org.springframework.boot.autoconfigure.http.client.HttpClientProperties'
2025-11-28 16:42:34 [restartedMain] DEBUG o.s.b.f.s.DefaultListableBeanFactory - Autowiring by type from bean name 'clientHttpRequestFactorySettings' via factory method to bean named 'spring.http.client-org.springframework.boot.autoconfigure.http.client.HttpClientProperties'
2025-11-28 16:42:34 [restartedMain] TRACE o.s.b.f.s.DefaultListableBeanFactory - Returning cached instance of singleton bean 'org.springframework.transaction.config.internalTransactionAdvisor'
2025-11-28 16:42:34 [restartedMain] TRACE o.s.b.f.s.DefaultListableBeanFactory - Returning cached instance of singleton bean 'org.springframework.transaction.config.internalTransactionAdvisor'
2025-11-28 16:42:34 [restartedMain] TRACE o.s.b.f.s.DefaultListableBeanFactory - Finished creating instance of bean 'clientHttpRequestFactorySettings'
2025-11-28 16:42:34 [restartedMain] TRACE o.s.b.f.s.DefaultListableBeanFactory - Returning cached instance of singleton bean 'spring.http.client-org.springframework.boot.autoconfigure.http.client.HttpClientProperties'
2025-11-28 16:42:34 [restartedMain] DEBUG o.s.b.f.s.DefaultListableBeanFactory - Creating shared instance of singleton bean 'org.springframework.boot.autoconfigure.info.ProjectInfoAutoConfiguration'
2025-11-28 16:42:34 [restartedMain] TRACE o.s.b.f.s.DefaultListableBeanFactory - Creating instance of bean 'org.springframework.boot.autoconfigure.info.ProjectInfoAutoConfiguration'
2025-11-28 16:42:34 [restartedMain] TRACE o.s.b.f.s.DefaultListableBeanFactory - Returning cached instance of singleton bean 'org.springframework.transaction.config.internalTransactionAdvisor'
2025-11-28 16:42:34 [restartedMain] DEBUG o.s.b.f.s.DefaultListableBeanFactory - Creating shared instance of singleton bean 'spring.info-org.springframework.boot.autoconfigure.info.ProjectInfoProperties'
2025-11-28 16:42:34 [restartedMain] TRACE o.s.b.f.s.DefaultListableBeanFactory - Creating instance of bean 'spring.info-org.springframework.boot.autoconfigure.info.ProjectInfoProperties'
2025-11-28 16:42:34 [restartedMain] TRACE o.s.b.f.s.DefaultListableBeanFactory - Returning cached instance of singleton bean 'org.springframework.transaction.config.internalTransactionAdvisor'
2025-11-28 16:42:34 [restartedMain] TRACE o.s.b.f.s.DefaultListableBeanFactory - Returning cached instance of singleton bean 'org.springframework.boot.context.properties.BoundConfigurationProperties'
2025-11-28 16:42:34 [restartedMain] TRACE o.s.b.f.s.DefaultListableBeanFactory - Returning cached instance of singleton bean 'org.springframework.transaction.config.internalTransactionAdvisor'
2025-11-28 16:42:34 [restartedMain] TRACE o.s.b.f.s.DefaultListableBeanFactory - Returning cached instance of singleton bean 'org.springframework.transaction.config.internalTransactionAdvisor'
2025-11-28 16:42:34 [restartedMain] TRACE o.s.b.f.s.DefaultListableBeanFactory - Finished creating instance of bean 'spring.info-org.springframework.boot.autoconfigure.info.ProjectInfoProperties'
2025-11-28 16:42:34 [restartedMain] DEBUG o.s.b.f.s.DefaultListableBeanFactory - Autowiring by type from bean name 'org.springframework.boot.autoconfigure.info.ProjectInfoAutoConfiguration' via constructor to bean named 'spring.info-org.springframework.boot.autoconfigure.info.ProjectInfoProperties'
2025-11-28 16:42:34 [restartedMain] TRACE o.s.b.f.s.DefaultListableBeanFactory - Returning cached instance of singleton bean 'org.springframework.transaction.config.internalTransactionAdvisor'
2025-11-28 16:42:34 [restartedMain] TRACE o.s.b.f.s.DefaultListableBeanFactory - Returning cached instance of singleton bean 'org.springframework.transaction.config.internalTransactionAdvisor'
2025-11-28 16:42:34 [restartedMain] TRACE o.s.b.f.s.DefaultListableBeanFactory - Finished creating instance of bean 'org.springframework.boot.autoconfigure.info.ProjectInfoAutoConfiguration'
2025-11-28 16:42:34 [restartedMain] TRACE o.s.b.f.s.DefaultListableBeanFactory - Returning cached instance of singleton bean 'spring.info-org.springframework.boot.autoconfigure.info.ProjectInfoProperties'
2025-11-28 16:42:34 [restartedMain] DEBUG o.s.b.f.s.DefaultListableBeanFactory - Creating shared instance of singleton bean 'org.springframework.boot.autoconfigure.jdbc.JdbcTemplateConfiguration'
2025-11-28 16:42:34 [restartedMain] TRACE o.s.b.f.s.DefaultListableBeanFactory - Creating instance of bean 'org.springframework.boot.autoconfigure.jdbc.JdbcTemplateConfiguration'
2025-11-28 16:42:34 [restartedMain] TRACE o.s.b.f.s.DefaultListableBeanFactory - Returning cached instance of singleton bean 'org.springframework.transaction.config.internalTransactionAdvisor'
2025-11-28 16:42:34 [restartedMain] TRACE o.s.b.f.s.DefaultListableBeanFactory - Returning cached instance of singleton bean 'org.springframework.transaction.config.internalTransactionAdvisor'
2025-11-28 16:42:34 [restartedMain] TRACE o.s.b.f.s.DefaultListableBeanFactory - Returning cached instance of singleton bean 'org.springframework.transaction.config.internalTransactionAdvisor'
2025-11-28 16:42:34 [restartedMain] TRACE o.s.b.f.s.DefaultListableBeanFactory - Finished creating instance of bean 'org.springframework.boot.autoconfigure.jdbc.JdbcTemplateConfiguration'
2025-11-28 16:42:34 [restartedMain] TRACE o.s.b.f.s.DefaultListableBeanFactory - Returning cached instance of singleton bean 'dataSourceScriptDatabaseInitializer'
2025-11-28 16:42:34 [restartedMain] DEBUG o.s.b.f.s.DefaultListableBeanFactory - Creating shared instance of singleton bean 'jdbcTemplate'
2025-11-28 16:42:34 [restartedMain] TRACE o.s.b.f.s.DefaultListableBeanFactory - Creating instance of bean 'jdbcTemplate'
2025-11-28 16:42:34 [restartedMain] TRACE o.s.b.f.s.DefaultListableBeanFactory - Returning cached instance of singleton bean 'org.springframework.transaction.config.internalTransactionAdvisor'
2025-11-28 16:42:34 [restartedMain] TRACE o.s.b.f.s.DefaultListableBeanFactory - Returning cached instance of singleton bean 'org.springframework.boot.autoconfigure.jdbc.JdbcTemplateConfiguration'
2025-11-28 16:42:34 [restartedMain] TRACE o.s.b.f.s.DefaultListableBeanFactory - Returning cached instance of singleton bean 'dataSource'
2025-11-28 16:42:34 [restartedMain] DEBUG o.s.b.f.s.DefaultListableBeanFactory - Creating shared instance of singleton bean 'spring.jdbc-org.springframework.boot.autoconfigure.jdbc.JdbcProperties'
2025-11-28 16:42:34 [restartedMain] TRACE o.s.b.f.s.DefaultListableBeanFactory - Creating instance of bean 'spring.jdbc-org.springframework.boot.autoconfigure.jdbc.JdbcProperties'
2025-11-28 16:42:34 [restartedMain] TRACE o.s.b.f.s.DefaultListableBeanFactory - Returning cached instance of singleton bean 'org.springframework.transaction.config.internalTransactionAdvisor'
2025-11-28 16:42:34 [restartedMain] TRACE o.s.b.f.s.DefaultListableBeanFactory - Returning cached instance of singleton bean 'org.springframework.boot.context.properties.BoundConfigurationProperties'
2025-11-28 16:42:34 [restartedMain] TRACE o.s.b.f.s.DefaultListableBeanFactory - Returning cached instance of singleton bean 'org.springframework.transaction.config.internalTransactionAdvisor'
2025-11-28 16:42:34 [restartedMain] TRACE o.s.b.f.s.DefaultListableBeanFactory - Returning cached instance of singleton bean 'org.springframework.transaction.config.internalTransactionAdvisor'
2025-11-28 16:42:34 [restartedMain] TRACE o.s.b.f.s.DefaultListableBeanFactory - Finished creating instance of bean 'spring.jdbc-org.springframework.boot.autoconfigure.jdbc.JdbcProperties'
2025-11-28 16:42:34 [restartedMain] DEBUG o.s.b.f.s.DefaultListableBeanFactory - Autowiring by type from bean name 'jdbcTemplate' via factory method to bean named 'dataSource'
2025-11-28 16:42:34 [restartedMain] DEBUG o.s.b.f.s.DefaultListableBeanFactory - Autowiring by type from bean name 'jdbcTemplate' via factory method to bean named 'spring.jdbc-org.springframework.boot.autoconfigure.jdbc.JdbcProperties'
2025-11-28 16:42:34 [restartedMain] TRACE o.s.b.f.s.DefaultListableBeanFactory - Invoking afterPropertiesSet() on bean with name 'jdbcTemplate'
2025-11-28 16:42:34 [restartedMain] TRACE o.s.b.f.s.DefaultListableBeanFactory - Returning cached instance of singleton bean 'org.springframework.transaction.config.internalTransactionAdvisor'
2025-11-28 16:42:34 [restartedMain] TRACE o.s.b.f.s.DefaultListableBeanFactory - Returning cached instance of singleton bean 'org.springframework.transaction.config.internalTransactionAdvisor'
2025-11-28 16:42:34 [restartedMain] TRACE o.s.b.f.s.DefaultListableBeanFactory - Finished creating instance of bean 'jdbcTemplate'
2025-11-28 16:42:34 [restartedMain] DEBUG o.s.b.f.s.DefaultListableBeanFactory - Creating shared instance of singleton bean 'org.springframework.boot.autoconfigure.jdbc.NamedParameterJdbcTemplateConfiguration'
2025-11-28 16:42:34 [restartedMain] TRACE o.s.b.f.s.DefaultListableBeanFactory - Creating instance of bean 'org.springframework.boot.autoconfigure.jdbc.NamedParameterJdbcTemplateConfiguration'
2025-11-28 16:42:34 [restartedMain] TRACE o.s.b.f.s.DefaultListableBeanFactory - Returning cached instance of singleton bean 'org.springframework.transaction.config.internalTransactionAdvisor'
2025-11-28 16:42:34 [restartedMain] TRACE o.s.b.f.s.DefaultListableBeanFactory - Returning cached instance of singleton bean 'org.springframework.transaction.config.internalTransactionAdvisor'
2025-11-28 16:42:34 [restartedMain] TRACE o.s.b.f.s.DefaultListableBeanFactory - Returning cached instance of singleton bean 'org.springframework.transaction.config.internalTransactionAdvisor'
2025-11-28 16:42:34 [restartedMain] TRACE o.s.b.f.s.DefaultListableBeanFactory - Finished creating instance of bean 'org.springframework.boot.autoconfigure.jdbc.NamedParameterJdbcTemplateConfiguration'
2025-11-28 16:42:34 [restartedMain] TRACE o.s.b.f.s.DefaultListableBeanFactory - Returning cached instance of singleton bean 'dataSourceScriptDatabaseInitializer'
2025-11-28 16:42:34 [restartedMain] DEBUG o.s.b.f.s.DefaultListableBeanFactory - Creating shared instance of singleton bean 'namedParameterJdbcTemplate'
2025-11-28 16:42:34 [restartedMain] TRACE o.s.b.f.s.DefaultListableBeanFactory - Creating instance of bean 'namedParameterJdbcTemplate'
2025-11-28 16:42:34 [restartedMain] TRACE o.s.b.f.s.DefaultListableBeanFactory - Returning cached instance of singleton bean 'org.springframework.transaction.config.internalTransactionAdvisor'
2025-11-28 16:42:34 [restartedMain] TRACE o.s.b.f.s.DefaultListableBeanFactory - Returning cached instance of singleton bean 'org.springframework.boot.autoconfigure.jdbc.NamedParameterJdbcTemplateConfiguration'
2025-11-28 16:42:34 [restartedMain] TRACE o.s.b.f.s.DefaultListableBeanFactory - Returning cached instance of singleton bean 'jdbcTemplate'
2025-11-28 16:42:34 [restartedMain] DEBUG o.s.b.f.s.DefaultListableBeanFactory - Autowiring by type from bean name 'namedParameterJdbcTemplate' via factory method to bean named 'jdbcTemplate'
2025-11-28 16:42:34 [restartedMain] TRACE o.s.b.f.s.DefaultListableBeanFactory - Returning cached instance of singleton bean 'org.springframework.transaction.config.internalTransactionAdvisor'
2025-11-28 16:42:34 [restartedMain] TRACE o.s.b.f.s.DefaultListableBeanFactory - Returning cached instance of singleton bean 'org.springframework.transaction.config.internalTransactionAdvisor'
2025-11-28 16:42:34 [restartedMain] TRACE o.s.b.f.s.DefaultListableBeanFactory - Finished creating instance of bean 'namedParameterJdbcTemplate'
2025-11-28 16:42:34 [restartedMain] DEBUG o.s.b.f.s.DefaultListableBeanFactory - Creating shared instance of singleton bean 'org.springframework.boot.autoconfigure.jdbc.JdbcTemplateAutoConfiguration'
2025-11-28 16:42:34 [restartedMain] TRACE o.s.b.f.s.DefaultListableBeanFactory - Creating instance of bean 'org.springframework.boot.autoconfigure.jdbc.JdbcTemplateAutoConfiguration'
2025-11-28 16:42:34 [restartedMain] TRACE o.s.b.f.s.DefaultListableBeanFactory - Returning cached instance of singleton bean 'org.springframework.transaction.config.internalTransactionAdvisor'
2025-11-28 16:42:34 [restartedMain] TRACE o.s.b.f.s.DefaultListableBeanFactory - Returning cached instance of singleton bean 'org.springframework.transaction.config.internalTransactionAdvisor'
2025-11-28 16:42:34 [restartedMain] TRACE o.s.b.f.s.DefaultListableBeanFactory - Returning cached instance of singleton bean 'org.springframework.transaction.config.internalTransactionAdvisor'
2025-11-28 16:42:34 [restartedMain] TRACE o.s.b.f.s.DefaultListableBeanFactory - Finished creating instance of bean 'org.springframework.boot.autoconfigure.jdbc.JdbcTemplateAutoConfiguration'
2025-11-28 16:42:34 [restartedMain] TRACE o.s.b.f.s.DefaultListableBeanFactory - Returning cached instance of singleton bean 'spring.jdbc-org.springframework.boot.autoconfigure.jdbc.JdbcProperties'
2025-11-28 16:42:34 [restartedMain] TRACE o.s.b.f.s.DefaultListableBeanFactory - Returning cached instance of singleton bean 'org.springframework.boot.sql.init.dependency.DatabaseInitializationDependencyConfigurer$DependsOnDatabaseInitializationPostProcessor'
2025-11-28 16:42:34 [restartedMain] DEBUG o.s.b.f.s.DefaultListableBeanFactory - Creating shared instance of singleton bean 'org.springframework.boot.autoconfigure.jdbc.JdbcClientAutoConfiguration'
2025-11-28 16:42:34 [restartedMain] TRACE o.s.b.f.s.DefaultListableBeanFactory - Creating instance of bean 'org.springframework.boot.autoconfigure.jdbc.JdbcClientAutoConfiguration'
2025-11-28 16:42:34 [restartedMain] TRACE o.s.b.f.s.DefaultListableBeanFactory - Returning cached instance of singleton bean 'org.springframework.transaction.config.internalTransactionAdvisor'
2025-11-28 16:42:34 [restartedMain] TRACE o.s.b.f.s.DefaultListableBeanFactory - Returning cached instance of singleton bean 'org.springframework.transaction.config.internalTransactionAdvisor'
2025-11-28 16:42:34 [restartedMain] TRACE o.s.b.f.s.DefaultListableBeanFactory - Returning cached instance of singleton bean 'org.springframework.transaction.config.internalTransactionAdvisor'
2025-11-28 16:42:34 [restartedMain] TRACE o.s.b.f.s.DefaultListableBeanFactory - Finished creating instance of bean 'org.springframework.boot.autoconfigure.jdbc.JdbcClientAutoConfiguration'
2025-11-28 16:42:34 [restartedMain] TRACE o.s.b.f.s.DefaultListableBeanFactory - Returning cached instance of singleton bean 'dataSourceScriptDatabaseInitializer'
2025-11-28 16:42:34 [restartedMain] DEBUG o.s.b.f.s.DefaultListableBeanFactory - Creating shared instance of singleton bean 'jdbcClient'
2025-11-28 16:42:34 [restartedMain] TRACE o.s.b.f.s.DefaultListableBeanFactory - Creating instance of bean 'jdbcClient'
2025-11-28 16:42:34 [restartedMain] TRACE o.s.b.f.s.DefaultListableBeanFactory - Returning cached instance of singleton bean 'org.springframework.transaction.config.internalTransactionAdvisor'
2025-11-28 16:42:34 [restartedMain] TRACE o.s.b.f.s.DefaultListableBeanFactory - Returning cached instance of singleton bean 'org.springframework.boot.autoconfigure.jdbc.JdbcClientAutoConfiguration'
2025-11-28 16:42:34 [restartedMain] TRACE o.s.b.f.s.DefaultListableBeanFactory - Returning cached instance of singleton bean 'namedParameterJdbcTemplate'
2025-11-28 16:42:34 [restartedMain] DEBUG o.s.b.f.s.DefaultListableBeanFactory - Autowiring by type from bean name 'jdbcClient' via factory method to bean named 'namedParameterJdbcTemplate'
2025-11-28 16:42:34 [restartedMain] TRACE o.s.b.f.s.DefaultListableBeanFactory - Returning cached instance of singleton bean 'org.springframework.transaction.config.internalTransactionAdvisor'
2025-11-28 16:42:34 [restartedMain] TRACE o.s.b.f.s.DefaultListableBeanFactory - Returning cached instance of singleton bean 'org.springframework.transaction.config.internalTransactionAdvisor'
2025-11-28 16:42:34 [restartedMain] TRACE o.s.b.f.s.DefaultListableBeanFactory - Finished creating instance of bean 'jdbcClient'
2025-11-28 16:42:34 [restartedMain] TRACE o.s.b.f.s.DefaultListableBeanFactory - Returning cached instance of singleton bean 'org.springframework.boot.autoconfigure.mail.MailSenderPropertiesConfiguration'
2025-11-28 16:42:34 [restartedMain] TRACE o.s.b.f.s.DefaultListableBeanFactory - Returning cached instance of singleton bean 'mailSender'
2025-11-28 16:42:34 [restartedMain] DEBUG o.s.b.f.s.DefaultListableBeanFactory - Creating shared instance of singleton bean 'org.springframework.boot.autoconfigure.mail.MailSenderAutoConfiguration'
2025-11-28 16:42:34 [restartedMain] TRACE o.s.b.f.s.DefaultListableBeanFactory - Creating instance of bean 'org.springframework.boot.autoconfigure.mail.MailSenderAutoConfiguration'
2025-11-28 16:42:34 [restartedMain] TRACE o.s.b.f.s.DefaultListableBeanFactory - Returning cached instance of singleton bean 'org.springframework.transaction.config.internalTransactionAdvisor'
2025-11-28 16:42:34 [restartedMain] TRACE o.s.b.f.s.DefaultListableBeanFactory - Returning cached instance of singleton bean 'org.springframework.transaction.config.internalTransactionAdvisor'
2025-11-28 16:42:34 [restartedMain] TRACE o.s.b.f.s.DefaultListableBeanFactory - Returning cached instance of singleton bean 'org.springframework.transaction.config.internalTransactionAdvisor'
2025-11-28 16:42:34 [restartedMain] TRACE o.s.b.f.s.DefaultListableBeanFactory - Finished creating instance of bean 'org.springframework.boot.autoconfigure.mail.MailSenderAutoConfiguration'
2025-11-28 16:42:34 [restartedMain] TRACE o.s.b.f.s.DefaultListableBeanFactory - Returning cached instance of singleton bean 'spring.mail-org.springframework.boot.autoconfigure.mail.MailProperties'
2025-11-28 16:42:34 [restartedMain] DEBUG o.s.b.f.s.DefaultListableBeanFactory - Creating shared instance of singleton bean 'org.springframework.boot.autoconfigure.security.servlet.SpringBootWebSecurityConfiguration'
2025-11-28 16:42:34 [restartedMain] TRACE o.s.b.f.s.DefaultListableBeanFactory - Creating instance of bean 'org.springframework.boot.autoconfigure.security.servlet.SpringBootWebSecurityConfiguration'
2025-11-28 16:42:34 [restartedMain] TRACE o.s.b.f.s.DefaultListableBeanFactory - Returning cached instance of singleton bean 'org.springframework.transaction.config.internalTransactionAdvisor'
2025-11-28 16:42:34 [restartedMain] TRACE o.s.b.f.s.DefaultListableBeanFactory - Returning cached instance of singleton bean 'org.springframework.transaction.config.internalTransactionAdvisor'
2025-11-28 16:42:34 [restartedMain] TRACE o.s.b.f.s.DefaultListableBeanFactory - Returning cached instance of singleton bean 'org.springframework.transaction.config.internalTransactionAdvisor'
2025-11-28 16:42:34 [restartedMain] TRACE o.s.b.f.s.DefaultListableBeanFactory - Finished creating instance of bean 'org.springframework.boot.autoconfigure.security.servlet.SpringBootWebSecurityConfiguration'
2025-11-28 16:42:34 [restartedMain] TRACE o.s.b.f.s.DefaultListableBeanFactory - Returning cached instance of singleton bean 'org.springframework.boot.autoconfigure.security.servlet.SecurityAutoConfiguration'
2025-11-28 16:42:34 [restartedMain] TRACE o.s.b.f.s.DefaultListableBeanFactory - Returning cached instance of singleton bean 'authenticationEventPublisher'
2025-11-28 16:42:34 [restartedMain] TRACE o.s.b.f.s.DefaultListableBeanFactory - Returning cached instance of singleton bean 'spring.security-org.springframework.boot.autoconfigure.security.SecurityProperties'
2025-11-28 16:42:34 [restartedMain] TRACE o.s.b.f.s.DefaultListableBeanFactory - Returning cached instance of singleton bean 'org.springframework.boot.autoconfigure.security.servlet.SecurityFilterAutoConfiguration'
2025-11-28 16:42:34 [restartedMain] TRACE o.s.b.f.s.DefaultListableBeanFactory - Returning cached instance of singleton bean 'securityFilterChainRegistration'
2025-11-28 16:42:34 [restartedMain] TRACE o.s.b.f.s.DefaultListableBeanFactory - Returning cached instance of singleton bean 'org.springframework.boot.autoconfigure.sql.init.DataSourceInitializationConfiguration'
2025-11-28 16:42:34 [restartedMain] TRACE o.s.b.f.s.DefaultListableBeanFactory - Returning cached instance of singleton bean 'dataSourceScriptDatabaseInitializer'
2025-11-28 16:42:34 [restartedMain] DEBUG o.s.b.f.s.DefaultListableBeanFactory - Creating shared instance of singleton bean 'org.springframework.boot.autoconfigure.sql.init.SqlInitializationAutoConfiguration'
2025-11-28 16:42:34 [restartedMain] TRACE o.s.b.f.s.DefaultListableBeanFactory - Creating instance of bean 'org.springframework.boot.autoconfigure.sql.init.SqlInitializationAutoConfiguration'
2025-11-28 16:42:34 [restartedMain] TRACE o.s.b.f.s.DefaultListableBeanFactory - Returning cached instance of singleton bean 'org.springframework.transaction.config.internalTransactionAdvisor'
2025-11-28 16:42:34 [restartedMain] TRACE o.s.b.f.s.DefaultListableBeanFactory - Returning cached instance of singleton bean 'org.springframework.transaction.config.internalTransactionAdvisor'
2025-11-28 16:42:34 [restartedMain] TRACE o.s.b.f.s.DefaultListableBeanFactory - Returning cached instance of singleton bean 'org.springframework.transaction.config.internalTransactionAdvisor'
2025-11-28 16:42:34 [restartedMain] TRACE o.s.b.f.s.DefaultListableBeanFactory - Finished creating instance of bean 'org.springframework.boot.autoconfigure.sql.init.SqlInitializationAutoConfiguration'
2025-11-28 16:42:34 [restartedMain] TRACE o.s.b.f.s.DefaultListableBeanFactory - Returning cached instance of singleton bean 'spring.sql.init-org.springframework.boot.autoconfigure.sql.init.SqlInitializationProperties'
2025-11-28 16:42:34 [restartedMain] DEBUG o.s.b.f.s.DefaultListableBeanFactory - Creating shared instance of singleton bean 'org.springframework.boot.autoconfigure.task.TaskSchedulingConfigurations$ThreadPoolTaskSchedulerBuilderConfiguration'
2025-11-28 16:42:34 [restartedMain] TRACE o.s.b.f.s.DefaultListableBeanFactory - Creating instance of bean 'org.springframework.boot.autoconfigure.task.TaskSchedulingConfigurations$ThreadPoolTaskSchedulerBuilderConfiguration'
2025-11-28 16:42:34 [restartedMain] TRACE o.s.b.f.s.DefaultListableBeanFactory - Returning cached instance of singleton bean 'org.springframework.transaction.config.internalTransactionAdvisor'
2025-11-28 16:42:34 [restartedMain] TRACE o.s.b.f.s.DefaultListableBeanFactory - Returning cached instance of singleton bean 'org.springframework.transaction.config.internalTransactionAdvisor'
2025-11-28 16:42:34 [restartedMain] TRACE o.s.b.f.s.DefaultListableBeanFactory - Returning cached instance of singleton bean 'org.springframework.transaction.config.internalTransactionAdvisor'
2025-11-28 16:42:34 [restartedMain] TRACE o.s.b.f.s.DefaultListableBeanFactory - Finished creating instance of bean 'org.springframework.boot.autoconfigure.task.TaskSchedulingConfigurations$ThreadPoolTaskSchedulerBuilderConfiguration'
2025-11-28 16:42:34 [restartedMain] DEBUG o.s.b.f.s.DefaultListableBeanFactory - Creating shared instance of singleton bean 'threadPoolTaskSchedulerBuilder'
2025-11-28 16:42:34 [restartedMain] TRACE o.s.b.f.s.DefaultListableBeanFactory - Creating instance of bean 'threadPoolTaskSchedulerBuilder'
2025-11-28 16:42:34 [restartedMain] TRACE o.s.b.f.s.DefaultListableBeanFactory - Returning cached instance of singleton bean 'org.springframework.transaction.config.internalTransactionAdvisor'
2025-11-28 16:42:34 [restartedMain] TRACE o.s.b.f.s.DefaultListableBeanFactory - Returning cached instance of singleton bean 'org.springframework.boot.autoconfigure.task.TaskSchedulingConfigurations$ThreadPoolTaskSchedulerBuilderConfiguration'
2025-11-28 16:42:34 [restartedMain] DEBUG o.s.b.f.s.DefaultListableBeanFactory - Creating shared instance of singleton bean 'spring.task.scheduling-org.springframework.boot.autoconfigure.task.TaskSchedulingProperties'
2025-11-28 16:42:34 [restartedMain] TRACE o.s.b.f.s.DefaultListableBeanFactory - Creating instance of bean 'spring.task.scheduling-org.springframework.boot.autoconfigure.task.TaskSchedulingProperties'
2025-11-28 16:42:34 [restartedMain] TRACE o.s.b.f.s.DefaultListableBeanFactory - Returning cached instance of singleton bean 'org.springframework.transaction.config.internalTransactionAdvisor'
2025-11-28 16:42:34 [restartedMain] TRACE o.s.b.f.s.DefaultListableBeanFactory - Returning cached instance of singleton bean 'org.springframework.boot.context.properties.BoundConfigurationProperties'
2025-11-28 16:42:34 [restartedMain] TRACE o.s.b.f.s.DefaultListableBeanFactory - Returning cached instance of singleton bean 'org.springframework.transaction.config.internalTransactionAdvisor'
2025-11-28 16:42:34 [restartedMain] TRACE o.s.b.f.s.DefaultListableBeanFactory - Returning cached instance of singleton bean 'org.springframework.transaction.config.internalTransactionAdvisor'
2025-11-28 16:42:34 [restartedMain] TRACE o.s.b.f.s.DefaultListableBeanFactory - Finished creating instance of bean 'spring.task.scheduling-org.springframework.boot.autoconfigure.task.TaskSchedulingProperties'
2025-11-28 16:42:34 [restartedMain] DEBUG o.s.b.f.s.DefaultListableBeanFactory - Autowiring by type from bean name 'threadPoolTaskSchedulerBuilder' via factory method to bean named 'spring.task.scheduling-org.springframework.boot.autoconfigure.task.TaskSchedulingProperties'
2025-11-28 16:42:34 [restartedMain] TRACE o.s.b.f.s.DefaultListableBeanFactory - Returning cached instance of singleton bean 'org.springframework.transaction.config.internalTransactionAdvisor'
2025-11-28 16:42:34 [restartedMain] TRACE o.s.b.f.s.DefaultListableBeanFactory - Returning cached instance of singleton bean 'org.springframework.transaction.config.internalTransactionAdvisor'
2025-11-28 16:42:34 [restartedMain] TRACE o.s.b.f.s.DefaultListableBeanFactory - Finished creating instance of bean 'threadPoolTaskSchedulerBuilder'
2025-11-28 16:42:34 [restartedMain] DEBUG o.s.b.f.s.DefaultListableBeanFactory - Creating shared instance of singleton bean 'org.springframework.boot.autoconfigure.task.TaskSchedulingConfigurations$SimpleAsyncTaskSchedulerBuilderConfiguration'
2025-11-28 16:42:34 [restartedMain] TRACE o.s.b.f.s.DefaultListableBeanFactory - Creating instance of bean 'org.springframework.boot.autoconfigure.task.TaskSchedulingConfigurations$SimpleAsyncTaskSchedulerBuilderConfiguration'
2025-11-28 16:42:34 [restartedMain] TRACE o.s.b.f.s.DefaultListableBeanFactory - Returning cached instance of singleton bean 'org.springframework.transaction.config.internalTransactionAdvisor'
2025-11-28 16:42:34 [restartedMain] TRACE o.s.b.f.s.DefaultListableBeanFactory - Returning cached instance of singleton bean 'spring.task.scheduling-org.springframework.boot.autoconfigure.task.TaskSchedulingProperties'
2025-11-28 16:42:34 [restartedMain] DEBUG o.s.b.f.s.DefaultListableBeanFactory - Autowiring by type from bean name 'org.springframework.boot.autoconfigure.task.TaskSchedulingConfigurations$SimpleAsyncTaskSchedulerBuilderConfiguration' via constructor to bean named 'spring.task.scheduling-org.springframework.boot.autoconfigure.task.TaskSchedulingProperties'
2025-11-28 16:42:34 [restartedMain] TRACE o.s.b.f.s.DefaultListableBeanFactory - Returning cached instance of singleton bean 'org.springframework.transaction.config.internalTransactionAdvisor'
2025-11-28 16:42:34 [restartedMain] TRACE o.s.b.f.s.DefaultListableBeanFactory - Returning cached instance of singleton bean 'org.springframework.transaction.config.internalTransactionAdvisor'
2025-11-28 16:42:34 [restartedMain] TRACE o.s.b.f.s.DefaultListableBeanFactory - Finished creating instance of bean 'org.springframework.boot.autoconfigure.task.TaskSchedulingConfigurations$SimpleAsyncTaskSchedulerBuilderConfiguration'
2025-11-28 16:42:34 [restartedMain] DEBUG o.s.b.f.s.DefaultListableBeanFactory - Creating shared instance of singleton bean 'simpleAsyncTaskSchedulerBuilder'
2025-11-28 16:42:34 [restartedMain] TRACE o.s.b.f.s.DefaultListableBeanFactory - Creating instance of bean 'simpleAsyncTaskSchedulerBuilder'
2025-11-28 16:42:34 [restartedMain] TRACE o.s.b.f.s.DefaultListableBeanFactory - Returning cached instance of singleton bean 'org.springframework.transaction.config.internalTransactionAdvisor'
2025-11-28 16:42:34 [restartedMain] TRACE o.s.b.f.s.DefaultListableBeanFactory - Returning cached instance of singleton bean 'org.springframework.boot.autoconfigure.task.TaskSchedulingConfigurations$SimpleAsyncTaskSchedulerBuilderConfiguration'
2025-11-28 16:42:34 [restartedMain] TRACE o.s.b.f.s.DefaultListableBeanFactory - Returning cached instance of singleton bean 'org.springframework.transaction.config.internalTransactionAdvisor'
2025-11-28 16:42:34 [restartedMain] TRACE o.s.b.f.s.DefaultListableBeanFactory - Returning cached instance of singleton bean 'org.springframework.transaction.config.internalTransactionAdvisor'
2025-11-28 16:42:34 [restartedMain] TRACE o.s.b.f.s.DefaultListableBeanFactory - Finished creating instance of bean 'simpleAsyncTaskSchedulerBuilder'
2025-11-28 16:42:34 [restartedMain] DEBUG o.s.b.f.s.DefaultListableBeanFactory - Creating shared instance of singleton bean 'org.springframework.boot.autoconfigure.task.TaskSchedulingAutoConfiguration'
2025-11-28 16:42:34 [restartedMain] TRACE o.s.b.f.s.DefaultListableBeanFactory - Creating instance of bean 'org.springframework.boot.autoconfigure.task.TaskSchedulingAutoConfiguration'
2025-11-28 16:42:34 [restartedMain] TRACE o.s.b.f.s.DefaultListableBeanFactory - Returning cached instance of singleton bean 'org.springframework.transaction.config.internalTransactionAdvisor'
2025-11-28 16:42:34 [restartedMain] TRACE o.s.b.f.s.DefaultListableBeanFactory - Returning cached instance of singleton bean 'org.springframework.transaction.config.internalTransactionAdvisor'
2025-11-28 16:42:34 [restartedMain] TRACE o.s.b.f.s.DefaultListableBeanFactory - Returning cached instance of singleton bean 'org.springframework.transaction.config.internalTransactionAdvisor'
2025-11-28 16:42:34 [restartedMain] TRACE o.s.b.f.s.DefaultListableBeanFactory - Finished creating instance of bean 'org.springframework.boot.autoconfigure.task.TaskSchedulingAutoConfiguration'
2025-11-28 16:42:34 [restartedMain] TRACE o.s.b.f.s.DefaultListableBeanFactory - Returning cached instance of singleton bean 'spring.task.scheduling-org.springframework.boot.autoconfigure.task.TaskSchedulingProperties'
2025-11-28 16:42:34 [restartedMain] DEBUG o.s.b.f.s.DefaultListableBeanFactory - Creating shared instance of singleton bean 'org.springframework.boot.autoconfigure.jdbc.DataSourceTransactionManagerAutoConfiguration$JdbcTransactionManagerConfiguration'
2025-11-28 16:42:34 [restartedMain] TRACE o.s.b.f.s.DefaultListableBeanFactory - Creating instance of bean 'org.springframework.boot.autoconfigure.jdbc.DataSourceTransactionManagerAutoConfiguration$JdbcTransactionManagerConfiguration'
2025-11-28 16:42:34 [restartedMain] TRACE o.s.b.f.s.DefaultListableBeanFactory - Returning cached instance of singleton bean 'org.springframework.transaction.config.internalTransactionAdvisor'
2025-11-28 16:42:34 [restartedMain] TRACE o.s.b.f.s.DefaultListableBeanFactory - Returning cached instance of singleton bean 'org.springframework.transaction.config.internalTransactionAdvisor'
2025-11-28 16:42:34 [restartedMain] TRACE o.s.b.f.s.DefaultListableBeanFactory - Returning cached instance of singleton bean 'org.springframework.transaction.config.internalTransactionAdvisor'
2025-11-28 16:42:34 [restartedMain] TRACE o.s.b.f.s.DefaultListableBeanFactory - Finished creating instance of bean 'org.springframework.boot.autoconfigure.jdbc.DataSourceTransactionManagerAutoConfiguration$JdbcTransactionManagerConfiguration'
2025-11-28 16:42:34 [restartedMain] DEBUG o.s.b.f.s.DefaultListableBeanFactory - Creating shared instance of singleton bean 'org.springframework.boot.autoconfigure.jdbc.DataSourceTransactionManagerAutoConfiguration'
2025-11-28 16:42:34 [restartedMain] TRACE o.s.b.f.s.DefaultListableBeanFactory - Creating instance of bean 'org.springframework.boot.autoconfigure.jdbc.DataSourceTransactionManagerAutoConfiguration'
2025-11-28 16:42:34 [restartedMain] TRACE o.s.b.f.s.DefaultListableBeanFactory - Returning cached instance of singleton bean 'org.springframework.transaction.config.internalTransactionAdvisor'
2025-11-28 16:42:34 [restartedMain] TRACE o.s.b.f.s.DefaultListableBeanFactory - Returning cached instance of singleton bean 'org.springframework.transaction.config.internalTransactionAdvisor'
2025-11-28 16:42:34 [restartedMain] TRACE o.s.b.f.s.DefaultListableBeanFactory - Returning cached instance of singleton bean 'org.springframework.transaction.config.internalTransactionAdvisor'
2025-11-28 16:42:34 [restartedMain] TRACE o.s.b.f.s.DefaultListableBeanFactory - Finished creating instance of bean 'org.springframework.boot.autoconfigure.jdbc.DataSourceTransactionManagerAutoConfiguration'
2025-11-28 16:42:34 [restartedMain] TRACE o.s.b.f.s.DefaultListableBeanFactory - Returning cached instance of singleton bean 'org.springframework.transaction.annotation.ProxyTransactionManagementConfiguration'
2025-11-28 16:42:34 [restartedMain] TRACE o.s.b.f.s.DefaultListableBeanFactory - Returning cached instance of singleton bean 'org.springframework.transaction.config.internalTransactionAdvisor'
2025-11-28 16:42:34 [restartedMain] TRACE o.s.b.f.s.DefaultListableBeanFactory - Returning cached instance of singleton bean 'transactionInterceptor'
2025-11-28 16:42:34 [restartedMain] TRACE o.s.b.f.s.DefaultListableBeanFactory - Returning cached instance of singleton bean 'transactionAttributeSource'
2025-11-28 16:42:34 [restartedMain] TRACE o.s.b.f.s.DefaultListableBeanFactory - Returning cached instance of singleton bean 'org.springframework.transaction.config.internalTransactionalEventListenerFactory'
2025-11-28 16:42:34 [restartedMain] DEBUG o.s.b.f.s.DefaultListableBeanFactory - Creating shared instance of singleton bean 'org.springframework.boot.autoconfigure.transaction.TransactionAutoConfiguration$EnableTransactionManagementConfiguration$CglibAutoProxyConfiguration'
2025-11-28 16:42:34 [restartedMain] TRACE o.s.b.f.s.DefaultListableBeanFactory - Creating instance of bean 'org.springframework.boot.autoconfigure.transaction.TransactionAutoConfiguration$EnableTransactionManagementConfiguration$CglibAutoProxyConfiguration'
2025-11-28 16:42:34 [restartedMain] TRACE o.s.b.f.s.DefaultListableBeanFactory - Returning cached instance of singleton bean 'org.springframework.transaction.config.internalTransactionAdvisor'
2025-11-28 16:42:34 [restartedMain] TRACE o.s.b.f.s.DefaultListableBeanFactory - Returning cached instance of singleton bean 'org.springframework.transaction.config.internalTransactionAdvisor'
2025-11-28 16:42:34 [restartedMain] TRACE o.s.b.f.s.DefaultListableBeanFactory - Returning cached instance of singleton bean 'org.springframework.transaction.config.internalTransactionAdvisor'
2025-11-28 16:42:34 [restartedMain] TRACE o.s.b.f.s.DefaultListableBeanFactory - Finished creating instance of bean 'org.springframework.boot.autoconfigure.transaction.TransactionAutoConfiguration$EnableTransactionManagementConfiguration$CglibAutoProxyConfiguration'
2025-11-28 16:42:34 [restartedMain] DEBUG o.s.b.f.s.DefaultListableBeanFactory - Creating shared instance of singleton bean 'org.springframework.boot.autoconfigure.transaction.TransactionAutoConfiguration$EnableTransactionManagementConfiguration'
2025-11-28 16:42:34 [restartedMain] TRACE o.s.b.f.s.DefaultListableBeanFactory - Creating instance of bean 'org.springframework.boot.autoconfigure.transaction.TransactionAutoConfiguration$EnableTransactionManagementConfiguration'
2025-11-28 16:42:34 [restartedMain] TRACE o.s.b.f.s.DefaultListableBeanFactory - Returning cached instance of singleton bean 'org.springframework.transaction.config.internalTransactionAdvisor'
2025-11-28 16:42:34 [restartedMain] TRACE o.s.b.f.s.DefaultListableBeanFactory - Returning cached instance of singleton bean 'org.springframework.transaction.config.internalTransactionAdvisor'
2025-11-28 16:42:34 [restartedMain] TRACE o.s.b.f.s.DefaultListableBeanFactory - Returning cached instance of singleton bean 'org.springframework.transaction.config.internalTransactionAdvisor'
2025-11-28 16:42:34 [restartedMain] TRACE o.s.b.f.s.DefaultListableBeanFactory - Finished creating instance of bean 'org.springframework.boot.autoconfigure.transaction.TransactionAutoConfiguration$EnableTransactionManagementConfiguration'
2025-11-28 16:42:34 [restartedMain] DEBUG o.s.b.f.s.DefaultListableBeanFactory - Creating shared instance of singleton bean 'org.springframework.boot.autoconfigure.transaction.TransactionAutoConfiguration$TransactionTemplateConfiguration'
2025-11-28 16:42:34 [restartedMain] TRACE o.s.b.f.s.DefaultListableBeanFactory - Creating instance of bean 'org.springframework.boot.autoconfigure.transaction.TransactionAutoConfiguration$TransactionTemplateConfiguration'
2025-11-28 16:42:34 [restartedMain] TRACE o.s.b.f.s.DefaultListableBeanFactory - Returning cached instance of singleton bean 'org.springframework.transaction.config.internalTransactionAdvisor'
2025-11-28 16:42:34 [restartedMain] TRACE o.s.b.f.s.DefaultListableBeanFactory - Returning cached instance of singleton bean 'org.springframework.transaction.config.internalTransactionAdvisor'
2025-11-28 16:42:34 [restartedMain] TRACE o.s.b.f.s.DefaultListableBeanFactory - Returning cached instance of singleton bean 'org.springframework.transaction.config.internalTransactionAdvisor'
2025-11-28 16:42:34 [restartedMain] TRACE o.s.b.f.s.DefaultListableBeanFactory - Finished creating instance of bean 'org.springframework.boot.autoconfigure.transaction.TransactionAutoConfiguration$TransactionTemplateConfiguration'
2025-11-28 16:42:34 [restartedMain] DEBUG o.s.b.f.s.DefaultListableBeanFactory - Creating shared instance of singleton bean 'transactionTemplate'
2025-11-28 16:42:34 [restartedMain] TRACE o.s.b.f.s.DefaultListableBeanFactory - Creating instance of bean 'transactionTemplate'
2025-11-28 16:42:34 [restartedMain] TRACE o.s.b.f.s.DefaultListableBeanFactory - Returning cached instance of singleton bean 'org.springframework.transaction.config.internalTransactionAdvisor'
2025-11-28 16:42:34 [restartedMain] TRACE o.s.b.f.s.DefaultListableBeanFactory - Returning cached instance of singleton bean 'org.springframework.boot.autoconfigure.transaction.TransactionAutoConfiguration$TransactionTemplateConfiguration'
2025-11-28 16:42:34 [restartedMain] TRACE o.s.b.f.s.DefaultListableBeanFactory - Returning cached instance of singleton bean 'transactionManager'
2025-11-28 16:42:34 [restartedMain] DEBUG o.s.b.f.s.DefaultListableBeanFactory - Autowiring by type from bean name 'transactionTemplate' via factory method to bean named 'transactionManager'
2025-11-28 16:42:34 [restartedMain] TRACE o.s.b.f.s.DefaultListableBeanFactory - Invoking afterPropertiesSet() on bean with name 'transactionTemplate'
2025-11-28 16:42:34 [restartedMain] TRACE o.s.b.f.s.DefaultListableBeanFactory - Returning cached instance of singleton bean 'org.springframework.transaction.config.internalTransactionAdvisor'
2025-11-28 16:42:34 [restartedMain] TRACE o.s.b.f.s.DefaultListableBeanFactory - Returning cached instance of singleton bean 'org.springframework.transaction.config.internalTransactionAdvisor'
2025-11-28 16:42:34 [restartedMain] TRACE o.s.b.f.s.DefaultListableBeanFactory - Finished creating instance of bean 'transactionTemplate'
2025-11-28 16:42:34 [restartedMain] DEBUG o.s.b.f.s.DefaultListableBeanFactory - Creating shared instance of singleton bean 'org.springframework.boot.autoconfigure.transaction.TransactionAutoConfiguration'
2025-11-28 16:42:34 [restartedMain] TRACE o.s.b.f.s.DefaultListableBeanFactory - Creating instance of bean 'org.springframework.boot.autoconfigure.transaction.TransactionAutoConfiguration'
2025-11-28 16:42:34 [restartedMain] TRACE o.s.b.f.s.DefaultListableBeanFactory - Returning cached instance of singleton bean 'org.springframework.transaction.config.internalTransactionAdvisor'
2025-11-28 16:42:34 [restartedMain] TRACE o.s.b.f.s.DefaultListableBeanFactory - Returning cached instance of singleton bean 'org.springframework.transaction.config.internalTransactionAdvisor'
2025-11-28 16:42:34 [restartedMain] TRACE o.s.b.f.s.DefaultListableBeanFactory - Returning cached instance of singleton bean 'org.springframework.transaction.config.internalTransactionAdvisor'
2025-11-28 16:42:34 [restartedMain] TRACE o.s.b.f.s.DefaultListableBeanFactory - Finished creating instance of bean 'org.springframework.boot.autoconfigure.transaction.TransactionAutoConfiguration'
2025-11-28 16:42:34 [restartedMain] DEBUG o.s.b.f.s.DefaultListableBeanFactory - Creating shared instance of singleton bean 'org.springframework.boot.autoconfigure.web.client.RestClientAutoConfiguration'
2025-11-28 16:42:34 [restartedMain] TRACE o.s.b.f.s.DefaultListableBeanFactory - Creating instance of bean 'org.springframework.boot.autoconfigure.web.client.RestClientAutoConfiguration'
2025-11-28 16:42:34 [restartedMain] TRACE o.s.b.f.s.DefaultListableBeanFactory - Returning cached instance of singleton bean 'org.springframework.transaction.config.internalTransactionAdvisor'
2025-11-28 16:42:34 [restartedMain] TRACE o.s.b.f.s.DefaultListableBeanFactory - Returning cached instance of singleton bean 'org.springframework.transaction.config.internalTransactionAdvisor'
2025-11-28 16:42:34 [restartedMain] TRACE o.s.b.f.s.DefaultListableBeanFactory - Returning cached instance of singleton bean 'org.springframework.transaction.config.internalTransactionAdvisor'
2025-11-28 16:42:34 [restartedMain] TRACE o.s.b.f.s.DefaultListableBeanFactory - Finished creating instance of bean 'org.springframework.boot.autoconfigure.web.client.RestClientAutoConfiguration'
2025-11-28 16:42:34 [restartedMain] DEBUG o.s.b.f.s.DefaultListableBeanFactory - Creating shared instance of singleton bean 'httpMessageConvertersRestClientCustomizer'
2025-11-28 16:42:34 [restartedMain] TRACE o.s.b.f.s.DefaultListableBeanFactory - Creating instance of bean 'httpMessageConvertersRestClientCustomizer'
2025-11-28 16:42:34 [restartedMain] TRACE o.s.b.f.s.DefaultListableBeanFactory - Returning cached instance of singleton bean 'org.springframework.transaction.config.internalTransactionAdvisor'
2025-11-28 16:42:34 [restartedMain] TRACE o.s.b.f.s.DefaultListableBeanFactory - Returning cached instance of singleton bean 'org.springframework.boot.autoconfigure.web.client.RestClientAutoConfiguration'
2025-11-28 16:42:34 [restartedMain] TRACE o.s.b.f.s.DefaultListableBeanFactory - Returning cached instance of singleton bean 'messageConverters'
2025-11-28 16:42:34 [restartedMain] TRACE o.s.b.f.s.DefaultListableBeanFactory - Returning cached instance of singleton bean 'org.springframework.transaction.config.internalTransactionAdvisor'
2025-11-28 16:42:34 [restartedMain] TRACE o.s.b.f.s.DefaultListableBeanFactory - Returning cached instance of singleton bean 'org.springframework.transaction.config.internalTransactionAdvisor'
2025-11-28 16:42:34 [restartedMain] TRACE o.s.b.f.s.DefaultListableBeanFactory - Finished creating instance of bean 'httpMessageConvertersRestClientCustomizer'
2025-11-28 16:42:34 [restartedMain] DEBUG o.s.b.f.s.DefaultListableBeanFactory - Creating shared instance of singleton bean 'restClientSsl'
2025-11-28 16:42:34 [restartedMain] TRACE o.s.b.f.s.DefaultListableBeanFactory - Creating instance of bean 'restClientSsl'
2025-11-28 16:42:34 [restartedMain] TRACE o.s.b.f.s.DefaultListableBeanFactory - Returning cached instance of singleton bean 'org.springframework.transaction.config.internalTransactionAdvisor'
2025-11-28 16:42:34 [restartedMain] TRACE o.s.b.f.s.DefaultListableBeanFactory - Returning cached instance of singleton bean 'org.springframework.boot.autoconfigure.web.client.RestClientAutoConfiguration'
2025-11-28 16:42:34 [restartedMain] TRACE o.s.b.f.s.DefaultListableBeanFactory - Returning cached instance of singleton bean 'sslBundleRegistry'
2025-11-28 16:42:34 [restartedMain] DEBUG o.s.b.f.s.DefaultListableBeanFactory - Autowiring by type from bean name 'restClientSsl' via factory method to bean named 'sslBundleRegistry'
2025-11-28 16:42:34 [restartedMain] TRACE o.s.b.f.s.DefaultListableBeanFactory - Returning cached instance of singleton bean 'clientHttpRequestFactoryBuilder'
2025-11-28 16:42:34 [restartedMain] TRACE o.s.b.f.s.DefaultListableBeanFactory - Returning cached instance of singleton bean 'org.springframework.transaction.config.internalTransactionAdvisor'
2025-11-28 16:42:34 [restartedMain] TRACE o.s.b.f.s.DefaultListableBeanFactory - Returning cached instance of singleton bean 'org.springframework.transaction.config.internalTransactionAdvisor'
2025-11-28 16:42:34 [restartedMain] TRACE o.s.b.f.s.DefaultListableBeanFactory - Finished creating instance of bean 'restClientSsl'
2025-11-28 16:42:34 [restartedMain] DEBUG o.s.b.f.s.DefaultListableBeanFactory - Creating shared instance of singleton bean 'restClientBuilderConfigurer'
2025-11-28 16:42:34 [restartedMain] TRACE o.s.b.f.s.DefaultListableBeanFactory - Creating instance of bean 'restClientBuilderConfigurer'
2025-11-28 16:42:34 [restartedMain] TRACE o.s.b.f.s.DefaultListableBeanFactory - Returning cached instance of singleton bean 'org.springframework.transaction.config.internalTransactionAdvisor'
2025-11-28 16:42:34 [restartedMain] TRACE o.s.b.f.s.DefaultListableBeanFactory - Returning cached instance of singleton bean 'org.springframework.boot.autoconfigure.web.client.RestClientAutoConfiguration'
2025-11-28 16:42:34 [restartedMain] TRACE o.s.b.f.s.DefaultListableBeanFactory - Returning cached instance of singleton bean 'clientHttpRequestFactoryBuilder'
2025-11-28 16:42:34 [restartedMain] TRACE o.s.b.f.s.DefaultListableBeanFactory - Returning cached instance of singleton bean 'clientHttpRequestFactorySettings'
2025-11-28 16:42:34 [restartedMain] TRACE o.s.b.f.s.DefaultListableBeanFactory - Returning cached instance of singleton bean 'httpMessageConvertersRestClientCustomizer'
2025-11-28 16:42:34 [restartedMain] TRACE o.s.b.f.s.DefaultListableBeanFactory - Returning cached instance of singleton bean 'httpMessageConvertersRestClientCustomizer'
2025-11-28 16:42:34 [restartedMain] TRACE o.s.b.f.s.DefaultListableBeanFactory - Returning cached instance of singleton bean 'org.springframework.transaction.config.internalTransactionAdvisor'
2025-11-28 16:42:34 [restartedMain] TRACE o.s.b.f.s.DefaultListableBeanFactory - Returning cached instance of singleton bean 'org.springframework.transaction.config.internalTransactionAdvisor'
2025-11-28 16:42:34 [restartedMain] TRACE o.s.b.f.s.DefaultListableBeanFactory - Finished creating instance of bean 'restClientBuilderConfigurer'
2025-11-28 16:42:34 [restartedMain] DEBUG o.s.b.f.s.DefaultListableBeanFactory - Creating shared instance of singleton bean 'org.springframework.boot.autoconfigure.web.client.RestTemplateAutoConfiguration'
2025-11-28 16:42:34 [restartedMain] TRACE o.s.b.f.s.DefaultListableBeanFactory - Creating instance of bean 'org.springframework.boot.autoconfigure.web.client.RestTemplateAutoConfiguration'
2025-11-28 16:42:34 [restartedMain] TRACE o.s.b.f.s.DefaultListableBeanFactory - Returning cached instance of singleton bean 'org.springframework.transaction.config.internalTransactionAdvisor'
2025-11-28 16:42:34 [restartedMain] TRACE o.s.b.f.s.DefaultListableBeanFactory - Returning cached instance of singleton bean 'org.springframework.transaction.config.internalTransactionAdvisor'
2025-11-28 16:42:34 [restartedMain] TRACE o.s.b.f.s.DefaultListableBeanFactory - Returning cached instance of singleton bean 'org.springframework.transaction.config.internalTransactionAdvisor'
2025-11-28 16:42:34 [restartedMain] TRACE o.s.b.f.s.DefaultListableBeanFactory - Finished creating instance of bean 'org.springframework.boot.autoconfigure.web.client.RestTemplateAutoConfiguration'
2025-11-28 16:42:34 [restartedMain] TRACE o.s.b.f.s.DefaultListableBeanFactory - Returning cached instance of singleton bean 'org.springframework.boot.autoconfigure.web.embedded.EmbeddedWebServerFactoryCustomizerAutoConfiguration$TomcatWebServerFactoryCustomizerConfiguration'
2025-11-28 16:42:34 [restartedMain] TRACE o.s.b.f.s.DefaultListableBeanFactory - Returning cached instance of singleton bean 'tomcatWebServerFactoryCustomizer'
2025-11-28 16:42:34 [restartedMain] DEBUG o.s.b.f.s.DefaultListableBeanFactory - Creating shared instance of singleton bean 'org.springframework.boot.autoconfigure.web.embedded.EmbeddedWebServerFactoryCustomizerAutoConfiguration'
2025-11-28 16:42:34 [restartedMain] TRACE o.s.b.f.s.DefaultListableBeanFactory - Creating instance of bean 'org.springframework.boot.autoconfigure.web.embedded.EmbeddedWebServerFactoryCustomizerAutoConfiguration'
2025-11-28 16:42:34 [restartedMain] TRACE o.s.b.f.s.DefaultListableBeanFactory - Returning cached instance of singleton bean 'org.springframework.transaction.config.internalTransactionAdvisor'
2025-11-28 16:42:34 [restartedMain] TRACE o.s.b.f.s.DefaultListableBeanFactory - Returning cached instance of singleton bean 'org.springframework.transaction.config.internalTransactionAdvisor'
2025-11-28 16:42:34 [restartedMain] TRACE o.s.b.f.s.DefaultListableBeanFactory - Returning cached instance of singleton bean 'org.springframework.transaction.config.internalTransactionAdvisor'
2025-11-28 16:42:34 [restartedMain] TRACE o.s.b.f.s.DefaultListableBeanFactory - Finished creating instance of bean 'org.springframework.boot.autoconfigure.web.embedded.EmbeddedWebServerFactoryCustomizerAutoConfiguration'
2025-11-28 16:42:34 [restartedMain] TRACE o.s.b.f.s.DefaultListableBeanFactory - Returning cached instance of singleton bean 'org.springframework.boot.autoconfigure.web.servlet.HttpEncodingAutoConfiguration'
2025-11-28 16:42:34 [restartedMain] TRACE o.s.b.f.s.DefaultListableBeanFactory - Returning cached instance of singleton bean 'characterEncodingFilter'
2025-11-28 16:42:34 [restartedMain] TRACE o.s.b.f.s.DefaultListableBeanFactory - Returning cached instance of singleton bean 'localeCharsetMappingsCustomizer'
2025-11-28 16:42:34 [restartedMain] TRACE o.s.b.f.s.DefaultListableBeanFactory - Returning cached instance of singleton bean 'org.springframework.boot.autoconfigure.web.servlet.MultipartAutoConfiguration'
2025-11-28 16:42:34 [restartedMain] TRACE o.s.b.f.s.DefaultListableBeanFactory - Returning cached instance of singleton bean 'multipartConfigElement'
2025-11-28 16:42:34 [restartedMain] DEBUG o.s.b.f.s.DefaultListableBeanFactory - Creating shared instance of singleton bean 'multipartResolver'
2025-11-28 16:42:34 [restartedMain] TRACE o.s.b.f.s.DefaultListableBeanFactory - Creating instance of bean 'multipartResolver'
2025-11-28 16:42:34 [restartedMain] TRACE o.s.b.f.s.DefaultListableBeanFactory - Returning cached instance of singleton bean 'org.springframework.transaction.config.internalTransactionAdvisor'
2025-11-28 16:42:34 [restartedMain] TRACE o.s.b.f.s.DefaultListableBeanFactory - Returning cached instance of singleton bean 'org.springframework.boot.autoconfigure.web.servlet.MultipartAutoConfiguration'
2025-11-28 16:42:34 [restartedMain] TRACE o.s.b.f.s.DefaultListableBeanFactory - Returning cached instance of singleton bean 'org.springframework.transaction.config.internalTransactionAdvisor'
2025-11-28 16:42:34 [restartedMain] TRACE o.s.b.f.s.DefaultListableBeanFactory - Returning cached instance of singleton bean 'org.springframework.transaction.config.internalTransactionAdvisor'
2025-11-28 16:42:34 [restartedMain] TRACE o.s.b.f.s.DefaultListableBeanFactory - Finished creating instance of bean 'multipartResolver'
2025-11-28 16:42:34 [restartedMain] TRACE o.s.b.f.s.DefaultListableBeanFactory - Returning cached instance of singleton bean 'spring.servlet.multipart-org.springframework.boot.autoconfigure.web.servlet.MultipartProperties'
2025-11-28 16:42:34 [restartedMain] TRACE o.s.b.f.s.DefaultListableBeanFactory - Returning cached instance of singleton bean 'org.springframework.boot.devtools.autoconfigure.DevToolsDataSourceAutoConfiguration$DatabaseShutdownExecutorEntityManagerFactoryDependsOnPostProcessor'
2025-11-28 16:42:34 [restartedMain] TRACE o.s.b.f.s.DefaultListableBeanFactory - Returning cached instance of singleton bean 'org.springframework.boot.devtools.autoconfigure.DevToolsDataSourceAutoConfiguration'
2025-11-28 16:42:34 [restartedMain] TRACE o.s.b.f.s.DefaultListableBeanFactory - Returning cached instance of singleton bean 'inMemoryDatabaseShutdownExecutor'
2025-11-28 16:42:34 [restartedMain] DEBUG o.s.b.f.s.DefaultListableBeanFactory - Creating shared instance of singleton bean 'org.springframework.boot.devtools.autoconfigure.LocalDevToolsAutoConfiguration$RestartConfiguration'
2025-11-28 16:42:34 [restartedMain] TRACE o.s.b.f.s.DefaultListableBeanFactory - Creating instance of bean 'org.springframework.boot.devtools.autoconfigure.LocalDevToolsAutoConfiguration$RestartConfiguration'
2025-11-28 16:42:34 [restartedMain] TRACE o.s.b.f.s.DefaultListableBeanFactory - Returning cached instance of singleton bean 'org.springframework.transaction.config.internalTransactionAdvisor'
2025-11-28 16:42:34 [restartedMain] DEBUG o.s.b.f.s.DefaultListableBeanFactory - Creating shared instance of singleton bean 'spring.devtools-org.springframework.boot.devtools.autoconfigure.DevToolsProperties'
2025-11-28 16:42:34 [restartedMain] TRACE o.s.b.f.s.DefaultListableBeanFactory - Creating instance of bean 'spring.devtools-org.springframework.boot.devtools.autoconfigure.DevToolsProperties'
2025-11-28 16:42:34 [restartedMain] TRACE o.s.b.f.s.DefaultListableBeanFactory - Returning cached instance of singleton bean 'org.springframework.transaction.config.internalTransactionAdvisor'
2025-11-28 16:42:34 [restartedMain] TRACE o.s.b.f.s.DefaultListableBeanFactory - Returning cached instance of singleton bean 'org.springframework.boot.context.properties.BoundConfigurationProperties'
2025-11-28 16:42:34 [restartedMain] TRACE o.s.b.f.s.DefaultListableBeanFactory - Returning cached instance of singleton bean 'org.springframework.transaction.config.internalTransactionAdvisor'
2025-11-28 16:42:34 [restartedMain] TRACE o.s.b.f.s.DefaultListableBeanFactory - Returning cached instance of singleton bean 'org.springframework.transaction.config.internalTransactionAdvisor'
2025-11-28 16:42:34 [restartedMain] TRACE o.s.b.f.s.DefaultListableBeanFactory - Finished creating instance of bean 'spring.devtools-org.springframework.boot.devtools.autoconfigure.DevToolsProperties'
2025-11-28 16:42:34 [restartedMain] DEBUG o.s.b.f.s.DefaultListableBeanFactory - Autowiring by type from bean name 'org.springframework.boot.devtools.autoconfigure.LocalDevToolsAutoConfiguration$RestartConfiguration' via constructor to bean named 'spring.devtools-org.springframework.boot.devtools.autoconfigure.DevToolsProperties'
2025-11-28 16:42:34 [restartedMain] TRACE o.s.b.f.s.DefaultListableBeanFactory - Returning cached instance of singleton bean 'org.springframework.transaction.config.internalTransactionAdvisor'
2025-11-28 16:42:34 [restartedMain] TRACE o.s.b.f.s.DefaultListableBeanFactory - Returning cached instance of singleton bean 'org.springframework.transaction.config.internalTransactionAdvisor'
2025-11-28 16:42:34 [restartedMain] TRACE o.s.b.f.s.DefaultListableBeanFactory - Finished creating instance of bean 'org.springframework.boot.devtools.autoconfigure.LocalDevToolsAutoConfiguration$RestartConfiguration'
2025-11-28 16:42:34 [restartedMain] DEBUG o.s.b.f.s.DefaultListableBeanFactory - Creating shared instance of singleton bean 'restartingClassPathChangedEventListener'
2025-11-28 16:42:34 [restartedMain] TRACE o.s.b.f.s.DefaultListableBeanFactory - Creating instance of bean 'restartingClassPathChangedEventListener'
2025-11-28 16:42:34 [restartedMain] TRACE o.s.b.f.s.DefaultListableBeanFactory - Returning cached instance of singleton bean 'org.springframework.transaction.config.internalTransactionAdvisor'
2025-11-28 16:42:34 [restartedMain] TRACE o.s.b.f.s.DefaultListableBeanFactory - Returning cached instance of singleton bean 'org.springframework.boot.devtools.autoconfigure.LocalDevToolsAutoConfiguration$RestartConfiguration'
2025-11-28 16:42:34 [restartedMain] DEBUG o.s.b.f.s.DefaultListableBeanFactory - Creating shared instance of singleton bean 'fileSystemWatcherFactory'
2025-11-28 16:42:34 [restartedMain] TRACE o.s.b.f.s.DefaultListableBeanFactory - Creating instance of bean 'fileSystemWatcherFactory'
2025-11-28 16:42:34 [restartedMain] TRACE o.s.b.f.s.DefaultListableBeanFactory - Returning cached instance of singleton bean 'org.springframework.transaction.config.internalTransactionAdvisor'
2025-11-28 16:42:34 [restartedMain] TRACE o.s.b.f.s.DefaultListableBeanFactory - Returning cached instance of singleton bean 'org.springframework.boot.devtools.autoconfigure.LocalDevToolsAutoConfiguration$RestartConfiguration'
2025-11-28 16:42:34 [restartedMain] TRACE o.s.b.f.s.DefaultListableBeanFactory - Returning cached instance of singleton bean 'org.springframework.transaction.config.internalTransactionAdvisor'
2025-11-28 16:42:34 [restartedMain] TRACE o.s.b.f.s.DefaultListableBeanFactory - Returning cached instance of singleton bean 'org.springframework.transaction.config.internalTransactionAdvisor'
2025-11-28 16:42:34 [restartedMain] TRACE o.s.b.f.s.DefaultListableBeanFactory - Finished creating instance of bean 'fileSystemWatcherFactory'
2025-11-28 16:42:34 [restartedMain] DEBUG o.s.b.f.s.DefaultListableBeanFactory - Autowiring by type from bean name 'restartingClassPathChangedEventListener' via factory method to bean named 'fileSystemWatcherFactory'
2025-11-28 16:42:34 [restartedMain] TRACE o.s.b.f.s.DefaultListableBeanFactory - Returning cached instance of singleton bean 'org.springframework.transaction.config.internalTransactionAdvisor'
2025-11-28 16:42:34 [restartedMain] TRACE o.s.b.f.s.DefaultListableBeanFactory - Returning cached instance of singleton bean 'org.springframework.transaction.config.internalTransactionAdvisor'
2025-11-28 16:42:34 [restartedMain] TRACE o.s.b.f.s.DefaultListableBeanFactory - Finished creating instance of bean 'restartingClassPathChangedEventListener'
2025-11-28 16:42:34 [restartedMain] DEBUG o.s.b.f.s.DefaultListableBeanFactory - Creating shared instance of singleton bean 'classPathFileSystemWatcher'
2025-11-28 16:42:34 [restartedMain] TRACE o.s.b.f.s.DefaultListableBeanFactory - Creating instance of bean 'classPathFileSystemWatcher'
2025-11-28 16:42:34 [restartedMain] TRACE o.s.b.f.s.DefaultListableBeanFactory - Returning cached instance of singleton bean 'org.springframework.transaction.config.internalTransactionAdvisor'
2025-11-28 16:42:34 [restartedMain] TRACE o.s.b.f.s.DefaultListableBeanFactory - Returning cached instance of singleton bean 'org.springframework.boot.devtools.autoconfigure.LocalDevToolsAutoConfiguration$RestartConfiguration'
2025-11-28 16:42:34 [restartedMain] TRACE o.s.b.f.s.DefaultListableBeanFactory - Returning cached instance of singleton bean 'fileSystemWatcherFactory'
2025-11-28 16:42:34 [restartedMain] DEBUG o.s.b.f.s.DefaultListableBeanFactory - Creating shared instance of singleton bean 'classPathRestartStrategy'
2025-11-28 16:42:34 [restartedMain] TRACE o.s.b.f.s.DefaultListableBeanFactory - Creating instance of bean 'classPathRestartStrategy'
2025-11-28 16:42:34 [restartedMain] TRACE o.s.b.f.s.DefaultListableBeanFactory - Returning cached instance of singleton bean 'org.springframework.transaction.config.internalTransactionAdvisor'
2025-11-28 16:42:34 [restartedMain] TRACE o.s.b.f.s.DefaultListableBeanFactory - Returning cached instance of singleton bean 'org.springframework.boot.devtools.autoconfigure.LocalDevToolsAutoConfiguration$RestartConfiguration'
2025-11-28 16:42:34 [restartedMain] TRACE o.s.b.f.s.DefaultListableBeanFactory - Returning cached instance of singleton bean 'org.springframework.transaction.config.internalTransactionAdvisor'
2025-11-28 16:42:34 [restartedMain] TRACE o.s.b.f.s.DefaultListableBeanFactory - Returning cached instance of singleton bean 'org.springframework.transaction.config.internalTransactionAdvisor'
2025-11-28 16:42:34 [restartedMain] TRACE o.s.b.f.s.DefaultListableBeanFactory - Finished creating instance of bean 'classPathRestartStrategy'
2025-11-28 16:42:34 [restartedMain] DEBUG o.s.b.f.s.DefaultListableBeanFactory - Autowiring by type from bean name 'classPathFileSystemWatcher' via factory method to bean named 'fileSystemWatcherFactory'
2025-11-28 16:42:34 [restartedMain] DEBUG o.s.b.f.s.DefaultListableBeanFactory - Autowiring by type from bean name 'classPathFileSystemWatcher' via factory method to bean named 'classPathRestartStrategy'
2025-11-28 16:42:34 [restartedMain] TRACE o.s.b.f.s.DefaultListableBeanFactory - Invoking afterPropertiesSet() on bean with name 'classPathFileSystemWatcher'
2025-11-28 16:42:34 [restartedMain] TRACE o.s.b.f.s.DefaultListableBeanFactory - Returning cached instance of singleton bean 'org.springframework.transaction.config.internalTransactionAdvisor'
2025-11-28 16:42:34 [restartedMain] TRACE o.s.b.f.s.DefaultListableBeanFactory - Returning cached instance of singleton bean 'org.springframework.transaction.config.internalTransactionAdvisor'
2025-11-28 16:42:34 [restartedMain] TRACE o.s.b.f.s.DefaultListableBeanFactory - Finished creating instance of bean 'classPathFileSystemWatcher'
2025-11-28 16:42:34 [restartedMain] TRACE o.s.b.f.s.DefaultListableBeanFactory - Returning cached instance of singleton bean 'classPathRestartStrategy'
2025-11-28 16:42:34 [restartedMain] TRACE o.s.b.f.s.DefaultListableBeanFactory - Returning cached instance of singleton bean 'fileSystemWatcherFactory'
2025-11-28 16:42:34 [restartedMain] DEBUG o.s.b.f.s.DefaultListableBeanFactory - Creating shared instance of singleton bean 'conditionEvaluationDeltaLoggingListener'
2025-11-28 16:42:34 [restartedMain] TRACE o.s.b.f.s.DefaultListableBeanFactory - Creating instance of bean 'conditionEvaluationDeltaLoggingListener'
2025-11-28 16:42:34 [restartedMain] TRACE o.s.b.f.s.DefaultListableBeanFactory - Returning cached instance of singleton bean 'org.springframework.transaction.config.internalTransactionAdvisor'
2025-11-28 16:42:34 [restartedMain] TRACE o.s.b.f.s.DefaultListableBeanFactory - Returning cached instance of singleton bean 'org.springframework.boot.devtools.autoconfigure.LocalDevToolsAutoConfiguration$RestartConfiguration'
2025-11-28 16:42:34 [restartedMain] TRACE o.s.b.f.s.DefaultListableBeanFactory - Returning cached instance of singleton bean 'org.springframework.transaction.config.internalTransactionAdvisor'
2025-11-28 16:42:34 [restartedMain] TRACE o.s.b.f.s.DefaultListableBeanFactory - Returning cached instance of singleton bean 'org.springframework.transaction.config.internalTransactionAdvisor'
2025-11-28 16:42:34 [restartedMain] TRACE o.s.b.f.s.DefaultListableBeanFactory - Finished creating instance of bean 'conditionEvaluationDeltaLoggingListener'
2025-11-28 16:42:34 [restartedMain] DEBUG o.s.b.f.s.DefaultListableBeanFactory - Creating shared instance of singleton bean 'org.springframework.boot.devtools.autoconfigure.LocalDevToolsAutoConfiguration$LiveReloadConfiguration'
2025-11-28 16:42:34 [restartedMain] TRACE o.s.b.f.s.DefaultListableBeanFactory - Creating instance of bean 'org.springframework.boot.devtools.autoconfigure.LocalDevToolsAutoConfiguration$LiveReloadConfiguration'
2025-11-28 16:42:34 [restartedMain] TRACE o.s.b.f.s.DefaultListableBeanFactory - Returning cached instance of singleton bean 'org.springframework.transaction.config.internalTransactionAdvisor'
2025-11-28 16:42:34 [restartedMain] TRACE o.s.b.f.s.DefaultListableBeanFactory - Returning cached instance of singleton bean 'org.springframework.transaction.config.internalTransactionAdvisor'
2025-11-28 16:42:34 [restartedMain] TRACE o.s.b.f.s.DefaultListableBeanFactory - Returning cached instance of singleton bean 'org.springframework.transaction.config.internalTransactionAdvisor'
2025-11-28 16:42:34 [restartedMain] TRACE o.s.b.f.s.DefaultListableBeanFactory - Finished creating instance of bean 'org.springframework.boot.devtools.autoconfigure.LocalDevToolsAutoConfiguration$LiveReloadConfiguration'
2025-11-28 16:42:34 [restartedMain] DEBUG o.s.b.f.s.DefaultListableBeanFactory - Creating shared instance of singleton bean 'optionalLiveReloadServer'
2025-11-28 16:42:34 [restartedMain] TRACE o.s.b.f.s.DefaultListableBeanFactory - Creating instance of bean 'optionalLiveReloadServer'
2025-11-28 16:42:34 [restartedMain] TRACE o.s.b.f.s.DefaultListableBeanFactory - Returning cached instance of singleton bean 'org.springframework.transaction.config.internalTransactionAdvisor'
2025-11-28 16:42:34 [restartedMain] TRACE o.s.b.f.s.DefaultListableBeanFactory - Returning cached instance of singleton bean 'org.springframework.boot.devtools.autoconfigure.LocalDevToolsAutoConfiguration$LiveReloadConfiguration'
2025-11-28 16:42:34 [restartedMain] TRACE o.s.b.f.s.DefaultListableBeanFactory - Creating instance of bean 'liveReloadServer'
2025-11-28 16:42:34 [restartedMain] TRACE o.s.b.f.s.DefaultListableBeanFactory - Returning cached instance of singleton bean 'org.springframework.transaction.config.internalTransactionAdvisor'
2025-11-28 16:42:34 [restartedMain] TRACE o.s.b.f.s.DefaultListableBeanFactory - Returning cached instance of singleton bean 'org.springframework.boot.devtools.autoconfigure.LocalDevToolsAutoConfiguration$LiveReloadConfiguration'
2025-11-28 16:42:34 [restartedMain] TRACE o.s.b.f.s.DefaultListableBeanFactory - Returning cached instance of singleton bean 'spring.devtools-org.springframework.boot.devtools.autoconfigure.DevToolsProperties'
2025-11-28 16:42:34 [restartedMain] DEBUG o.s.b.f.s.DefaultListableBeanFactory - Autowiring by type from bean name 'liveReloadServer' via factory method to bean named 'spring.devtools-org.springframework.boot.devtools.autoconfigure.DevToolsProperties'
2025-11-28 16:42:34 [restartedMain] TRACE o.s.b.f.s.DefaultListableBeanFactory - Returning cached instance of singleton bean 'org.springframework.transaction.config.internalTransactionAdvisor'
2025-11-28 16:42:34 [restartedMain] TRACE o.s.b.f.s.DefaultListableBeanFactory - Returning cached instance of singleton bean 'org.springframework.transaction.config.internalTransactionAdvisor'
2025-11-28 16:42:34 [restartedMain] TRACE o.s.b.f.s.DefaultListableBeanFactory - Finished creating instance of bean 'liveReloadServer'
2025-11-28 16:42:34 [restartedMain] DEBUG o.s.b.f.s.DefaultListableBeanFactory - Autowiring by type from bean name 'optionalLiveReloadServer' via factory method to bean named 'liveReloadServer'
2025-11-28 16:42:34 [restartedMain] TRACE o.s.b.f.s.DefaultListableBeanFactory - Invoking afterPropertiesSet() on bean with name 'optionalLiveReloadServer'
2025-11-28 16:42:34 [restartedMain] INFO  o.s.b.d.a.OptionalLiveReloadServer - LiveReload server is running on port 35729
2025-11-28 16:42:34 [restartedMain] TRACE o.s.b.f.s.DefaultListableBeanFactory - Returning cached instance of singleton bean 'org.springframework.transaction.config.internalTransactionAdvisor'
2025-11-28 16:42:34 [restartedMain] TRACE o.s.b.f.s.DefaultListableBeanFactory - Returning cached instance of singleton bean 'org.springframework.transaction.config.internalTransactionAdvisor'
2025-11-28 16:42:34 [restartedMain] TRACE o.s.b.f.s.DefaultListableBeanFactory - Finished creating instance of bean 'optionalLiveReloadServer'
2025-11-28 16:42:34 [restartedMain] DEBUG o.s.b.f.s.DefaultListableBeanFactory - Creating shared instance of singleton bean 'liveReloadServerEventListener'
2025-11-28 16:42:34 [restartedMain] TRACE o.s.b.f.s.DefaultListableBeanFactory - Creating instance of bean 'liveReloadServerEventListener'
2025-11-28 16:42:34 [restartedMain] TRACE o.s.b.f.s.DefaultListableBeanFactory - Returning cached instance of singleton bean 'org.springframework.transaction.config.internalTransactionAdvisor'
2025-11-28 16:42:34 [restartedMain] TRACE o.s.b.f.s.DefaultListableBeanFactory - Returning cached instance of singleton bean 'org.springframework.boot.devtools.autoconfigure.LocalDevToolsAutoConfiguration$LiveReloadConfiguration'
2025-11-28 16:42:34 [restartedMain] TRACE o.s.b.f.s.DefaultListableBeanFactory - Returning cached instance of singleton bean 'optionalLiveReloadServer'
2025-11-28 16:42:34 [restartedMain] DEBUG o.s.b.f.s.DefaultListableBeanFactory - Autowiring by type from bean name 'liveReloadServerEventListener' via factory method to bean named 'optionalLiveReloadServer'
2025-11-28 16:42:34 [restartedMain] TRACE o.s.b.f.s.DefaultListableBeanFactory - Returning cached instance of singleton bean 'org.springframework.transaction.config.internalTransactionAdvisor'
2025-11-28 16:42:34 [restartedMain] TRACE o.s.b.f.s.DefaultListableBeanFactory - Returning cached instance of singleton bean 'org.springframework.transaction.config.internalTransactionAdvisor'
2025-11-28 16:42:34 [restartedMain] TRACE o.s.b.f.s.DefaultListableBeanFactory - Finished creating instance of bean 'liveReloadServerEventListener'
2025-11-28 16:42:34 [restartedMain] DEBUG o.s.b.f.s.DefaultListableBeanFactory - Creating shared instance of singleton bean 'org.springframework.boot.devtools.autoconfigure.LocalDevToolsAutoConfiguration'
2025-11-28 16:42:34 [restartedMain] TRACE o.s.b.f.s.DefaultListableBeanFactory - Creating instance of bean 'org.springframework.boot.devtools.autoconfigure.LocalDevToolsAutoConfiguration'
2025-11-28 16:42:34 [restartedMain] TRACE o.s.b.f.s.DefaultListableBeanFactory - Returning cached instance of singleton bean 'org.springframework.transaction.config.internalTransactionAdvisor'
2025-11-28 16:42:34 [restartedMain] TRACE o.s.b.f.s.DefaultListableBeanFactory - Returning cached instance of singleton bean 'org.springframework.transaction.config.internalTransactionAdvisor'
2025-11-28 16:42:34 [restartedMain] TRACE o.s.b.f.s.DefaultListableBeanFactory - Returning cached instance of singleton bean 'org.springframework.transaction.config.internalTransactionAdvisor'
2025-11-28 16:42:34 [restartedMain] TRACE o.s.b.f.s.DefaultListableBeanFactory - Finished creating instance of bean 'org.springframework.boot.devtools.autoconfigure.LocalDevToolsAutoConfiguration'
2025-11-28 16:42:34 [restartedMain] TRACE o.s.b.f.s.DefaultListableBeanFactory - Returning cached instance of singleton bean 'spring.devtools-org.springframework.boot.devtools.autoconfigure.DevToolsProperties'
2025-11-28 16:42:34 [restartedMain] TRACE o.s.b.f.s.DefaultListableBeanFactory - Returning cached instance of singleton bean 'mvcHandlerMappingIntrospectorRequestTransformer'
2025-11-28 16:42:34 [restartedMain] TRACE o.s.b.f.s.DefaultListableBeanFactory - Returning cached instance of singleton bean 'springSecurityFilterChain'
2025-11-28 16:42:34 [restartedMain] TRACE o.s.b.f.s.DefaultListableBeanFactory - Returning cached instance of singleton bean 'dataSource'
2025-11-28 16:42:34 [restartedMain] TRACE o.s.b.f.s.DefaultListableBeanFactory - Returning cached instance of singleton bean 'dataSource'
2025-11-28 16:42:34 [restartedMain] TRACE o.s.b.f.s.DefaultListableBeanFactory - Returning cached instance of singleton bean 'lifecycleProcessor'
2025-11-28 16:42:34 [restartedMain] TRACE o.s.b.f.s.DefaultListableBeanFactory - Returning cached instance of singleton bean 'applicationTaskExecutor'
2025-11-28 16:42:34 [restartedMain] TRACE o.s.b.f.s.DefaultListableBeanFactory - Returning cached instance of singleton bean 'lifecycleProcessor'
2025-11-28 16:42:34 [restartedMain] TRACE o.s.b.f.s.DefaultListableBeanFactory - Returning cached instance of singleton bean 'springBootLoggingLifecycle'
2025-11-28 16:42:34 [restartedMain] TRACE o.s.b.f.s.DefaultListableBeanFactory - Returning cached instance of singleton bean 'webServerGracefulShutdown'
2025-11-28 16:42:34 [restartedMain] TRACE o.s.b.f.s.DefaultListableBeanFactory - Returning cached instance of singleton bean 'webServerStartStop'
2025-11-28 16:42:34 [restartedMain] INFO  o.a.coyote.http11.Http11NioProtocol - Starting ProtocolHandler ["http-nio-8080"]
2025-11-28 16:42:34 [restartedMain] INFO  o.s.b.w.e.tomcat.TomcatWebServer - Tomcat started on port 8080 (http) with context path '/'
2025-11-28 16:42:34 [restartedMain] TRACE o.s.b.f.s.DefaultListableBeanFactory - Returning cached instance of singleton bean 'delegatingApplicationListener'
2025-11-28 16:42:34 [restartedMain] TRACE o.s.b.f.s.DefaultListableBeanFactory - Returning cached instance of singleton bean 'springApplicationAdminRegistrar'
2025-11-28 16:42:34 [restartedMain] TRACE o.s.b.f.s.DefaultListableBeanFactory - Returning cached instance of singleton bean 'liveReloadServerEventListener'
2025-11-28 16:42:34 [restartedMain] TRACE o.s.b.f.s.DefaultListableBeanFactory - Returning cached instance of singleton bean 'org.springframework.boot.autoconfigure.internalCachingMetadataReaderFactory'
2025-11-28 16:42:34 [restartedMain] TRACE o.s.b.f.s.DefaultListableBeanFactory - Returning cached instance of singleton bean 'delegatingApplicationListener'
2025-11-28 16:42:34 [restartedMain] TRACE o.s.b.f.s.DefaultListableBeanFactory - Returning cached instance of singleton bean 'mvcResourceUrlProvider'
2025-11-28 16:42:34 [restartedMain] TRACE o.s.b.f.s.DefaultListableBeanFactory - Returning cached instance of singleton bean 'springApplicationAdminRegistrar'
2025-11-28 16:42:34 [restartedMain] TRACE o.s.b.f.s.DefaultListableBeanFactory - Returning cached instance of singleton bean 'liveReloadServerEventListener'
2025-11-28 16:42:34 [restartedMain] TRACE o.s.b.f.s.DefaultListableBeanFactory - Returning cached instance of singleton bean 'welcomePageHandlerMapping'
2025-11-28 16:42:34 [restartedMain] TRACE o.s.b.f.s.DefaultListableBeanFactory - Returning cached instance of singleton bean 'welcomePageNotAcceptableHandlerMapping'
2025-11-28 16:42:34 [restartedMain] TRACE o.s.b.f.s.DefaultListableBeanFactory - Returning cached instance of singleton bean 'requestMappingHandlerMapping'
2025-11-28 16:42:34 [restartedMain] TRACE o.s.b.f.s.DefaultListableBeanFactory - Returning cached instance of singleton bean 'viewControllerHandlerMapping'
2025-11-28 16:42:34 [restartedMain] TRACE o.s.b.f.s.DefaultListableBeanFactory - Returning cached instance of singleton bean 'beanNameHandlerMapping'
2025-11-28 16:42:34 [restartedMain] TRACE o.s.b.f.s.DefaultListableBeanFactory - Returning cached instance of singleton bean 'routerFunctionMapping'
2025-11-28 16:42:34 [restartedMain] TRACE o.s.b.f.s.DefaultListableBeanFactory - Returning cached instance of singleton bean 'resourceHandlerMapping'
2025-11-28 16:42:34 [restartedMain] TRACE o.s.b.f.s.DefaultListableBeanFactory - Returning cached instance of singleton bean 'defaultServletHandlerMapping'
2025-11-28 16:42:34 [restartedMain] INFO  m.s.MovieRecommendationSystemApplication - Started MovieRecommendationSystemApplication in 8.385 seconds (process running for 9.454)
2025-11-28 16:42:34 [restartedMain] TRACE o.s.b.f.s.DefaultListableBeanFactory - Returning cached instance of singleton bean 'delegatingApplicationListener'
2025-11-28 16:42:34 [restartedMain] TRACE o.s.b.f.s.DefaultListableBeanFactory - Returning cached instance of singleton bean 'springApplicationAdminRegistrar'
2025-11-28 16:42:34 [restartedMain] TRACE o.s.b.f.s.DefaultListableBeanFactory - Returning cached instance of singleton bean 'liveReloadServerEventListener'
2025-11-28 16:42:34 [restartedMain] TRACE o.s.b.f.s.DefaultListableBeanFactory - Returning cached instance of singleton bean 'delegatingApplicationListener'
2025-11-28 16:42:34 [restartedMain] TRACE o.s.b.f.s.DefaultListableBeanFactory - Returning cached instance of singleton bean 'springApplicationAdminRegistrar'
2025-11-28 16:42:34 [restartedMain] TRACE o.s.b.f.s.DefaultListableBeanFactory - Returning cached instance of singleton bean 'applicationAvailability'
2025-11-28 16:42:34 [restartedMain] TRACE o.s.b.f.s.DefaultListableBeanFactory - Returning cached instance of singleton bean 'liveReloadServerEventListener'
2025-11-28 16:42:35 [restartedMain] TRACE o.s.b.f.s.DefaultListableBeanFactory - Returning cached instance of singleton bean 'delegatingApplicationListener'
2025-11-28 16:42:35 [restartedMain] TRACE o.s.b.f.s.DefaultListableBeanFactory - Returning cached instance of singleton bean 'springApplicationAdminRegistrar'
2025-11-28 16:42:35 [restartedMain] TRACE o.s.b.f.s.DefaultListableBeanFactory - Returning cached instance of singleton bean 'conditionEvaluationDeltaLoggingListener'
2025-11-28 16:42:35 [restartedMain] TRACE o.s.b.f.s.DefaultListableBeanFactory - Returning cached instance of singleton bean 'liveReloadServerEventListener'
2025-11-28 16:42:35 [restartedMain] TRACE o.s.b.f.s.DefaultListableBeanFactory - Returning cached instance of singleton bean 'autoConfigurationReport'
2025-11-28 16:42:35 [restartedMain] TRACE o.s.b.f.s.DefaultListableBeanFactory - Returning cached instance of singleton bean 'delegatingApplicationListener'
2025-11-28 16:42:35 [restartedMain] TRACE o.s.b.f.s.DefaultListableBeanFactory - Returning cached instance of singleton bean 'springApplicationAdminRegistrar'
2025-11-28 16:42:35 [restartedMain] TRACE o.s.b.f.s.DefaultListableBeanFactory - Returning cached instance of singleton bean 'applicationAvailability'
2025-11-28 16:42:35 [restartedMain] TRACE o.s.b.f.s.DefaultListableBeanFactory - Returning cached instance of singleton bean 'liveReloadServerEventListener'
2025-11-28 16:43:29 [http-nio-8080-exec-1] INFO  o.a.c.c.C.[Tomcat].[localhost].[/] - Initializing Spring DispatcherServlet 'dispatcherServlet'
2025-11-28 16:43:29 [http-nio-8080-exec-1] INFO  o.s.web.servlet.DispatcherServlet - Initializing Servlet 'dispatcherServlet'
2025-11-28 16:43:29 [http-nio-8080-exec-1] TRACE o.s.b.f.s.DefaultListableBeanFactory - Returning cached instance of singleton bean 'multipartResolver'
2025-11-28 16:43:29 [http-nio-8080-exec-1] DEBUG o.s.web.servlet.DispatcherServlet - Detected StandardServletMultipartResolver
2025-11-28 16:43:29 [http-nio-8080-exec-1] TRACE o.s.b.f.s.DefaultListableBeanFactory - Returning cached instance of singleton bean 'localeResolver'
2025-11-28 16:43:29 [http-nio-8080-exec-1] DEBUG o.s.web.servlet.DispatcherServlet - Detected AcceptHeaderLocaleResolver
2025-11-28 16:43:29 [http-nio-8080-exec-1] TRACE o.s.b.f.s.DefaultListableBeanFactory - Returning cached instance of singleton bean 'themeResolver'
2025-11-28 16:43:29 [http-nio-8080-exec-1] DEBUG o.s.web.servlet.DispatcherServlet - Detected FixedThemeResolver
2025-11-28 16:43:29 [http-nio-8080-exec-1] TRACE o.s.b.f.s.DefaultListableBeanFactory - Returning cached instance of singleton bean 'welcomePageHandlerMapping'
2025-11-28 16:43:29 [http-nio-8080-exec-1] TRACE o.s.b.f.s.DefaultListableBeanFactory - Returning cached instance of singleton bean 'welcomePageNotAcceptableHandlerMapping'
2025-11-28 16:43:29 [http-nio-8080-exec-1] TRACE o.s.b.f.s.DefaultListableBeanFactory - Returning cached instance of singleton bean 'requestMappingHandlerMapping'
2025-11-28 16:43:29 [http-nio-8080-exec-1] TRACE o.s.b.f.s.DefaultListableBeanFactory - Returning cached instance of singleton bean 'viewControllerHandlerMapping'
2025-11-28 16:43:29 [http-nio-8080-exec-1] TRACE o.s.b.f.s.DefaultListableBeanFactory - Returning cached instance of singleton bean 'beanNameHandlerMapping'
2025-11-28 16:43:29 [http-nio-8080-exec-1] TRACE o.s.b.f.s.DefaultListableBeanFactory - Returning cached instance of singleton bean 'routerFunctionMapping'
2025-11-28 16:43:29 [http-nio-8080-exec-1] TRACE o.s.b.f.s.DefaultListableBeanFactory - Returning cached instance of singleton bean 'resourceHandlerMapping'
2025-11-28 16:43:29 [http-nio-8080-exec-1] TRACE o.s.b.f.s.DefaultListableBeanFactory - Returning cached instance of singleton bean 'defaultServletHandlerMapping'
2025-11-28 16:43:29 [http-nio-8080-exec-1] TRACE o.s.b.f.s.DefaultListableBeanFactory - Returning cached instance of singleton bean 'requestMappingHandlerAdapter'
2025-11-28 16:43:29 [http-nio-8080-exec-1] TRACE o.s.b.f.s.DefaultListableBeanFactory - Returning cached instance of singleton bean 'handlerFunctionAdapter'
2025-11-28 16:43:29 [http-nio-8080-exec-1] TRACE o.s.b.f.s.DefaultListableBeanFactory - Returning cached instance of singleton bean 'httpRequestHandlerAdapter'
2025-11-28 16:43:29 [http-nio-8080-exec-1] TRACE o.s.b.f.s.DefaultListableBeanFactory - Returning cached instance of singleton bean 'simpleControllerHandlerAdapter'
2025-11-28 16:43:29 [http-nio-8080-exec-1] TRACE o.s.b.f.s.DefaultListableBeanFactory - Returning cached instance of singleton bean 'errorAttributes'
2025-11-28 16:43:29 [http-nio-8080-exec-1] TRACE o.s.b.f.s.DefaultListableBeanFactory - Returning cached instance of singleton bean 'handlerExceptionResolver'
2025-11-28 16:43:29 [http-nio-8080-exec-1] TRACE o.s.b.f.s.DefaultListableBeanFactory - Returning cached instance of singleton bean 'viewNameTranslator'
2025-11-28 16:43:29 [http-nio-8080-exec-1] DEBUG o.s.web.servlet.DispatcherServlet - Detected org.springframework.web.servlet.view.DefaultRequestToViewNameTranslator@64d3d3dc
2025-11-28 16:43:29 [http-nio-8080-exec-1] TRACE o.s.b.f.s.DefaultListableBeanFactory - Returning cached instance of singleton bean 'beanNameViewResolver'
2025-11-28 16:43:29 [http-nio-8080-exec-1] TRACE o.s.b.f.s.DefaultListableBeanFactory - Returning cached instance of singleton bean 'mvcViewResolver'
2025-11-28 16:43:29 [http-nio-8080-exec-1] TRACE o.s.b.f.s.DefaultListableBeanFactory - Returning cached instance of singleton bean 'defaultViewResolver'
2025-11-28 16:43:29 [http-nio-8080-exec-1] TRACE o.s.b.f.s.DefaultListableBeanFactory - Returning cached instance of singleton bean 'viewResolver'
2025-11-28 16:43:29 [http-nio-8080-exec-1] TRACE o.s.b.f.s.DefaultListableBeanFactory - Returning cached instance of singleton bean 'flashMapManager'
2025-11-28 16:43:29 [http-nio-8080-exec-1] DEBUG o.s.web.servlet.DispatcherServlet - Detected org.springframework.web.servlet.support.SessionFlashMapManager@2641b999
2025-11-28 16:43:29 [http-nio-8080-exec-1] DEBUG o.s.web.servlet.DispatcherServlet - enableLoggingRequestDetails='false': request parameters and headers will be masked to prevent unsafe logging of potentially sensitive data
2025-11-28 16:43:29 [http-nio-8080-exec-1] INFO  o.s.web.servlet.DispatcherServlet - Completed initialization in 8 ms
2025-11-28 16:43:29 [http-nio-8080-exec-1] TRACE o.s.b.f.s.DefaultListableBeanFactory - Returning cached instance of singleton bean 'springSecurityFilterChain'
2025-11-28 16:43:29 [http-nio-8080-exec-1] TRACE o.s.b.f.s.DefaultListableBeanFactory - Returning cached instance of singleton bean 'delegatingApplicationListener'
2025-11-28 16:43:29 [http-nio-8080-exec-1] TRACE o.s.b.f.s.DefaultListableBeanFactory - Returning cached instance of singleton bean 'springApplicationAdminRegistrar'
2025-11-28 16:43:29 [http-nio-8080-exec-1] TRACE o.s.b.f.s.DefaultListableBeanFactory - Returning cached instance of singleton bean 'liveReloadServerEventListener'
2025-11-28 16:43:29 [http-nio-8080-exec-1] TRACE o.s.b.f.s.DefaultListableBeanFactory - Returning cached instance of singleton bean 'basicErrorController'
2025-11-28 16:43:29 [http-nio-8080-exec-2] TRACE o.s.b.f.s.DefaultListableBeanFactory - Returning cached instance of singleton bean 'basicErrorController'
